2026-09-14 11:07:18,452 INFO Salesforce API budget: 14999/15000 daily requests remaining
2026-09-14 11:07:19,381 INFO discovered 1126 queryable objects in the org
2026-09-14 11:07:19,434 INFO [1/1126] AIApplication
2026-09-14 11:07:20,257 INFO querying AIApplication incrementally since 2000-01-01T00:00:00Z
2026-09-14 11:07:21,739 INFO [2/1126] AIApplicationConfig
2026-09-14 11:07:22,377 INFO querying AIApplicationConfig incrementally since 2000-01-01T00:00:00Z
2026-09-14 11:07:22,951 INFO [3/1126] AIInsightAction
2026-09-14 11:07:23,776 INFO querying AIInsightAction incrementally since 2000-01-01T00:00:00Z
2026-09-14 11:07:24,388 INFO [4/1126] AIInsightFeedback
2026-09-14 11:07:24,860 INFO querying AIInsightFeedback incrementally since 2000-01-01T00:00:00Z
2026-09-14 11:07:25,749 INFO [5/1126] AIInsightReason
2026-09-14 11:07:26,307 INFO querying AIInsightReason incrementally since 2000-01-01T00:00:00Z
2026-09-14 11:07:26,897 INFO [6/1126] AIInsightValue
2026-09-14 11:07:28,820 INFO querying AIInsightValue incrementally since 2000-01-01T00:00:00Z
2026-09-14 11:07:29,547 INFO [7/1126] AIRecordInsight
2026-09-14 11:07:31,535 INFO querying AIRecordInsight incrementally since 2000-01-01T00:00:00Z
2026-09-14 11:07:32,103 INFO [8/1126] AIScoringModelDefVersion
2026-09-14 11:07:32,537 INFO querying AIScoringModelDefVersion incrementally since 2000-01-01T00:00:00Z
2026-09-14 11:07:33,071 INFO [9/1126] AIScoringModelDefinition
2026-09-14 11:07:33,661 INFO querying AIScoringModelDefinition incrementally since 2000-01-01T00:00:00Z
2026-09-14 11:07:34,176 INFO [10/1126] AIScoringStep
2026-09-14 11:07:34,779 INFO querying AIScoringStep incrementally since 2000-01-01T00:00:00Z
2026-09-14 11:07:35,358 INFO [11/1126] AcceptedEventRelation
2026-09-14 11:07:35,837 INFO querying AcceptedEventRelation incrementally since 2000-01-01T00:00:00Z
2026-09-14 11:07:36,377 INFO [12/1126] Account
2026-09-14 11:07:37,513 INFO querying Account incrementally since 2000-01-01T00:00:00Z
2026-09-14 11:07:38,543 INFO [13/1126] AccountCleanInfo
2026-09-14 11:07:39,357 INFO querying AccountCleanInfo incrementally since 2000-01-01T00:00:00Z
2026-09-14 11:07:39,934 INFO [14/1126] AccountContactRole
2026-09-14 11:07:40,407 INFO querying AccountContactRole incrementally since 2000-01-01T00:00:00Z
2026-09-14 11:07:40,957 INFO [15/1126] AccountFeed
2026-09-14 11:07:41,622 INFO querying AccountFeed incrementally since 2000-01-01T00:00:00Z
2026-09-14 11:07:42,167 INFO [16/1126] AccountHistory
2026-09-14 11:07:42,537 INFO querying AccountHistory (full)
2026-09-14 11:07:42,967 INFO [17/1126] AccountPartner
2026-09-14 11:07:43,437 INFO querying AccountPartner incrementally since 2000-01-01T00:00:00Z
2026-09-14 11:07:43,937 INFO [18/1126] AccountShare
2026-09-14 11:07:44,482 INFO querying AccountShare incrementally since 2000-01-01T00:00:00Z
2026-09-14 11:07:45,077 INFO [19/1126] ActionLinkGroupTemplate
2026-09-14 11:07:45,527 INFO querying ActionLinkGroupTemplate incrementally since 2000-01-01T00:00:00Z
2026-09-14 11:07:46,095 INFO [20/1126] ActionLinkTemplate
2026-09-14 11:07:46,596 INFO querying ActionLinkTemplate incrementally since 2000-01-01T00:00:00Z
2026-09-14 11:07:47,140 INFO [21/1126] ActivationTarget
2026-09-14 11:07:47,658 INFO querying ActivationTarget incrementally since 2000-01-01T00:00:00Z
2026-09-14 11:07:48,177 INFO [22/1126] ActivationTargetFeed
2026-09-14 11:07:48,655 INFO querying ActivationTargetFeed incrementally since 2000-01-01T00:00:00Z
2026-09-14 11:07:49,199 INFO [23/1126] ActivationTargetHistory
2026-09-14 11:07:49,618 INFO querying ActivationTargetHistory (full)
2026-09-14 11:07:50,011 INFO [24/1126] ActivationTargetPlatform
2026-09-14 11:07:50,477 INFO querying ActivationTargetPlatform incrementally since 2000-01-01T00:00:00Z
2026-09-14 11:07:51,017 INFO [25/1126] ActivationTargetPlatformHistory
2026-09-14 11:07:52,085 INFO querying ActivationTargetPlatformHistory (full)
2026-09-14 11:07:52,492 INFO [26/1126] ActivationTargetPlatformShare
2026-09-14 11:07:52,988 INFO querying ActivationTargetPlatformShare incrementally since 2000-01-01T00:00:00Z
2026-09-14 11:07:53,740 INFO [27/1126] ActivationTargetSecureFTP
2026-09-14 11:07:54,237 INFO querying ActivationTargetSecureFTP incrementally since 2000-01-01T00:00:00Z
2026-09-14 11:07:54,801 INFO [28/1126] ActivationTargetShare
2026-09-14 11:07:55,245 INFO querying ActivationTargetShare incrementally since 2000-01-01T00:00:00Z
2026-09-14 11:07:55,767 INFO [29/1126] ActivationTrgtIntOrgAccess
2026-09-14 11:07:56,397 INFO querying ActivationTrgtIntOrgAccess incrementally since 2000-01-01T00:00:00Z
2026-09-14 11:07:56,957 INFO [30/1126] ActivationTrgtIntOrgAccessFeed
2026-09-14 11:07:57,397 INFO querying ActivationTrgtIntOrgAccessFeed incrementally since 2000-01-01T00:00:00Z
2026-09-14 11:07:57,955 INFO [31/1126] ActivationTrgtIntOrgAccessHistory
2026-09-14 11:07:58,321 INFO querying ActivationTrgtIntOrgAccessHistory (full)
2026-09-14 11:07:58,715 INFO [32/1126] ActivationTrgtIntOrgAccessShare
2026-09-14 11:07:59,997 INFO querying ActivationTrgtIntOrgAccessShare incrementally since 2000-01-01T00:00:00Z
2026-09-14 11:08:00,622 INFO [33/1126] ActiveFeatureLicenseMetric
2026-09-14 11:08:00,988 INFO querying ActiveFeatureLicenseMetric (full)
2026-09-14 11:08:01,571 INFO [34/1126] ActivePermSetLicenseMetric
2026-09-14 11:08:01,960 INFO querying ActivePermSetLicenseMetric (full)
2026-09-14 11:08:02,699 INFO [35/1126] ActiveProfileMetric
2026-09-14 11:08:03,269 INFO querying ActiveProfileMetric (full)
2026-09-14 11:08:03,769 INFO [36/1126] ActivityFieldHistory
2026-09-14 11:08:04,257 INFO querying ActivityFieldHistory incrementally since 2000-01-01T00:00:00Z
2026-09-14 11:08:04,637 ERROR failed to load ActivityFieldHistory, skipping and continuing with the rest
Traceback (most recent call last):
  File "C:\Users\thecl\AppData\Local\Packages\PythonSoftwareFoundation.Python.3.11_qbz5n2kfra8p0\LocalCache\local-packages\Python311\site-packages\dlt\extract\pipe_iterator.py", line 274, in _get_source_item
    pipe_item = next(gen)
                ^^^^^^^^^
  File "C:\Users\thecl\OneDrive\Desktop\creditflow-data-warehouse\etl\salesforce_pipeline.py", line 140, in _resource
    for batch in paged_records(sf, soql):
  File "C:\Users\thecl\OneDrive\Desktop\creditflow-data-warehouse\etl\salesforce_pipeline.py", line 122, in paged_records
    for record in run_query_page(sf, soql):
  File "C:\Users\thecl\AppData\Local\Packages\PythonSoftwareFoundation.Python.3.11_qbz5n2kfra8p0\LocalCache\local-packages\Python311\site-packages\simple_salesforce\api.py", line 634, in query_all_iter
    result = self.query(query,
             ^^^^^^^^^^^^^^^^^
  File "C:\Users\thecl\AppData\Local\Packages\PythonSoftwareFoundation.Python.3.11_qbz5n2kfra8p0\LocalCache\local-packages\Python311\site-packages\simple_salesforce\api.py", line 568, in query
    result = self._call_salesforce('GET',
             ^^^^^^^^^^^^^^^^^^^^^^^^^^^^
  File "C:\Users\thecl\AppData\Local\Packages\PythonSoftwareFoundation.Python.3.11_qbz5n2kfra8p0\LocalCache\local-packages\Python311\site-packages\simple_salesforce\api.py", line 787, in _call_salesforce
    exception_handler(result,
  File "C:\Users\thecl\AppData\Local\Packages\PythonSoftwareFoundation.Python.3.11_qbz5n2kfra8p0\LocalCache\local-packages\Python311\site-packages\simple_salesforce\util.py", line 89, in exception_handler
    raise exc_cls(result.url, result.status_code, name, response_content)
simple_salesforce.exceptions.SalesforceMalformedRequest: Malformed request https://orgfarm-568b3bcb1a-dev-ed.develop.my.salesforce.com/services/data/v59.0/query/?q=SELECT+Id%2C+CreatedById%2C+CreatedDate%2C+LastModifiedById%2C+LastModifiedDate%2C+SystemModstamp%2C+ActivityId%2C+ChangedDate%2C+ChangedById%2C+FieldName%2C+DataType%2C+Operation%2C+IsDataAvailable%2C+OldValueDateTime%2C+NewValueDateTime%2C+OldValueNumber%2C+NewValueNumber%2C+OldValueText%2C+NewValueText+FROM+ActivityFieldHistory+WHERE+LastModifiedDate+%3E+2000-01-01T00%3A00%3A00Z. Response content: [{'message': "\nFROM ActivityFieldHistory WHERE LastModifiedDate > 2000-01-01T00:00:00Z\n                                ^\nERROR at Row:1:Column:304\nfield 'LastModifiedDate' can not be filtered in a query call", 'errorCode': 'INVALID_FIELD'}]

The above exception was the direct cause of the following exception:

Traceback (most recent call last):
  File "C:\Users\thecl\AppData\Local\Packages\PythonSoftwareFoundation.Python.3.11_qbz5n2kfra8p0\LocalCache\local-packages\Python311\site-packages\dlt\pipeline\pipeline.py", line 507, in extract
    self._extract_source(
  File "C:\Users\thecl\AppData\Local\Packages\PythonSoftwareFoundation.Python.3.11_qbz5n2kfra8p0\LocalCache\local-packages\Python311\site-packages\dlt\pipeline\pipeline.py", line 1661, in _extract_source
    load_id = extract.extract(
              ^^^^^^^^^^^^^^^^
  File "C:\Users\thecl\AppData\Local\Packages\PythonSoftwareFoundation.Python.3.11_qbz5n2kfra8p0\LocalCache\local-packages\Python311\site-packages\dlt\extract\extract.py", line 608, in extract
    self._extract_single_source(
  File "C:\Users\thecl\AppData\Local\Packages\PythonSoftwareFoundation.Python.3.11_qbz5n2kfra8p0\LocalCache\local-packages\Python311\site-packages\dlt\extract\extract.py", line 525, in _extract_single_source
    for pipe_item in pipes:
  File "C:\Users\thecl\AppData\Local\Packages\PythonSoftwareFoundation.Python.3.11_qbz5n2kfra8p0\LocalCache\local-packages\Python311\site-packages\dlt\extract\pipe_iterator.py", line 158, in __next__
    pipe_item = self._get_source_item()
                ^^^^^^^^^^^^^^^^^^^^^^^
  File "C:\Users\thecl\AppData\Local\Packages\PythonSoftwareFoundation.Python.3.11_qbz5n2kfra8p0\LocalCache\local-packages\Python311\site-packages\dlt\extract\pipe_iterator.py", line 304, in _get_source_item
    raise ResourceExtractionError(pipe.name, gen, str(ex), "generator") from ex
dlt.extract.exceptions.ResourceExtractionError: In processing pipe `activityfieldhistory`: extraction of resource `activityfieldhistory` in `generator` `_resource` caused an exception: Malformed request https://orgfarm-568b3bcb1a-dev-ed.develop.my.salesforce.com/services/data/v59.0/query/?q=SELECT+Id%2C+CreatedById%2C+CreatedDate%2C+LastModifiedById%2C+LastModifiedDate%2C+SystemModstamp%2C+ActivityId%2C+ChangedDate%2C+ChangedById%2C+FieldName%2C+DataType%2C+Operation%2C+IsDataAvailable%2C+OldValueDateTime%2C+NewValueDateTime%2C+OldValueNumber%2C+NewValueNumber%2C+OldValueText%2C+NewValueText+FROM+ActivityFieldHistory+WHERE+LastModifiedDate+%3E+2000-01-01T00%3A00%3A00Z. Response content: [{'message': "\nFROM ActivityFieldHistory WHERE LastModifiedDate > 2000-01-01T00:00:00Z\n                                ^\nERROR at Row:1:Column:304\nfield 'LastModifiedDate' can not be filtered in a query call", 'errorCode': 'INVALID_FIELD'}]

The above exception was the direct cause of the following exception:

Traceback (most recent call last):
  File "C:\Users\thecl\OneDrive\Desktop\creditflow-data-warehouse\etl\salesforce_pipeline.py", line 192, in run
    load_info = pipeline.run(resource())
                ^^^^^^^^^^^^^^^^^^^^^^^^
  File "C:\Users\thecl\AppData\Local\Packages\PythonSoftwareFoundation.Python.3.11_qbz5n2kfra8p0\LocalCache\local-packages\Python311\site-packages\dlt\pipeline\pipeline.py", line 237, in _wrap
    step_info = f(self, *args, **kwargs)
                ^^^^^^^^^^^^^^^^^^^^^^^^
  File "C:\Users\thecl\AppData\Local\Packages\PythonSoftwareFoundation.Python.3.11_qbz5n2kfra8p0\LocalCache\local-packages\Python311\site-packages\dlt\pipeline\pipeline.py", line 285, in _wrap
    return f(self, *args, **kwargs)
           ^^^^^^^^^^^^^^^^^^^^^^^^
  File "C:\Users\thecl\AppData\Local\Packages\PythonSoftwareFoundation.Python.3.11_qbz5n2kfra8p0\LocalCache\local-packages\Python311\site-packages\dlt\pipeline\pipeline.py", line 815, in run
    self.extract(
  File "C:\Users\thecl\AppData\Local\Packages\PythonSoftwareFoundation.Python.3.11_qbz5n2kfra8p0\LocalCache\local-packages\Python311\site-packages\dlt\pipeline\pipeline.py", line 237, in _wrap
    step_info = f(self, *args, **kwargs)
                ^^^^^^^^^^^^^^^^^^^^^^^^
  File "C:\Users\thecl\AppData\Local\Packages\PythonSoftwareFoundation.Python.3.11_qbz5n2kfra8p0\LocalCache\local-packages\Python311\site-packages\dlt\pipeline\pipeline.py", line 176, in _wrap
    return f(self, *args, **kwargs)
           ^^^^^^^^^^^^^^^^^^^^^^^^
  File "C:\Users\thecl\AppData\Local\Packages\PythonSoftwareFoundation.Python.3.11_qbz5n2kfra8p0\LocalCache\local-packages\Python311\site-packages\dlt\pipeline\pipeline.py", line 190, in _wrap
    rv = f(self, *args, **kwargs)
         ^^^^^^^^^^^^^^^^^^^^^^^^
  File "C:\Users\thecl\AppData\Local\Packages\PythonSoftwareFoundation.Python.3.11_qbz5n2kfra8p0\LocalCache\local-packages\Python311\site-packages\dlt\pipeline\pipeline.py", line 285, in _wrap
    return f(self, *args, **kwargs)
           ^^^^^^^^^^^^^^^^^^^^^^^^
  File "C:\Users\thecl\AppData\Local\Packages\PythonSoftwareFoundation.Python.3.11_qbz5n2kfra8p0\LocalCache\local-packages\Python311\site-packages\dlt\pipeline\pipeline.py", line 530, in extract
    raise PipelineStepFailed(
dlt.pipeline.exceptions.PipelineStepFailed: Pipeline execution failed at `step=extract` when processing package with `load_id=1789366084.190551` with exception:

<class 'dlt.extract.exceptions.ResourceExtractionError'>
In processing pipe `activityfieldhistory`: extraction of resource `activityfieldhistory` in `generator` `_resource` caused an exception: Malformed request https://orgfarm-568b3bcb1a-dev-ed.develop.my.salesforce.com/services/data/v59.0/query/?q=SELECT+Id%2C+CreatedById%2C+CreatedDate%2C+LastModifiedById%2C+LastModifiedDate%2C+SystemModstamp%2C+ActivityId%2C+ChangedDate%2C+ChangedById%2C+FieldName%2C+DataType%2C+Operation%2C+IsDataAvailable%2C+OldValueDateTime%2C+NewValueDateTime%2C+OldValueNumber%2C+NewValueNumber%2C+OldValueText%2C+NewValueText+FROM+ActivityFieldHistory+WHERE+LastModifiedDate+%3E+2000-01-01T00%3A00%3A00Z. Response content: [{'message': "\nFROM ActivityFieldHistory WHERE LastModifiedDate > 2000-01-01T00:00:00Z\n                                ^\nERROR at Row:1:Column:304\nfield 'LastModifiedDate' can not be filtered in a query call", 'errorCode': 'INVALID_FIELD'}]
2026-09-14 11:08:04,638 INFO [37/1126] ActvTgtPlatformFieldValue
2026-09-14 11:08:05,097 INFO querying ActvTgtPlatformFieldValue incrementally since 2000-01-01T00:00:00Z
2026-09-14 11:08:05,824 INFO [38/1126] ActvTgtPlatformFieldValueHistory
2026-09-14 11:08:06,197 INFO querying ActvTgtPlatformFieldValueHistory (full)
2026-09-14 11:08:06,797 INFO [39/1126] ActvTgtPlatformFieldValueShare
2026-09-14 11:08:07,402 INFO querying ActvTgtPlatformFieldValueShare incrementally since 2000-01-01T00:00:00Z
2026-09-14 11:08:07,971 INFO [40/1126] AdditionalNumber
2026-09-14 11:08:08,459 INFO querying AdditionalNumber incrementally since 2000-01-01T00:00:00Z
2026-09-14 11:08:09,041 INFO [41/1126] Address
2026-09-14 11:08:09,887 INFO querying Address incrementally since 2000-01-01T00:00:00Z
2026-09-14 11:08:10,486 INFO [42/1126] AddressHistory
2026-09-14 11:08:10,853 INFO querying AddressHistory (full)
2026-09-14 11:08:11,314 INFO [43/1126] AgentWork
2026-09-14 11:08:11,870 INFO querying AgentWork incrementally since 2000-01-01T00:00:00Z
2026-09-14 11:08:12,473 INFO [44/1126] AgentWorkShare
2026-09-14 11:08:12,934 INFO querying AgentWorkShare incrementally since 2000-01-01T00:00:00Z
2026-09-14 11:08:13,626 INFO [45/1126] AlternativePaymentMethod
2026-09-14 11:08:14,152 INFO querying AlternativePaymentMethod incrementally since 2000-01-01T00:00:00Z
2026-09-14 11:08:14,890 INFO [46/1126] AlternativePaymentMethodShare
2026-09-14 11:08:15,350 INFO querying AlternativePaymentMethodShare incrementally since 2000-01-01T00:00:00Z
2026-09-14 11:08:15,916 INFO [47/1126] Announcement
2026-09-14 11:08:16,374 INFO querying Announcement incrementally since 2000-01-01T00:00:00Z
2026-09-14 11:08:16,965 INFO [48/1126] ApexClass
2026-09-14 11:08:17,453 INFO querying ApexClass incrementally since 2000-01-01T00:00:00Z
2026-09-14 11:08:18,711 INFO [49/1126] ApexComponent
2026-09-14 11:08:19,208 INFO querying ApexComponent incrementally since 2000-01-01T00:00:00Z
2026-09-14 11:08:19,854 INFO [50/1126] ApexEmailNotification
2026-09-14 11:08:20,323 INFO querying ApexEmailNotification incrementally since 2000-01-01T00:00:00Z
2026-09-14 11:08:20,921 INFO [51/1126] ApexLog
2026-09-14 11:08:21,646 INFO querying ApexLog incrementally since 2000-01-01T00:00:00Z
2026-09-14 11:08:22,345 INFO [52/1126] ApexPage
2026-09-14 11:08:22,857 INFO querying ApexPage incrementally since 2000-01-01T00:00:00Z
2026-09-14 11:08:24,405 INFO [53/1126] ApexPageInfo
2026-09-14 11:08:24,782 INFO querying ApexPageInfo (full)
2026-09-14 11:08:25,212 INFO [54/1126] ApexTestQueueItem
2026-09-14 11:08:25,603 INFO querying ApexTestQueueItem (full)
2026-09-14 11:08:26,032 INFO [55/1126] ApexTestResult
2026-09-14 11:08:26,424 INFO querying ApexTestResult (full)
2026-09-14 11:08:26,935 INFO [56/1126] ApexTestResultLimits
2026-09-14 11:08:27,430 INFO querying ApexTestResultLimits incrementally since 2000-01-01T00:00:00Z
2026-09-14 11:08:28,045 INFO [57/1126] ApexTestRunResult
2026-09-14 11:08:28,516 INFO querying ApexTestRunResult incrementally since 2000-01-01T00:00:00Z
2026-09-14 11:08:29,138 INFO [58/1126] ApexTestSuite
2026-09-14 11:08:29,592 INFO querying ApexTestSuite incrementally since 2000-01-01T00:00:00Z
2026-09-14 11:08:30,329 INFO [59/1126] ApexTrigger
2026-09-14 11:08:31,071 INFO querying ApexTrigger incrementally since 2000-01-01T00:00:00Z
2026-09-14 11:08:31,677 INFO [60/1126] ApexTypeImplementor
2026-09-14 11:08:32,055 INFO querying ApexTypeImplementor (full)
2026-09-14 11:08:32,398 ERROR failed to load ApexTypeImplementor, skipping and continuing with the rest
Traceback (most recent call last):
  File "C:\Users\thecl\AppData\Local\Packages\PythonSoftwareFoundation.Python.3.11_qbz5n2kfra8p0\LocalCache\local-packages\Python311\site-packages\dlt\extract\pipe_iterator.py", line 274, in _get_source_item
    pipe_item = next(gen)
                ^^^^^^^^^
  File "C:\Users\thecl\OneDrive\Desktop\creditflow-data-warehouse\etl\salesforce_pipeline.py", line 147, in _resource
    for batch in paged_records(sf, soql):
  File "C:\Users\thecl\OneDrive\Desktop\creditflow-data-warehouse\etl\salesforce_pipeline.py", line 122, in paged_records
    for record in run_query_page(sf, soql):
  File "C:\Users\thecl\AppData\Local\Packages\PythonSoftwareFoundation.Python.3.11_qbz5n2kfra8p0\LocalCache\local-packages\Python311\site-packages\simple_salesforce\api.py", line 634, in query_all_iter
    result = self.query(query,
             ^^^^^^^^^^^^^^^^^
  File "C:\Users\thecl\AppData\Local\Packages\PythonSoftwareFoundation.Python.3.11_qbz5n2kfra8p0\LocalCache\local-packages\Python311\site-packages\simple_salesforce\api.py", line 568, in query
    result = self._call_salesforce('GET',
             ^^^^^^^^^^^^^^^^^^^^^^^^^^^^
  File "C:\Users\thecl\AppData\Local\Packages\PythonSoftwareFoundation.Python.3.11_qbz5n2kfra8p0\LocalCache\local-packages\Python311\site-packages\simple_salesforce\api.py", line 787, in _call_salesforce
    exception_handler(result,
  File "C:\Users\thecl\AppData\Local\Packages\PythonSoftwareFoundation.Python.3.11_qbz5n2kfra8p0\LocalCache\local-packages\Python311\site-packages\simple_salesforce\util.py", line 89, in exception_handler
    raise exc_cls(result.url, result.status_code, name, response_content)
simple_salesforce.exceptions.SalesforceMalformedRequest: Malformed request https://orgfarm-568b3bcb1a-dev-ed.develop.my.salesforce.com/services/data/v59.0/query/?q=SELECT+Id%2C+DurableId%2C+ApexClassId%2C+ClassName%2C+ClassNamespacePrefix%2C+IsConcrete%2C+InterfaceApexClassId%2C+InterfaceName%2C+InterfaceNamespacePrefix+FROM+ApexTypeImplementor. Response content: [{'message': 'ApexTypeImplementor: a filter on a reified column is required [InterfaceName,DurableId]', 'errorCode': 'MALFORMED_QUERY'}]

The above exception was the direct cause of the following exception:

Traceback (most recent call last):
  File "C:\Users\thecl\AppData\Local\Packages\PythonSoftwareFoundation.Python.3.11_qbz5n2kfra8p0\LocalCache\local-packages\Python311\site-packages\dlt\pipeline\pipeline.py", line 507, in extract
    self._extract_source(
  File "C:\Users\thecl\AppData\Local\Packages\PythonSoftwareFoundation.Python.3.11_qbz5n2kfra8p0\LocalCache\local-packages\Python311\site-packages\dlt\pipeline\pipeline.py", line 1661, in _extract_source
    load_id = extract.extract(
              ^^^^^^^^^^^^^^^^
  File "C:\Users\thecl\AppData\Local\Packages\PythonSoftwareFoundation.Python.3.11_qbz5n2kfra8p0\LocalCache\local-packages\Python311\site-packages\dlt\extract\extract.py", line 608, in extract
    self._extract_single_source(
  File "C:\Users\thecl\AppData\Local\Packages\PythonSoftwareFoundation.Python.3.11_qbz5n2kfra8p0\LocalCache\local-packages\Python311\site-packages\dlt\extract\extract.py", line 525, in _extract_single_source
    for pipe_item in pipes:
  File "C:\Users\thecl\AppData\Local\Packages\PythonSoftwareFoundation.Python.3.11_qbz5n2kfra8p0\LocalCache\local-packages\Python311\site-packages\dlt\extract\pipe_iterator.py", line 158, in __next__
    pipe_item = self._get_source_item()
                ^^^^^^^^^^^^^^^^^^^^^^^
  File "C:\Users\thecl\AppData\Local\Packages\PythonSoftwareFoundation.Python.3.11_qbz5n2kfra8p0\LocalCache\local-packages\Python311\site-packages\dlt\extract\pipe_iterator.py", line 304, in _get_source_item
    raise ResourceExtractionError(pipe.name, gen, str(ex), "generator") from ex
dlt.extract.exceptions.ResourceExtractionError: In processing pipe `apextypeimplementor`: extraction of resource `apextypeimplementor` in `generator` `_resource` caused an exception: Malformed request https://orgfarm-568b3bcb1a-dev-ed.develop.my.salesforce.com/services/data/v59.0/query/?q=SELECT+Id%2C+DurableId%2C+ApexClassId%2C+ClassName%2C+ClassNamespacePrefix%2C+IsConcrete%2C+InterfaceApexClassId%2C+InterfaceName%2C+InterfaceNamespacePrefix+FROM+ApexTypeImplementor. Response content: [{'message': 'ApexTypeImplementor: a filter on a reified column is required [InterfaceName,DurableId]', 'errorCode': 'MALFORMED_QUERY'}]

The above exception was the direct cause of the following exception:

Traceback (most recent call last):
  File "C:\Users\thecl\OneDrive\Desktop\creditflow-data-warehouse\etl\salesforce_pipeline.py", line 192, in run
    load_info = pipeline.run(resource())
                ^^^^^^^^^^^^^^^^^^^^^^^^
  File "C:\Users\thecl\AppData\Local\Packages\PythonSoftwareFoundation.Python.3.11_qbz5n2kfra8p0\LocalCache\local-packages\Python311\site-packages\dlt\pipeline\pipeline.py", line 237, in _wrap
    step_info = f(self, *args, **kwargs)
                ^^^^^^^^^^^^^^^^^^^^^^^^
  File "C:\Users\thecl\AppData\Local\Packages\PythonSoftwareFoundation.Python.3.11_qbz5n2kfra8p0\LocalCache\local-packages\Python311\site-packages\dlt\pipeline\pipeline.py", line 285, in _wrap
    return f(self, *args, **kwargs)
           ^^^^^^^^^^^^^^^^^^^^^^^^
  File "C:\Users\thecl\AppData\Local\Packages\PythonSoftwareFoundation.Python.3.11_qbz5n2kfra8p0\LocalCache\local-packages\Python311\site-packages\dlt\pipeline\pipeline.py", line 815, in run
    self.extract(
  File "C:\Users\thecl\AppData\Local\Packages\PythonSoftwareFoundation.Python.3.11_qbz5n2kfra8p0\LocalCache\local-packages\Python311\site-packages\dlt\pipeline\pipeline.py", line 237, in _wrap
    step_info = f(self, *args, **kwargs)
                ^^^^^^^^^^^^^^^^^^^^^^^^
  File "C:\Users\thecl\AppData\Local\Packages\PythonSoftwareFoundation.Python.3.11_qbz5n2kfra8p0\LocalCache\local-packages\Python311\site-packages\dlt\pipeline\pipeline.py", line 176, in _wrap
    return f(self, *args, **kwargs)
           ^^^^^^^^^^^^^^^^^^^^^^^^
  File "C:\Users\thecl\AppData\Local\Packages\PythonSoftwareFoundation.Python.3.11_qbz5n2kfra8p0\LocalCache\local-packages\Python311\site-packages\dlt\pipeline\pipeline.py", line 190, in _wrap
    rv = f(self, *args, **kwargs)
         ^^^^^^^^^^^^^^^^^^^^^^^^
  File "C:\Users\thecl\AppData\Local\Packages\PythonSoftwareFoundation.Python.3.11_qbz5n2kfra8p0\LocalCache\local-packages\Python311\site-packages\dlt\pipeline\pipeline.py", line 285, in _wrap
    return f(self, *args, **kwargs)
           ^^^^^^^^^^^^^^^^^^^^^^^^
  File "C:\Users\thecl\AppData\Local\Packages\PythonSoftwareFoundation.Python.3.11_qbz5n2kfra8p0\LocalCache\local-packages\Python311\site-packages\dlt\pipeline\pipeline.py", line 530, in extract
    raise PipelineStepFailed(
dlt.pipeline.exceptions.PipelineStepFailed: Pipeline execution failed at `step=extract` when processing package with `load_id=1789366112.0438385` with exception:

<class 'dlt.extract.exceptions.ResourceExtractionError'>
In processing pipe `apextypeimplementor`: extraction of resource `apextypeimplementor` in `generator` `_resource` caused an exception: Malformed request https://orgfarm-568b3bcb1a-dev-ed.develop.my.salesforce.com/services/data/v59.0/query/?q=SELECT+Id%2C+DurableId%2C+ApexClassId%2C+ClassName%2C+ClassNamespacePrefix%2C+IsConcrete%2C+InterfaceApexClassId%2C+InterfaceName%2C+InterfaceNamespacePrefix+FROM+ApexTypeImplementor. Response content: [{'message': 'ApexTypeImplementor: a filter on a reified column is required [InterfaceName,DurableId]', 'errorCode': 'MALFORMED_QUERY'}]
2026-09-14 11:08:32,400 INFO [61/1126] ApiAnomalyEventStore
2026-09-14 11:08:32,957 INFO querying ApiAnomalyEventStore incrementally since 2000-01-01T00:00:00Z
2026-09-14 11:08:33,544 INFO [62/1126] ApiAnomalyEventStoreFeed
2026-09-14 11:08:34,082 INFO querying ApiAnomalyEventStoreFeed incrementally since 2000-01-01T00:00:00Z
2026-09-14 11:08:34,689 INFO [63/1126] ApiEvent
2026-09-14 11:08:35,068 INFO querying ApiEvent (full)
2026-09-14 11:08:35,799 INFO [64/1126] AppAnalyticsQueryRequest
2026-09-14 11:08:36,284 INFO querying AppAnalyticsQueryRequest incrementally since 2000-01-01T00:00:00Z
2026-09-14 11:08:36,912 INFO [65/1126] AppDefinition
2026-09-14 11:08:37,392 INFO querying AppDefinition (full)
2026-09-14 11:08:38,111 INFO [66/1126] AppMenuItem
2026-09-14 11:08:38,604 INFO querying AppMenuItem incrementally since 2000-01-01T00:00:00Z
2026-09-14 11:08:39,537 INFO [67/1126] AppTabMember
2026-09-14 11:08:39,918 INFO querying AppTabMember (full)
2026-09-14 11:08:40,389 ERROR failed to load AppTabMember, skipping and continuing with the rest
Traceback (most recent call last):
  File "C:\Users\thecl\AppData\Local\Packages\PythonSoftwareFoundation.Python.3.11_qbz5n2kfra8p0\LocalCache\local-packages\Python311\site-packages\dlt\extract\pipe_iterator.py", line 274, in _get_source_item
    pipe_item = next(gen)
                ^^^^^^^^^
  File "C:\Users\thecl\OneDrive\Desktop\creditflow-data-warehouse\etl\salesforce_pipeline.py", line 147, in _resource
    for batch in paged_records(sf, soql):
  File "C:\Users\thecl\OneDrive\Desktop\creditflow-data-warehouse\etl\salesforce_pipeline.py", line 122, in paged_records
    for record in run_query_page(sf, soql):
  File "C:\Users\thecl\AppData\Local\Packages\PythonSoftwareFoundation.Python.3.11_qbz5n2kfra8p0\LocalCache\local-packages\Python311\site-packages\simple_salesforce\api.py", line 634, in query_all_iter
    result = self.query(query,
             ^^^^^^^^^^^^^^^^^
  File "C:\Users\thecl\AppData\Local\Packages\PythonSoftwareFoundation.Python.3.11_qbz5n2kfra8p0\LocalCache\local-packages\Python311\site-packages\simple_salesforce\api.py", line 568, in query
    result = self._call_salesforce('GET',
             ^^^^^^^^^^^^^^^^^^^^^^^^^^^^
  File "C:\Users\thecl\AppData\Local\Packages\PythonSoftwareFoundation.Python.3.11_qbz5n2kfra8p0\LocalCache\local-packages\Python311\site-packages\simple_salesforce\api.py", line 787, in _call_salesforce
    exception_handler(result,
  File "C:\Users\thecl\AppData\Local\Packages\PythonSoftwareFoundation.Python.3.11_qbz5n2kfra8p0\LocalCache\local-packages\Python311\site-packages\simple_salesforce\util.py", line 89, in exception_handler
    raise exc_cls(result.url, result.status_code, name, response_content)
simple_salesforce.exceptions.SalesforceMalformedRequest: Malformed request https://orgfarm-568b3bcb1a-dev-ed.develop.my.salesforce.com/services/data/v59.0/query/?q=SELECT+Id%2C+DurableId%2C+AppDefinitionId%2C+TabDefinitionId%2C+SortOrder%2C+WorkspaceDriverField+FROM+AppTabMember. Response content: [{'message': 'AppTabMember: a filter on a reified column is required [TabDefinitionId,AppDefinitionId,DurableId]', 'errorCode': 'MALFORMED_QUERY'}]

The above exception was the direct cause of the following exception:

Traceback (most recent call last):
  File "C:\Users\thecl\AppData\Local\Packages\PythonSoftwareFoundation.Python.3.11_qbz5n2kfra8p0\LocalCache\local-packages\Python311\site-packages\dlt\pipeline\pipeline.py", line 507, in extract
    self._extract_source(
  File "C:\Users\thecl\AppData\Local\Packages\PythonSoftwareFoundation.Python.3.11_qbz5n2kfra8p0\LocalCache\local-packages\Python311\site-packages\dlt\pipeline\pipeline.py", line 1661, in _extract_source
    load_id = extract.extract(
              ^^^^^^^^^^^^^^^^
  File "C:\Users\thecl\AppData\Local\Packages\PythonSoftwareFoundation.Python.3.11_qbz5n2kfra8p0\LocalCache\local-packages\Python311\site-packages\dlt\extract\extract.py", line 608, in extract
    self._extract_single_source(
  File "C:\Users\thecl\AppData\Local\Packages\PythonSoftwareFoundation.Python.3.11_qbz5n2kfra8p0\LocalCache\local-packages\Python311\site-packages\dlt\extract\extract.py", line 525, in _extract_single_source
    for pipe_item in pipes:
  File "C:\Users\thecl\AppData\Local\Packages\PythonSoftwareFoundation.Python.3.11_qbz5n2kfra8p0\LocalCache\local-packages\Python311\site-packages\dlt\extract\pipe_iterator.py", line 158, in __next__
    pipe_item = self._get_source_item()
                ^^^^^^^^^^^^^^^^^^^^^^^
  File "C:\Users\thecl\AppData\Local\Packages\PythonSoftwareFoundation.Python.3.11_qbz5n2kfra8p0\LocalCache\local-packages\Python311\site-packages\dlt\extract\pipe_iterator.py", line 304, in _get_source_item
    raise ResourceExtractionError(pipe.name, gen, str(ex), "generator") from ex
dlt.extract.exceptions.ResourceExtractionError: In processing pipe `apptabmember`: extraction of resource `apptabmember` in `generator` `_resource` caused an exception: Malformed request https://orgfarm-568b3bcb1a-dev-ed.develop.my.salesforce.com/services/data/v59.0/query/?q=SELECT+Id%2C+DurableId%2C+AppDefinitionId%2C+TabDefinitionId%2C+SortOrder%2C+WorkspaceDriverField+FROM+AppTabMember. Response content: [{'message': 'AppTabMember: a filter on a reified column is required [TabDefinitionId,AppDefinitionId,DurableId]', 'errorCode': 'MALFORMED_QUERY'}]

The above exception was the direct cause of the following exception:

Traceback (most recent call last):
  File "C:\Users\thecl\OneDrive\Desktop\creditflow-data-warehouse\etl\salesforce_pipeline.py", line 192, in run
    load_info = pipeline.run(resource())
                ^^^^^^^^^^^^^^^^^^^^^^^^
  File "C:\Users\thecl\AppData\Local\Packages\PythonSoftwareFoundation.Python.3.11_qbz5n2kfra8p0\LocalCache\local-packages\Python311\site-packages\dlt\pipeline\pipeline.py", line 237, in _wrap
    step_info = f(self, *args, **kwargs)
                ^^^^^^^^^^^^^^^^^^^^^^^^
  File "C:\Users\thecl\AppData\Local\Packages\PythonSoftwareFoundation.Python.3.11_qbz5n2kfra8p0\LocalCache\local-packages\Python311\site-packages\dlt\pipeline\pipeline.py", line 285, in _wrap
    return f(self, *args, **kwargs)
           ^^^^^^^^^^^^^^^^^^^^^^^^
  File "C:\Users\thecl\AppData\Local\Packages\PythonSoftwareFoundation.Python.3.11_qbz5n2kfra8p0\LocalCache\local-packages\Python311\site-packages\dlt\pipeline\pipeline.py", line 815, in run
    self.extract(
  File "C:\Users\thecl\AppData\Local\Packages\PythonSoftwareFoundation.Python.3.11_qbz5n2kfra8p0\LocalCache\local-packages\Python311\site-packages\dlt\pipeline\pipeline.py", line 237, in _wrap
    step_info = f(self, *args, **kwargs)
                ^^^^^^^^^^^^^^^^^^^^^^^^
  File "C:\Users\thecl\AppData\Local\Packages\PythonSoftwareFoundation.Python.3.11_qbz5n2kfra8p0\LocalCache\local-packages\Python311\site-packages\dlt\pipeline\pipeline.py", line 176, in _wrap
    return f(self, *args, **kwargs)
           ^^^^^^^^^^^^^^^^^^^^^^^^
  File "C:\Users\thecl\AppData\Local\Packages\PythonSoftwareFoundation.Python.3.11_qbz5n2kfra8p0\LocalCache\local-packages\Python311\site-packages\dlt\pipeline\pipeline.py", line 190, in _wrap
    rv = f(self, *args, **kwargs)
         ^^^^^^^^^^^^^^^^^^^^^^^^
  File "C:\Users\thecl\AppData\Local\Packages\PythonSoftwareFoundation.Python.3.11_qbz5n2kfra8p0\LocalCache\local-packages\Python311\site-packages\dlt\pipeline\pipeline.py", line 285, in _wrap
    return f(self, *args, **kwargs)
           ^^^^^^^^^^^^^^^^^^^^^^^^
  File "C:\Users\thecl\AppData\Local\Packages\PythonSoftwareFoundation.Python.3.11_qbz5n2kfra8p0\LocalCache\local-packages\Python311\site-packages\dlt\pipeline\pipeline.py", line 530, in extract
    raise PipelineStepFailed(
dlt.pipeline.exceptions.PipelineStepFailed: Pipeline execution failed at `step=extract` when processing package with `load_id=1789366119.9057052` with exception:

<class 'dlt.extract.exceptions.ResourceExtractionError'>
In processing pipe `apptabmember`: extraction of resource `apptabmember` in `generator` `_resource` caused an exception: Malformed request https://orgfarm-568b3bcb1a-dev-ed.develop.my.salesforce.com/services/data/v59.0/query/?q=SELECT+Id%2C+DurableId%2C+AppDefinitionId%2C+TabDefinitionId%2C+SortOrder%2C+WorkspaceDriverField+FROM+AppTabMember. Response content: [{'message': 'AppTabMember: a filter on a reified column is required [TabDefinitionId,AppDefinitionId,DurableId]', 'errorCode': 'MALFORMED_QUERY'}]
2026-09-14 11:08:40,391 INFO [68/1126] AppUsageAssignment
2026-09-14 11:08:40,900 INFO querying AppUsageAssignment incrementally since 2000-01-01T00:00:00Z
2026-09-14 11:08:41,657 INFO [69/1126] AppointmentAssignmentPolicy
2026-09-14 11:08:42,124 INFO querying AppointmentAssignmentPolicy incrementally since 2000-01-01T00:00:00Z
2026-09-14 11:08:43,064 INFO [70/1126] AppointmentCategory
2026-09-14 11:08:43,620 INFO querying AppointmentCategory incrementally since 2000-01-01T00:00:00Z
2026-09-14 11:08:44,292 INFO [71/1126] AppointmentCategoryFeed
2026-09-14 11:08:44,798 INFO querying AppointmentCategoryFeed incrementally since 2000-01-01T00:00:00Z
2026-09-14 11:08:45,377 INFO [72/1126] AppointmentCategoryHistory
2026-09-14 11:08:45,767 INFO querying AppointmentCategoryHistory (full)
2026-09-14 11:08:46,162 INFO [73/1126] AppointmentInvitation
2026-09-14 11:08:46,754 INFO querying AppointmentInvitation incrementally since 2000-01-01T00:00:00Z
2026-09-14 11:08:47,462 INFO [74/1126] AppointmentInvitationFeed
2026-09-14 11:08:47,997 INFO querying AppointmentInvitationFeed incrementally since 2000-01-01T00:00:00Z
2026-09-14 11:08:48,612 INFO [75/1126] AppointmentInvitationHistory
2026-09-14 11:08:48,980 INFO querying AppointmentInvitationHistory (full)
2026-09-14 11:08:49,565 INFO [76/1126] AppointmentInvitationShare
2026-09-14 11:08:49,994 INFO querying AppointmentInvitationShare incrementally since 2000-01-01T00:00:00Z
2026-09-14 11:08:51,341 INFO [77/1126] AppointmentInvitee
2026-09-14 11:08:51,927 INFO querying AppointmentInvitee incrementally since 2000-01-01T00:00:00Z
2026-09-14 11:08:52,511 INFO [78/1126] AppointmentScheduleAggr
2026-09-14 11:08:53,009 INFO querying AppointmentScheduleAggr incrementally since 2000-01-01T00:00:00Z
2026-09-14 11:08:53,590 INFO [79/1126] AppointmentScheduleLog
2026-09-14 11:08:54,071 INFO querying AppointmentScheduleLog incrementally since 2000-01-01T00:00:00Z
2026-09-14 11:08:54,648 INFO [80/1126] AppointmentSchedulingPolicy
2026-09-14 11:08:55,122 INFO querying AppointmentSchedulingPolicy incrementally since 2000-01-01T00:00:00Z
2026-09-14 11:08:56,070 INFO [81/1126] AppointmentTopicTimeSlot
2026-09-14 11:08:56,564 INFO querying AppointmentTopicTimeSlot incrementally since 2000-01-01T00:00:00Z
2026-09-14 11:08:57,808 INFO [82/1126] AppointmentTopicTimeSlotFeed
2026-09-14 11:08:58,372 INFO querying AppointmentTopicTimeSlotFeed incrementally since 2000-01-01T00:00:00Z
2026-09-14 11:08:59,052 INFO [83/1126] AppointmentTopicTimeSlotHistory
2026-09-14 11:08:59,455 INFO querying AppointmentTopicTimeSlotHistory (full)
2026-09-14 11:08:59,974 INFO [84/1126] Asset
2026-09-14 11:09:00,586 INFO querying Asset incrementally since 2000-01-01T00:00:00Z
2026-09-14 11:09:01,257 INFO [85/1126] AssetAction
2026-09-14 11:09:01,814 INFO querying AssetAction incrementally since 2000-01-01T00:00:00Z
2026-09-14 11:09:02,429 INFO [86/1126] AssetActionSource
2026-09-14 11:09:02,893 INFO querying AssetActionSource incrementally since 2000-01-01T00:00:00Z
2026-09-14 11:09:03,552 INFO [87/1126] AssetFeed
2026-09-14 11:09:04,035 INFO querying AssetFeed incrementally since 2000-01-01T00:00:00Z
2026-09-14 11:09:04,611 INFO [88/1126] AssetHistory
2026-09-14 11:09:05,047 INFO querying AssetHistory (full)
2026-09-14 11:09:05,476 INFO [89/1126] AssetRelationship
2026-09-14 11:09:06,035 INFO querying AssetRelationship incrementally since 2000-01-01T00:00:00Z
2026-09-14 11:09:06,617 INFO [90/1126] AssetRelationshipFeed
2026-09-14 11:09:07,136 INFO querying AssetRelationshipFeed incrementally since 2000-01-01T00:00:00Z
2026-09-14 11:09:07,949 INFO [91/1126] AssetRelationshipHistory
2026-09-14 11:09:08,453 INFO querying AssetRelationshipHistory (full)
2026-09-14 11:09:08,895 INFO [92/1126] AssetShare
2026-09-14 11:09:09,394 INFO querying AssetShare incrementally since 2000-01-01T00:00:00Z
2026-09-14 11:09:10,012 INFO [93/1126] AssetStatePeriod
2026-09-14 11:09:10,570 INFO querying AssetStatePeriod incrementally since 2000-01-01T00:00:00Z
2026-09-14 11:09:11,179 INFO [94/1126] AssignedResource
2026-09-14 11:09:11,696 INFO querying AssignedResource incrementally since 2000-01-01T00:00:00Z
2026-09-14 11:09:12,376 INFO [95/1126] AssignedResourceFeed
2026-09-14 11:09:12,858 INFO querying AssignedResourceFeed incrementally since 2000-01-01T00:00:00Z
2026-09-14 11:09:13,478 INFO [96/1126] AssignmentRule
2026-09-14 11:09:13,951 INFO querying AssignmentRule incrementally since 2000-01-01T00:00:00Z
2026-09-14 11:09:14,796 INFO [97/1126] AssociatedLocation
2026-09-14 11:09:15,299 INFO querying AssociatedLocation incrementally since 2000-01-01T00:00:00Z
2026-09-14 11:09:15,932 INFO [98/1126] AssociatedLocationHistory
2026-09-14 11:09:16,302 INFO querying AssociatedLocationHistory (full)
2026-09-14 11:09:16,719 INFO [99/1126] AsyncApexJob
2026-09-14 11:09:17,147 INFO querying AsyncApexJob (full)
2026-09-14 11:09:17,671 INFO [100/1126] AsyncOperationLog
2026-09-14 11:09:18,335 INFO querying AsyncOperationLog incrementally since 2000-01-01T00:00:00Z
2026-09-14 11:09:18,950 INFO [101/1126] Attachment
2026-09-14 11:09:19,514 INFO querying Attachment incrementally since 2000-01-01T00:00:00Z
2026-09-14 11:09:20,237 INFO [102/1126] AuraDefinition
2026-09-14 11:09:20,722 INFO querying AuraDefinition incrementally since 2000-01-01T00:00:00Z
2026-09-14 11:09:21,942 INFO [103/1126] AuraDefinitionBundle
2026-09-14 11:09:22,382 INFO querying AuraDefinitionBundle incrementally since 2000-01-01T00:00:00Z
2026-09-14 11:09:23,477 INFO [104/1126] AuraDefinitionBundleInfo
2026-09-14 11:09:23,927 INFO querying AuraDefinitionBundleInfo (full)
2026-09-14 11:09:24,399 INFO [105/1126] AuraDefinitionInfo
2026-09-14 11:09:25,502 INFO querying AuraDefinitionInfo incrementally since 2000-01-01T00:00:00Z
2026-09-14 11:09:26,149 INFO [106/1126] AuthConfig
2026-09-14 11:09:26,614 INFO querying AuthConfig incrementally since 2000-01-01T00:00:00Z
2026-09-14 11:09:27,207 INFO [107/1126] AuthConfigProviders
2026-09-14 11:09:27,678 INFO querying AuthConfigProviders incrementally since 2000-01-01T00:00:00Z
2026-09-14 11:09:28,780 INFO [108/1126] AuthProvider
2026-09-14 11:09:29,355 INFO querying AuthProvider (full)
2026-09-14 11:09:29,854 INFO [109/1126] AuthSession
2026-09-14 11:09:30,314 INFO querying AuthSession incrementally since 2000-01-01T00:00:00Z
2026-09-14 11:09:31,153 INFO [110/1126] AuthorizationForm
2026-09-14 11:09:31,669 INFO querying AuthorizationForm incrementally since 2000-01-01T00:00:00Z
2026-09-14 11:09:32,448 INFO [111/1126] AuthorizationFormConsent
2026-09-14 11:09:32,970 INFO querying AuthorizationFormConsent incrementally since 2000-01-01T00:00:00Z
2026-09-14 11:09:33,626 INFO [112/1126] AuthorizationFormConsentHistory
2026-09-14 11:09:34,104 INFO querying AuthorizationFormConsentHistory (full)
2026-09-14 11:09:34,536 INFO [113/1126] AuthorizationFormConsentShare
2026-09-14 11:09:34,987 INFO querying AuthorizationFormConsentShare incrementally since 2000-01-01T00:00:00Z
2026-09-14 11:09:35,606 INFO [114/1126] AuthorizationFormDataUse
2026-09-14 11:09:37,018 INFO querying AuthorizationFormDataUse incrementally since 2000-01-01T00:00:00Z
2026-09-14 11:09:37,638 INFO [115/1126] AuthorizationFormDataUseHistory
2026-09-14 11:09:38,016 INFO querying AuthorizationFormDataUseHistory (full)
2026-09-14 11:09:38,449 INFO [116/1126] AuthorizationFormDataUseShare
2026-09-14 11:09:38,924 INFO querying AuthorizationFormDataUseShare incrementally since 2000-01-01T00:00:00Z
2026-09-14 11:09:39,533 INFO [117/1126] AuthorizationFormHistory
2026-09-14 11:09:40,198 INFO querying AuthorizationFormHistory (full)
2026-09-14 11:09:40,660 INFO [118/1126] AuthorizationFormShare
2026-09-14 11:09:41,180 INFO querying AuthorizationFormShare incrementally since 2000-01-01T00:00:00Z
2026-09-14 11:09:41,811 INFO [119/1126] AuthorizationFormText
2026-09-14 11:09:42,307 INFO querying AuthorizationFormText incrementally since 2000-01-01T00:00:00Z
2026-09-14 11:09:42,970 INFO [120/1126] AuthorizationFormTextFeed
2026-09-14 11:09:43,495 INFO querying AuthorizationFormTextFeed incrementally since 2000-01-01T00:00:00Z
2026-09-14 11:09:44,133 INFO [121/1126] AuthorizationFormTextHistory
2026-09-14 11:09:44,592 INFO querying AuthorizationFormTextHistory (full)
2026-09-14 11:09:45,070 INFO [122/1126] BackgroundOperation
2026-09-14 11:09:45,602 INFO querying BackgroundOperation incrementally since 2000-01-01T00:00:00Z
2026-09-14 11:09:46,222 INFO [123/1126] BrandTemplate
2026-09-14 11:09:47,301 INFO querying BrandTemplate incrementally since 2000-01-01T00:00:00Z
2026-09-14 11:09:47,962 INFO [124/1126] BrandingSet
2026-09-14 11:09:48,429 INFO querying BrandingSet incrementally since 2000-01-01T00:00:00Z
2026-09-14 11:09:49,045 INFO [125/1126] BrandingSetProperty
2026-09-14 11:09:49,539 INFO querying BrandingSetProperty incrementally since 2000-01-01T00:00:00Z
2026-09-14 11:09:50,159 INFO [126/1126] BriefcaseAssignment
2026-09-14 11:09:50,645 INFO querying BriefcaseAssignment incrementally since 2000-01-01T00:00:00Z
2026-09-14 11:09:51,458 INFO [127/1126] BriefcaseDefinition
2026-09-14 11:09:52,003 INFO querying BriefcaseDefinition incrementally since 2000-01-01T00:00:00Z
2026-09-14 11:09:52,651 INFO [128/1126] BriefcaseRule
2026-09-14 11:09:53,467 INFO querying BriefcaseRule incrementally since 2000-01-01T00:00:00Z
2026-09-14 11:09:54,144 INFO [129/1126] BriefcaseRuleFilter
2026-09-14 11:09:54,935 INFO querying BriefcaseRuleFilter incrementally since 2000-01-01T00:00:00Z
2026-09-14 11:09:55,590 INFO [130/1126] BulkApiResultEventStore
2026-09-14 11:09:56,016 INFO querying BulkApiResultEventStore (full)
2026-09-14 11:09:56,724 INFO [131/1126] BusinessBrand
2026-09-14 11:09:57,302 INFO querying BusinessBrand incrementally since 2000-01-01T00:00:00Z
2026-09-14 11:09:57,923 INFO [132/1126] BusinessBrandShare
2026-09-14 11:09:58,403 INFO querying BusinessBrandShare incrementally since 2000-01-01T00:00:00Z
2026-09-14 11:09:58,995 INFO [133/1126] BusinessHours
2026-09-14 11:09:59,451 INFO querying BusinessHours incrementally since 2000-01-01T00:00:00Z
2026-09-14 11:10:00,233 INFO [134/1126] BusinessProcess
2026-09-14 11:10:00,671 INFO querying BusinessProcess incrementally since 2000-01-01T00:00:00Z
2026-09-14 11:10:01,274 INFO [135/1126] BuyerGroup
2026-09-14 11:10:01,862 INFO querying BuyerGroup incrementally since 2000-01-01T00:00:00Z
2026-09-14 11:10:02,480 INFO [136/1126] BuyerGroupFeed
2026-09-14 11:10:03,074 INFO querying BuyerGroupFeed incrementally since 2000-01-01T00:00:00Z
2026-09-14 11:10:03,723 INFO [137/1126] BuyerGroupHistory
2026-09-14 11:10:04,934 INFO querying BuyerGroupHistory (full)
2026-09-14 11:10:05,486 INFO [138/1126] BuyerGroupShare
2026-09-14 11:10:05,903 INFO querying BuyerGroupShare incrementally since 2000-01-01T00:00:00Z
2026-09-14 11:10:06,484 INFO [139/1126] Calendar
2026-09-14 11:10:06,939 INFO querying Calendar incrementally since 2000-01-01T00:00:00Z
2026-09-14 11:10:07,691 INFO [140/1126] CalendarView
2026-09-14 11:10:08,194 INFO querying CalendarView incrementally since 2000-01-01T00:00:00Z
2026-09-14 11:10:08,799 INFO [141/1126] CalendarViewShare
2026-09-14 11:10:09,255 INFO querying CalendarViewShare incrementally since 2000-01-01T00:00:00Z
2026-09-14 11:10:09,847 INFO [142/1126] CallCenter
2026-09-14 11:10:10,298 INFO querying CallCenter incrementally since 2000-01-01T00:00:00Z
2026-09-14 11:10:10,870 INFO [143/1126] CallCenterRoutingMap
2026-09-14 11:10:11,293 INFO querying CallCenterRoutingMap incrementally since 2000-01-01T00:00:00Z
2026-09-14 11:10:11,920 INFO [144/1126] CallCoachingMediaProvider
2026-09-14 11:10:12,384 INFO querying CallCoachingMediaProvider incrementally since 2000-01-01T00:00:00Z
2026-09-14 11:10:12,988 INFO [145/1126] Campaign
2026-09-14 11:10:13,556 INFO querying Campaign incrementally since 2000-01-01T00:00:00Z
2026-09-14 11:10:14,415 INFO [146/1126] CampaignFeed
2026-09-14 11:10:14,865 INFO querying CampaignFeed incrementally since 2000-01-01T00:00:00Z
2026-09-14 11:10:15,499 INFO [147/1126] CampaignHistory
2026-09-14 11:10:15,902 INFO querying CampaignHistory (full)
2026-09-14 11:10:16,320 INFO [148/1126] CampaignMember
2026-09-14 11:10:16,983 INFO querying CampaignMember incrementally since 2000-01-01T00:00:00Z
2026-09-14 11:10:18,534 INFO [149/1126] CampaignMemberStatus
2026-09-14 11:10:18,996 INFO querying CampaignMemberStatus incrementally since 2000-01-01T00:00:00Z
2026-09-14 11:10:19,779 INFO [150/1126] CampaignShare
2026-09-14 11:10:20,234 INFO querying CampaignShare incrementally since 2000-01-01T00:00:00Z
2026-09-14 11:10:20,858 INFO [151/1126] CardPaymentMethod
2026-09-14 11:10:21,367 INFO querying CardPaymentMethod incrementally since 2000-01-01T00:00:00Z
2026-09-14 11:10:21,961 INFO [152/1126] CartCheckoutSession
2026-09-14 11:10:22,439 INFO querying CartCheckoutSession incrementally since 2000-01-01T00:00:00Z
2026-09-14 11:10:23,113 INFO [153/1126] CartDeliveryGroup
2026-09-14 11:10:23,682 INFO querying CartDeliveryGroup incrementally since 2000-01-01T00:00:00Z
2026-09-14 11:10:24,375 INFO [154/1126] CartDeliveryGroupMethod
2026-09-14 11:10:25,717 INFO querying CartDeliveryGroupMethod incrementally since 2000-01-01T00:00:00Z
2026-09-14 11:10:26,308 INFO [155/1126] CartItem
2026-09-14 11:10:26,821 INFO querying CartItem incrementally since 2000-01-01T00:00:00Z
2026-09-14 11:10:27,426 INFO [156/1126] CartItemPriceAdjustment
2026-09-14 11:10:27,945 INFO querying CartItemPriceAdjustment incrementally since 2000-01-01T00:00:00Z
2026-09-14 11:10:28,538 INFO [157/1126] CartRelatedItem
2026-09-14 11:10:29,129 INFO querying CartRelatedItem incrementally since 2000-01-01T00:00:00Z
2026-09-14 11:10:29,909 INFO [158/1126] CartTax
2026-09-14 11:10:30,484 INFO querying CartTax incrementally since 2000-01-01T00:00:00Z
2026-09-14 11:10:31,100 INFO [159/1126] CartValidationOutput
2026-09-14 11:10:31,616 INFO querying CartValidationOutput incrementally since 2000-01-01T00:00:00Z
2026-09-14 11:10:32,970 INFO [160/1126] Case
2026-09-14 11:10:33,529 INFO querying Case incrementally since 2000-01-01T00:00:00Z
2026-09-14 11:10:34,354 INFO [161/1126] CaseComment
2026-09-14 11:10:34,806 INFO querying CaseComment incrementally since 2000-01-01T00:00:00Z
2026-09-14 11:10:35,406 INFO [162/1126] CaseContactRole
2026-09-14 11:10:35,955 INFO querying CaseContactRole incrementally since 2000-01-01T00:00:00Z
2026-09-14 11:10:36,554 INFO [163/1126] CaseFeed
2026-09-14 11:10:37,022 INFO querying CaseFeed incrementally since 2000-01-01T00:00:00Z
2026-09-14 11:10:37,604 INFO [164/1126] CaseHistory
2026-09-14 11:10:38,074 INFO querying CaseHistory (full)
2026-09-14 11:10:38,500 INFO [165/1126] CaseHistory2
2026-09-14 11:10:38,983 INFO querying CaseHistory2 incrementally since 2000-01-01T00:00:00Z
2026-09-14 11:10:39,824 INFO [166/1126] CaseMilestone
2026-09-14 11:10:40,290 INFO querying CaseMilestone incrementally since 2000-01-01T00:00:00Z
2026-09-14 11:10:41,015 INFO [167/1126] CaseRelatedIssue
2026-09-14 11:10:41,538 INFO querying CaseRelatedIssue incrementally since 2000-01-01T00:00:00Z
2026-09-14 11:10:42,099 INFO [168/1126] CaseRelatedIssueFeed
2026-09-14 11:10:42,587 INFO querying CaseRelatedIssueFeed incrementally since 2000-01-01T00:00:00Z
2026-09-14 11:10:43,234 INFO [169/1126] CaseRelatedIssueHistory
2026-09-14 11:10:43,607 INFO querying CaseRelatedIssueHistory (full)
2026-09-14 11:10:44,075 INFO [170/1126] CaseShare
2026-09-14 11:10:44,543 INFO querying CaseShare incrementally since 2000-01-01T00:00:00Z
2026-09-14 11:10:45,171 INFO [171/1126] CaseSolution
2026-09-14 11:10:45,596 INFO querying CaseSolution (full)
2026-09-14 11:10:46,016 INFO [172/1126] CaseStatus
2026-09-14 11:10:46,474 INFO querying CaseStatus incrementally since 2000-01-01T00:00:00Z
2026-09-14 11:10:47,336 INFO [173/1126] CaseTeamMember
2026-09-14 11:10:47,779 INFO querying CaseTeamMember incrementally since 2000-01-01T00:00:00Z
2026-09-14 11:10:48,390 INFO [174/1126] CaseTeamRole
2026-09-14 11:10:48,813 INFO querying CaseTeamRole incrementally since 2000-01-01T00:00:00Z
2026-09-14 11:10:49,424 INFO [175/1126] CaseTeamTemplate
2026-09-14 11:10:49,945 INFO querying CaseTeamTemplate incrementally since 2000-01-01T00:00:00Z
2026-09-14 11:10:50,528 INFO [176/1126] CaseTeamTemplateMember
2026-09-14 11:10:50,948 INFO querying CaseTeamTemplateMember incrementally since 2000-01-01T00:00:00Z
2026-09-14 11:10:51,548 INFO [177/1126] CaseTeamTemplateRecord
2026-09-14 11:10:51,920 INFO querying CaseTeamTemplateRecord (full)
2026-09-14 11:10:52,362 INFO [178/1126] CategoryData
2026-09-14 11:10:52,827 INFO querying CategoryData incrementally since 2000-01-01T00:00:00Z
2026-09-14 11:10:53,424 INFO [179/1126] CategoryNode
2026-09-14 11:10:53,895 INFO querying CategoryNode incrementally since 2000-01-01T00:00:00Z
2026-09-14 11:10:54,635 INFO [180/1126] CategoryNodeLocalization
2026-09-14 11:10:55,073 INFO querying CategoryNodeLocalization incrementally since 2000-01-01T00:00:00Z
2026-09-14 11:10:55,687 INFO [181/1126] ChangeRequest
2026-09-14 11:10:56,203 INFO querying ChangeRequest incrementally since 2000-01-01T00:00:00Z
2026-09-14 11:10:56,819 INFO [182/1126] ChangeRequestFeed
2026-09-14 11:10:57,321 INFO querying ChangeRequestFeed incrementally since 2000-01-01T00:00:00Z
2026-09-14 11:10:57,934 INFO [183/1126] ChangeRequestHistory
2026-09-14 11:10:58,321 INFO querying ChangeRequestHistory (full)
2026-09-14 11:10:58,762 INFO [184/1126] ChangeRequestRelatedIssue
2026-09-14 11:10:59,543 INFO querying ChangeRequestRelatedIssue incrementally since 2000-01-01T00:00:00Z
2026-09-14 11:11:00,121 INFO [185/1126] ChangeRequestRelatedIssueFeed
2026-09-14 11:11:00,619 INFO querying ChangeRequestRelatedIssueFeed incrementally since 2000-01-01T00:00:00Z
2026-09-14 11:11:01,218 INFO [186/1126] ChangeRequestRelatedIssueHistory
2026-09-14 11:11:01,642 INFO querying ChangeRequestRelatedIssueHistory (full)
2026-09-14 11:11:02,093 INFO [187/1126] ChangeRequestRelatedItem
2026-09-14 11:11:02,627 INFO querying ChangeRequestRelatedItem incrementally since 2000-01-01T00:00:00Z
2026-09-14 11:11:03,243 INFO [188/1126] ChangeRequestRelatedItemFeed
2026-09-14 11:11:03,694 INFO querying ChangeRequestRelatedItemFeed incrementally since 2000-01-01T00:00:00Z
2026-09-14 11:11:04,290 INFO [189/1126] ChangeRequestRelatedItemHistory
2026-09-14 11:11:04,743 INFO querying ChangeRequestRelatedItemHistory (full)
2026-09-14 11:11:05,149 INFO [190/1126] ChangeRequestShare
2026-09-14 11:11:05,587 INFO querying ChangeRequestShare incrementally since 2000-01-01T00:00:00Z
2026-09-14 11:11:06,185 INFO [191/1126] ChatRetirementRdyMetrics
2026-09-14 11:11:06,582 INFO querying ChatRetirementRdyMetrics (full)
2026-09-14 11:11:07,238 INFO [192/1126] ChatterActivity
2026-09-14 11:11:07,733 INFO querying ChatterActivity (full)
2026-09-14 11:11:08,165 INFO [193/1126] ChatterExtension
2026-09-14 11:11:09,578 INFO querying ChatterExtension incrementally since 2000-01-01T00:00:00Z
2026-09-14 11:11:10,275 INFO [194/1126] ChatterExtensionConfig
2026-09-14 11:11:10,729 INFO querying ChatterExtensionConfig incrementally since 2000-01-01T00:00:00Z
2026-09-14 11:11:11,376 INFO [195/1126] ChatterExtensionLocalization
2026-09-14 11:11:11,877 INFO querying ChatterExtensionLocalization incrementally since 2000-01-01T00:00:00Z
2026-09-14 11:11:12,540 INFO [196/1126] ClientBrowser
2026-09-14 11:11:12,926 INFO querying ClientBrowser (full)
2026-09-14 11:11:13,978 INFO [197/1126] CollaborationGroup
2026-09-14 11:11:14,499 INFO querying CollaborationGroup incrementally since 2000-01-01T00:00:00Z
2026-09-14 11:11:15,105 INFO [198/1126] CollaborationGroupFeed
2026-09-14 11:11:15,585 INFO querying CollaborationGroupFeed incrementally since 2000-01-01T00:00:00Z
2026-09-14 11:11:16,197 INFO [199/1126] CollaborationGroupMember
2026-09-14 11:11:16,730 INFO querying CollaborationGroupMember incrementally since 2000-01-01T00:00:00Z
2026-09-14 11:11:17,376 INFO [200/1126] CollaborationGroupMemberRequest
2026-09-14 11:11:17,851 INFO querying CollaborationGroupMemberRequest incrementally since 2000-01-01T00:00:00Z
2026-09-14 11:11:18,476 INFO [201/1126] CollaborationGroupRecord
2026-09-14 11:11:18,945 INFO querying CollaborationGroupRecord incrementally since 2000-01-01T00:00:00Z
2026-09-14 11:11:19,653 INFO [202/1126] CollaborationInvitation
2026-09-14 11:11:20,222 INFO querying CollaborationInvitation incrementally since 2000-01-01T00:00:00Z
2026-09-14 11:11:20,912 INFO [203/1126] ColorDefinition
2026-09-14 11:11:21,294 INFO querying ColorDefinition (full)
2026-09-14 11:11:21,658 ERROR failed to load ColorDefinition, skipping and continuing with the rest
Traceback (most recent call last):
  File "C:\Users\thecl\AppData\Local\Packages\PythonSoftwareFoundation.Python.3.11_qbz5n2kfra8p0\LocalCache\local-packages\Python311\site-packages\dlt\extract\pipe_iterator.py", line 274, in _get_source_item
    pipe_item = next(gen)
                ^^^^^^^^^
  File "C:\Users\thecl\OneDrive\Desktop\creditflow-data-warehouse\etl\salesforce_pipeline.py", line 147, in _resource
    for batch in paged_records(sf, soql):
  File "C:\Users\thecl\OneDrive\Desktop\creditflow-data-warehouse\etl\salesforce_pipeline.py", line 122, in paged_records
    for record in run_query_page(sf, soql):
  File "C:\Users\thecl\AppData\Local\Packages\PythonSoftwareFoundation.Python.3.11_qbz5n2kfra8p0\LocalCache\local-packages\Python311\site-packages\simple_salesforce\api.py", line 634, in query_all_iter
    result = self.query(query,
             ^^^^^^^^^^^^^^^^^
  File "C:\Users\thecl\AppData\Local\Packages\PythonSoftwareFoundation.Python.3.11_qbz5n2kfra8p0\LocalCache\local-packages\Python311\site-packages\simple_salesforce\api.py", line 568, in query
    result = self._call_salesforce('GET',
             ^^^^^^^^^^^^^^^^^^^^^^^^^^^^
  File "C:\Users\thecl\AppData\Local\Packages\PythonSoftwareFoundation.Python.3.11_qbz5n2kfra8p0\LocalCache\local-packages\Python311\site-packages\simple_salesforce\api.py", line 787, in _call_salesforce
    exception_handler(result,
  File "C:\Users\thecl\AppData\Local\Packages\PythonSoftwareFoundation.Python.3.11_qbz5n2kfra8p0\LocalCache\local-packages\Python311\site-packages\simple_salesforce\util.py", line 89, in exception_handler
    raise exc_cls(result.url, result.status_code, name, response_content)
simple_salesforce.exceptions.SalesforceMalformedRequest: Malformed request https://orgfarm-568b3bcb1a-dev-ed.develop.my.salesforce.com/services/data/v59.0/query/?q=SELECT+Id%2C+DurableId%2C+TabDefinitionId%2C+Color%2C+Theme%2C+Context+FROM+ColorDefinition. Response content: [{'message': 'ColorDefinition: a filter on a reified column is required [TabDefinitionId,DurableId]', 'errorCode': 'MALFORMED_QUERY'}]

The above exception was the direct cause of the following exception:

Traceback (most recent call last):
  File "C:\Users\thecl\AppData\Local\Packages\PythonSoftwareFoundation.Python.3.11_qbz5n2kfra8p0\LocalCache\local-packages\Python311\site-packages\dlt\pipeline\pipeline.py", line 507, in extract
    self._extract_source(
  File "C:\Users\thecl\AppData\Local\Packages\PythonSoftwareFoundation.Python.3.11_qbz5n2kfra8p0\LocalCache\local-packages\Python311\site-packages\dlt\pipeline\pipeline.py", line 1661, in _extract_source
    load_id = extract.extract(
              ^^^^^^^^^^^^^^^^
  File "C:\Users\thecl\AppData\Local\Packages\PythonSoftwareFoundation.Python.3.11_qbz5n2kfra8p0\LocalCache\local-packages\Python311\site-packages\dlt\extract\extract.py", line 608, in extract
    self._extract_single_source(
  File "C:\Users\thecl\AppData\Local\Packages\PythonSoftwareFoundation.Python.3.11_qbz5n2kfra8p0\LocalCache\local-packages\Python311\site-packages\dlt\extract\extract.py", line 525, in _extract_single_source
    for pipe_item in pipes:
  File "C:\Users\thecl\AppData\Local\Packages\PythonSoftwareFoundation.Python.3.11_qbz5n2kfra8p0\LocalCache\local-packages\Python311\site-packages\dlt\extract\pipe_iterator.py", line 158, in __next__
    pipe_item = self._get_source_item()
                ^^^^^^^^^^^^^^^^^^^^^^^
  File "C:\Users\thecl\AppData\Local\Packages\PythonSoftwareFoundation.Python.3.11_qbz5n2kfra8p0\LocalCache\local-packages\Python311\site-packages\dlt\extract\pipe_iterator.py", line 304, in _get_source_item
    raise ResourceExtractionError(pipe.name, gen, str(ex), "generator") from ex
dlt.extract.exceptions.ResourceExtractionError: In processing pipe `colordefinition`: extraction of resource `colordefinition` in `generator` `_resource` caused an exception: Malformed request https://orgfarm-568b3bcb1a-dev-ed.develop.my.salesforce.com/services/data/v59.0/query/?q=SELECT+Id%2C+DurableId%2C+TabDefinitionId%2C+Color%2C+Theme%2C+Context+FROM+ColorDefinition. Response content: [{'message': 'ColorDefinition: a filter on a reified column is required [TabDefinitionId,DurableId]', 'errorCode': 'MALFORMED_QUERY'}]

The above exception was the direct cause of the following exception:

Traceback (most recent call last):
  File "C:\Users\thecl\OneDrive\Desktop\creditflow-data-warehouse\etl\salesforce_pipeline.py", line 192, in run
    load_info = pipeline.run(resource())
                ^^^^^^^^^^^^^^^^^^^^^^^^
  File "C:\Users\thecl\AppData\Local\Packages\PythonSoftwareFoundation.Python.3.11_qbz5n2kfra8p0\LocalCache\local-packages\Python311\site-packages\dlt\pipeline\pipeline.py", line 237, in _wrap
    step_info = f(self, *args, **kwargs)
                ^^^^^^^^^^^^^^^^^^^^^^^^
  File "C:\Users\thecl\AppData\Local\Packages\PythonSoftwareFoundation.Python.3.11_qbz5n2kfra8p0\LocalCache\local-packages\Python311\site-packages\dlt\pipeline\pipeline.py", line 285, in _wrap
    return f(self, *args, **kwargs)
           ^^^^^^^^^^^^^^^^^^^^^^^^
  File "C:\Users\thecl\AppData\Local\Packages\PythonSoftwareFoundation.Python.3.11_qbz5n2kfra8p0\LocalCache\local-packages\Python311\site-packages\dlt\pipeline\pipeline.py", line 815, in run
    self.extract(
  File "C:\Users\thecl\AppData\Local\Packages\PythonSoftwareFoundation.Python.3.11_qbz5n2kfra8p0\LocalCache\local-packages\Python311\site-packages\dlt\pipeline\pipeline.py", line 237, in _wrap
    step_info = f(self, *args, **kwargs)
                ^^^^^^^^^^^^^^^^^^^^^^^^
  File "C:\Users\thecl\AppData\Local\Packages\PythonSoftwareFoundation.Python.3.11_qbz5n2kfra8p0\LocalCache\local-packages\Python311\site-packages\dlt\pipeline\pipeline.py", line 176, in _wrap
    return f(self, *args, **kwargs)
           ^^^^^^^^^^^^^^^^^^^^^^^^
  File "C:\Users\thecl\AppData\Local\Packages\PythonSoftwareFoundation.Python.3.11_qbz5n2kfra8p0\LocalCache\local-packages\Python311\site-packages\dlt\pipeline\pipeline.py", line 190, in _wrap
    rv = f(self, *args, **kwargs)
         ^^^^^^^^^^^^^^^^^^^^^^^^
  File "C:\Users\thecl\AppData\Local\Packages\PythonSoftwareFoundation.Python.3.11_qbz5n2kfra8p0\LocalCache\local-packages\Python311\site-packages\dlt\pipeline\pipeline.py", line 285, in _wrap
    return f(self, *args, **kwargs)
           ^^^^^^^^^^^^^^^^^^^^^^^^
  File "C:\Users\thecl\AppData\Local\Packages\PythonSoftwareFoundation.Python.3.11_qbz5n2kfra8p0\LocalCache\local-packages\Python311\site-packages\dlt\pipeline\pipeline.py", line 530, in extract
    raise PipelineStepFailed(
dlt.pipeline.exceptions.PipelineStepFailed: Pipeline execution failed at `step=extract` when processing package with `load_id=1789366281.2951634` with exception:

<class 'dlt.extract.exceptions.ResourceExtractionError'>
In processing pipe `colordefinition`: extraction of resource `colordefinition` in `generator` `_resource` caused an exception: Malformed request https://orgfarm-568b3bcb1a-dev-ed.develop.my.salesforce.com/services/data/v59.0/query/?q=SELECT+Id%2C+DurableId%2C+TabDefinitionId%2C+Color%2C+Theme%2C+Context+FROM+ColorDefinition. Response content: [{'message': 'ColorDefinition: a filter on a reified column is required [TabDefinitionId,DurableId]', 'errorCode': 'MALFORMED_QUERY'}]
2026-09-14 11:11:21,660 INFO [204/1126] CommSubscription
2026-09-14 11:11:22,196 INFO querying CommSubscription incrementally since 2000-01-01T00:00:00Z
2026-09-14 11:11:22,793 INFO [205/1126] CommSubscriptionChannelType
2026-09-14 11:11:23,297 INFO querying CommSubscriptionChannelType incrementally since 2000-01-01T00:00:00Z
2026-09-14 11:11:23,941 INFO [206/1126] CommSubscriptionChannelTypeFeed
2026-09-14 11:11:24,399 INFO querying CommSubscriptionChannelTypeFeed incrementally since 2000-01-01T00:00:00Z
2026-09-14 11:11:25,044 INFO [207/1126] CommSubscriptionChannelTypeHistory
2026-09-14 11:11:25,432 INFO querying CommSubscriptionChannelTypeHistory (full)
2026-09-14 11:11:25,868 INFO [208/1126] CommSubscriptionChannelTypeShare
2026-09-14 11:11:26,289 INFO querying CommSubscriptionChannelTypeShare incrementally since 2000-01-01T00:00:00Z
2026-09-14 11:11:26,940 INFO [209/1126] CommSubscriptionConsent
2026-09-14 11:11:27,484 INFO querying CommSubscriptionConsent incrementally since 2000-01-01T00:00:00Z
2026-09-14 11:11:28,082 INFO [210/1126] CommSubscriptionConsentFeed
2026-09-14 11:11:28,656 INFO querying CommSubscriptionConsentFeed incrementally since 2000-01-01T00:00:00Z
2026-09-14 11:11:29,265 INFO [211/1126] CommSubscriptionConsentHistory
2026-09-14 11:11:29,646 INFO querying CommSubscriptionConsentHistory (full)
2026-09-14 11:11:30,107 INFO [212/1126] CommSubscriptionConsentShare
2026-09-14 11:11:30,558 INFO querying CommSubscriptionConsentShare incrementally since 2000-01-01T00:00:00Z
2026-09-14 11:11:31,256 INFO [213/1126] CommSubscriptionFeed
2026-09-14 11:11:31,865 INFO querying CommSubscriptionFeed incrementally since 2000-01-01T00:00:00Z
2026-09-14 11:11:32,794 INFO [214/1126] CommSubscriptionHistory
2026-09-14 11:11:33,187 INFO querying CommSubscriptionHistory (full)
2026-09-14 11:11:33,633 INFO [215/1126] CommSubscriptionShare
2026-09-14 11:11:34,083 INFO querying CommSubscriptionShare incrementally since 2000-01-01T00:00:00Z
2026-09-14 11:11:34,744 INFO [216/1126] CommSubscriptionTiming
2026-09-14 11:11:35,336 INFO querying CommSubscriptionTiming incrementally since 2000-01-01T00:00:00Z
2026-09-14 11:11:36,032 INFO [217/1126] CommSubscriptionTimingFeed
2026-09-14 11:11:36,520 INFO querying CommSubscriptionTimingFeed incrementally since 2000-01-01T00:00:00Z
2026-09-14 11:11:37,281 INFO [218/1126] CommSubscriptionTimingHistory
2026-09-14 11:11:37,661 INFO querying CommSubscriptionTimingHistory (full)
2026-09-14 11:11:38,171 INFO [219/1126] Community
2026-09-14 11:11:38,845 INFO querying Community incrementally since 2000-01-01T00:00:00Z
2026-09-14 11:11:39,851 INFO [220/1126] ConferenceNumber
2026-09-14 11:11:40,427 INFO querying ConferenceNumber incrementally since 2000-01-01T00:00:00Z
2026-09-14 11:11:41,203 INFO [221/1126] ConnectedApplication
2026-09-14 11:11:41,964 INFO querying ConnectedApplication incrementally since 2000-01-01T00:00:00Z
2026-09-14 11:11:42,815 INFO [222/1126] ConsumptionRate
2026-09-14 11:11:43,493 INFO querying ConsumptionRate incrementally since 2000-01-01T00:00:00Z
2026-09-14 11:11:44,140 INFO [223/1126] ConsumptionRateHistory
2026-09-14 11:11:44,525 INFO querying ConsumptionRateHistory (full)
2026-09-14 11:11:45,988 INFO [224/1126] ConsumptionSchedule
2026-09-14 11:11:46,525 INFO querying ConsumptionSchedule incrementally since 2000-01-01T00:00:00Z
2026-09-14 11:11:47,474 INFO [225/1126] ConsumptionScheduleFeed
2026-09-14 11:11:48,151 INFO querying ConsumptionScheduleFeed incrementally since 2000-01-01T00:00:00Z
2026-09-14 11:11:48,831 INFO [226/1126] ConsumptionScheduleHistory
2026-09-14 11:11:49,221 INFO querying ConsumptionScheduleHistory (full)
2026-09-14 11:11:49,716 INFO [227/1126] ConsumptionScheduleShare
2026-09-14 11:11:50,252 INFO querying ConsumptionScheduleShare incrementally since 2000-01-01T00:00:00Z
2026-09-14 11:11:50,963 INFO [228/1126] Contact
2026-09-14 11:11:51,946 INFO querying Contact incrementally since 2000-01-01T00:00:00Z
2026-09-14 11:11:53,371 INFO [229/1126] ContactCenterChannel
2026-09-14 11:11:53,810 INFO querying ContactCenterChannel incrementally since 2000-01-01T00:00:00Z
2026-09-14 11:11:54,548 INFO [230/1126] ContactCleanInfo
2026-09-14 11:11:55,052 INFO querying ContactCleanInfo incrementally since 2000-01-01T00:00:00Z
2026-09-14 11:11:55,686 INFO [231/1126] ContactFeed
2026-09-14 11:11:56,315 INFO querying ContactFeed incrementally since 2000-01-01T00:00:00Z
2026-09-14 11:11:57,064 INFO [232/1126] ContactHistory
2026-09-14 11:11:57,557 INFO querying ContactHistory (full)
2026-09-14 11:11:58,065 INFO [233/1126] ContactPointAddress
2026-09-14 11:11:59,037 INFO querying ContactPointAddress incrementally since 2000-01-01T00:00:00Z
2026-09-14 11:11:59,821 INFO [234/1126] ContactPointAddressHistory
2026-09-14 11:12:00,222 INFO querying ContactPointAddressHistory (full)
2026-09-14 11:12:00,816 INFO [235/1126] ContactPointAddressShare
2026-09-14 11:12:01,431 INFO querying ContactPointAddressShare incrementally since 2000-01-01T00:00:00Z
2026-09-14 11:12:02,233 INFO [236/1126] ContactPointConsent
2026-09-14 11:12:02,838 INFO querying ContactPointConsent incrementally since 2000-01-01T00:00:00Z
2026-09-14 11:12:03,573 INFO [237/1126] ContactPointConsentHistory
2026-09-14 11:12:04,010 INFO querying ContactPointConsentHistory (full)
2026-09-14 11:12:04,540 INFO [238/1126] ContactPointConsentShare
2026-09-14 11:12:05,921 INFO querying ContactPointConsentShare incrementally since 2000-01-01T00:00:00Z
2026-09-14 11:12:06,752 INFO [239/1126] ContactPointEmail
2026-09-14 11:12:07,334 INFO querying ContactPointEmail incrementally since 2000-01-01T00:00:00Z
2026-09-14 11:12:08,156 INFO [240/1126] ContactPointEmailHistory
2026-09-14 11:12:08,666 INFO querying ContactPointEmailHistory (full)
2026-09-14 11:12:09,252 INFO [241/1126] ContactPointEmailShare
2026-09-14 11:12:09,728 INFO querying ContactPointEmailShare incrementally since 2000-01-01T00:00:00Z
2026-09-14 11:12:10,389 INFO [242/1126] ContactPointPhone
2026-09-14 11:12:10,921 INFO querying ContactPointPhone incrementally since 2000-01-01T00:00:00Z
2026-09-14 11:12:11,557 INFO [243/1126] ContactPointPhoneHistory
2026-09-14 11:12:11,967 INFO querying ContactPointPhoneHistory (full)
2026-09-14 11:12:12,414 INFO [244/1126] ContactPointPhoneShare
2026-09-14 11:12:12,908 INFO querying ContactPointPhoneShare incrementally since 2000-01-01T00:00:00Z
2026-09-14 11:12:13,551 INFO [245/1126] ContactPointTypeConsent
2026-09-14 11:12:14,050 INFO querying ContactPointTypeConsent incrementally since 2000-01-01T00:00:00Z
2026-09-14 11:12:14,690 INFO [246/1126] ContactPointTypeConsentHistory
2026-09-14 11:12:15,078 INFO querying ContactPointTypeConsentHistory (full)
2026-09-14 11:12:15,544 INFO [247/1126] ContactPointTypeConsentShare
2026-09-14 11:12:16,178 INFO querying ContactPointTypeConsentShare incrementally since 2000-01-01T00:00:00Z
2026-09-14 11:12:16,934 INFO [248/1126] ContactRequest
2026-09-14 11:12:17,475 INFO querying ContactRequest incrementally since 2000-01-01T00:00:00Z
2026-09-14 11:12:18,311 INFO [249/1126] ContactRequestShare
2026-09-14 11:12:18,843 INFO querying ContactRequestShare incrementally since 2000-01-01T00:00:00Z
2026-09-14 11:12:19,550 INFO [250/1126] ContactShare
2026-09-14 11:12:20,009 INFO querying ContactShare incrementally since 2000-01-01T00:00:00Z
2026-09-14 11:12:20,681 INFO [251/1126] ContentAsset
2026-09-14 11:12:21,265 INFO querying ContentAsset incrementally since 2000-01-01T00:00:00Z
2026-09-14 11:12:21,940 INFO [252/1126] ContentBody
2026-09-14 11:12:22,383 INFO querying ContentBody (full)
2026-09-14 11:12:23,001 INFO [253/1126] ContentDistribution
2026-09-14 11:12:23,526 INFO querying ContentDistribution incrementally since 2000-01-01T00:00:00Z
2026-09-14 11:12:24,185 INFO [254/1126] ContentDistributionView
2026-09-14 11:12:24,592 INFO querying ContentDistributionView (full)
2026-09-14 11:12:25,029 INFO [255/1126] ContentDocument
2026-09-14 11:12:25,636 INFO querying ContentDocument incrementally since 2000-01-01T00:00:00Z
2026-09-14 11:12:26,382 INFO [256/1126] ContentDocumentFeed
2026-09-14 11:12:26,929 INFO querying ContentDocumentFeed incrementally since 2000-01-01T00:00:00Z
2026-09-14 11:12:27,666 INFO [257/1126] ContentDocumentHistory
2026-09-14 11:12:28,115 INFO querying ContentDocumentHistory (full)
2026-09-14 11:12:28,613 INFO [258/1126] ContentDocumentLink
2026-09-14 11:12:29,204 INFO querying ContentDocumentLink (full)
2026-09-14 11:12:29,646 ERROR failed to load ContentDocumentLink, skipping and continuing with the rest
Traceback (most recent call last):
  File "C:\Users\thecl\AppData\Local\Packages\PythonSoftwareFoundation.Python.3.11_qbz5n2kfra8p0\LocalCache\local-packages\Python311\site-packages\dlt\extract\pipe_iterator.py", line 274, in _get_source_item
    pipe_item = next(gen)
                ^^^^^^^^^
  File "C:\Users\thecl\OneDrive\Desktop\creditflow-data-warehouse\etl\salesforce_pipeline.py", line 147, in _resource
    for batch in paged_records(sf, soql):
  File "C:\Users\thecl\OneDrive\Desktop\creditflow-data-warehouse\etl\salesforce_pipeline.py", line 122, in paged_records
    for record in run_query_page(sf, soql):
  File "C:\Users\thecl\AppData\Local\Packages\PythonSoftwareFoundation.Python.3.11_qbz5n2kfra8p0\LocalCache\local-packages\Python311\site-packages\simple_salesforce\api.py", line 634, in query_all_iter
    result = self.query(query,
             ^^^^^^^^^^^^^^^^^
  File "C:\Users\thecl\AppData\Local\Packages\PythonSoftwareFoundation.Python.3.11_qbz5n2kfra8p0\LocalCache\local-packages\Python311\site-packages\simple_salesforce\api.py", line 568, in query
    result = self._call_salesforce('GET',
             ^^^^^^^^^^^^^^^^^^^^^^^^^^^^
  File "C:\Users\thecl\AppData\Local\Packages\PythonSoftwareFoundation.Python.3.11_qbz5n2kfra8p0\LocalCache\local-packages\Python311\site-packages\simple_salesforce\api.py", line 787, in _call_salesforce
    exception_handler(result,
  File "C:\Users\thecl\AppData\Local\Packages\PythonSoftwareFoundation.Python.3.11_qbz5n2kfra8p0\LocalCache\local-packages\Python311\site-packages\simple_salesforce\util.py", line 89, in exception_handler
    raise exc_cls(result.url, result.status_code, name, response_content)
simple_salesforce.exceptions.SalesforceMalformedRequest: Malformed request https://orgfarm-568b3bcb1a-dev-ed.develop.my.salesforce.com/services/data/v59.0/query/?q=SELECT+Id%2C+LinkedEntityId%2C+ContentDocumentId%2C+IsDeleted%2C+SystemModstamp%2C+ShareType%2C+Visibility+FROM+ContentDocumentLink. Response content: [{'message': "Implementation restriction: ContentDocumentLink requires a filter by a single Id on ContentDocumentId or LinkedEntityId using the equals operator or multiple Id's using the IN operator.", 'errorCode': 'MALFORMED_QUERY'}]

The above exception was the direct cause of the following exception:

Traceback (most recent call last):
  File "C:\Users\thecl\AppData\Local\Packages\PythonSoftwareFoundation.Python.3.11_qbz5n2kfra8p0\LocalCache\local-packages\Python311\site-packages\dlt\pipeline\pipeline.py", line 507, in extract
    self._extract_source(
  File "C:\Users\thecl\AppData\Local\Packages\PythonSoftwareFoundation.Python.3.11_qbz5n2kfra8p0\LocalCache\local-packages\Python311\site-packages\dlt\pipeline\pipeline.py", line 1661, in _extract_source
    load_id = extract.extract(
              ^^^^^^^^^^^^^^^^
  File "C:\Users\thecl\AppData\Local\Packages\PythonSoftwareFoundation.Python.3.11_qbz5n2kfra8p0\LocalCache\local-packages\Python311\site-packages\dlt\extract\extract.py", line 608, in extract
    self._extract_single_source(
  File "C:\Users\thecl\AppData\Local\Packages\PythonSoftwareFoundation.Python.3.11_qbz5n2kfra8p0\LocalCache\local-packages\Python311\site-packages\dlt\extract\extract.py", line 525, in _extract_single_source
    for pipe_item in pipes:
  File "C:\Users\thecl\AppData\Local\Packages\PythonSoftwareFoundation.Python.3.11_qbz5n2kfra8p0\LocalCache\local-packages\Python311\site-packages\dlt\extract\pipe_iterator.py", line 158, in __next__
    pipe_item = self._get_source_item()
                ^^^^^^^^^^^^^^^^^^^^^^^
  File "C:\Users\thecl\AppData\Local\Packages\PythonSoftwareFoundation.Python.3.11_qbz5n2kfra8p0\LocalCache\local-packages\Python311\site-packages\dlt\extract\pipe_iterator.py", line 304, in _get_source_item
    raise ResourceExtractionError(pipe.name, gen, str(ex), "generator") from ex
dlt.extract.exceptions.ResourceExtractionError: In processing pipe `contentdocumentlink`: extraction of resource `contentdocumentlink` in `generator` `_resource` caused an exception: Malformed request https://orgfarm-568b3bcb1a-dev-ed.develop.my.salesforce.com/services/data/v59.0/query/?q=SELECT+Id%2C+LinkedEntityId%2C+ContentDocumentId%2C+IsDeleted%2C+SystemModstamp%2C+ShareType%2C+Visibility+FROM+ContentDocumentLink. Response content: [{'message': "Implementation restriction: ContentDocumentLink requires a filter by a single Id on ContentDocumentId or LinkedEntityId using the equals operator or multiple Id's using the IN operator.", 'errorCode': 'MALFORMED_QUERY'}]

The above exception was the direct cause of the following exception:

Traceback (most recent call last):
  File "C:\Users\thecl\OneDrive\Desktop\creditflow-data-warehouse\etl\salesforce_pipeline.py", line 192, in run
    load_info = pipeline.run(resource())
                ^^^^^^^^^^^^^^^^^^^^^^^^
  File "C:\Users\thecl\AppData\Local\Packages\PythonSoftwareFoundation.Python.3.11_qbz5n2kfra8p0\LocalCache\local-packages\Python311\site-packages\dlt\pipeline\pipeline.py", line 237, in _wrap
    step_info = f(self, *args, **kwargs)
                ^^^^^^^^^^^^^^^^^^^^^^^^
  File "C:\Users\thecl\AppData\Local\Packages\PythonSoftwareFoundation.Python.3.11_qbz5n2kfra8p0\LocalCache\local-packages\Python311\site-packages\dlt\pipeline\pipeline.py", line 285, in _wrap
    return f(self, *args, **kwargs)
           ^^^^^^^^^^^^^^^^^^^^^^^^
  File "C:\Users\thecl\AppData\Local\Packages\PythonSoftwareFoundation.Python.3.11_qbz5n2kfra8p0\LocalCache\local-packages\Python311\site-packages\dlt\pipeline\pipeline.py", line 815, in run
    self.extract(
  File "C:\Users\thecl\AppData\Local\Packages\PythonSoftwareFoundation.Python.3.11_qbz5n2kfra8p0\LocalCache\local-packages\Python311\site-packages\dlt\pipeline\pipeline.py", line 237, in _wrap
    step_info = f(self, *args, **kwargs)
                ^^^^^^^^^^^^^^^^^^^^^^^^
  File "C:\Users\thecl\AppData\Local\Packages\PythonSoftwareFoundation.Python.3.11_qbz5n2kfra8p0\LocalCache\local-packages\Python311\site-packages\dlt\pipeline\pipeline.py", line 176, in _wrap
    return f(self, *args, **kwargs)
           ^^^^^^^^^^^^^^^^^^^^^^^^
  File "C:\Users\thecl\AppData\Local\Packages\PythonSoftwareFoundation.Python.3.11_qbz5n2kfra8p0\LocalCache\local-packages\Python311\site-packages\dlt\pipeline\pipeline.py", line 190, in _wrap
    rv = f(self, *args, **kwargs)
         ^^^^^^^^^^^^^^^^^^^^^^^^
  File "C:\Users\thecl\AppData\Local\Packages\PythonSoftwareFoundation.Python.3.11_qbz5n2kfra8p0\LocalCache\local-packages\Python311\site-packages\dlt\pipeline\pipeline.py", line 285, in _wrap
    return f(self, *args, **kwargs)
           ^^^^^^^^^^^^^^^^^^^^^^^^
  File "C:\Users\thecl\AppData\Local\Packages\PythonSoftwareFoundation.Python.3.11_qbz5n2kfra8p0\LocalCache\local-packages\Python311\site-packages\dlt\pipeline\pipeline.py", line 530, in extract
    raise PipelineStepFailed(
dlt.pipeline.exceptions.PipelineStepFailed: Pipeline execution failed at `step=extract` when processing package with `load_id=1789366349.193021` with exception:

<class 'dlt.extract.exceptions.ResourceExtractionError'>
In processing pipe `contentdocumentlink`: extraction of resource `contentdocumentlink` in `generator` `_resource` caused an exception: Malformed request https://orgfarm-568b3bcb1a-dev-ed.develop.my.salesforce.com/services/data/v59.0/query/?q=SELECT+Id%2C+LinkedEntityId%2C+ContentDocumentId%2C+IsDeleted%2C+SystemModstamp%2C+ShareType%2C+Visibility+FROM+ContentDocumentLink. Response content: [{'message': "Implementation restriction: ContentDocumentLink requires a filter by a single Id on ContentDocumentId or LinkedEntityId using the equals operator or multiple Id's using the IN operator.", 'errorCode': 'MALFORMED_QUERY'}]
2026-09-14 11:12:29,647 INFO [259/1126] ContentDocumentSubscription
2026-09-14 11:12:30,081 INFO querying ContentDocumentSubscription (full)
2026-09-14 11:12:30,532 INFO [260/1126] ContentFolder
2026-09-14 11:12:31,055 INFO querying ContentFolder incrementally since 2000-01-01T00:00:00Z
2026-09-14 11:12:31,715 INFO [261/1126] ContentFolderItem
2026-09-14 11:12:32,199 INFO querying ContentFolderItem incrementally since 2000-01-01T00:00:00Z
2026-09-14 11:12:32,540 ERROR failed to load ContentFolderItem, skipping and continuing with the rest
Traceback (most recent call last):
  File "C:\Users\thecl\AppData\Local\Packages\PythonSoftwareFoundation.Python.3.11_qbz5n2kfra8p0\LocalCache\local-packages\Python311\site-packages\dlt\extract\pipe_iterator.py", line 274, in _get_source_item
    pipe_item = next(gen)
                ^^^^^^^^^
  File "C:\Users\thecl\OneDrive\Desktop\creditflow-data-warehouse\etl\salesforce_pipeline.py", line 140, in _resource
    for batch in paged_records(sf, soql):
  File "C:\Users\thecl\OneDrive\Desktop\creditflow-data-warehouse\etl\salesforce_pipeline.py", line 122, in paged_records
    for record in run_query_page(sf, soql):
  File "C:\Users\thecl\AppData\Local\Packages\PythonSoftwareFoundation.Python.3.11_qbz5n2kfra8p0\LocalCache\local-packages\Python311\site-packages\simple_salesforce\api.py", line 634, in query_all_iter
    result = self.query(query,
             ^^^^^^^^^^^^^^^^^
  File "C:\Users\thecl\AppData\Local\Packages\PythonSoftwareFoundation.Python.3.11_qbz5n2kfra8p0\LocalCache\local-packages\Python311\site-packages\simple_salesforce\api.py", line 568, in query
    result = self._call_salesforce('GET',
             ^^^^^^^^^^^^^^^^^^^^^^^^^^^^
  File "C:\Users\thecl\AppData\Local\Packages\PythonSoftwareFoundation.Python.3.11_qbz5n2kfra8p0\LocalCache\local-packages\Python311\site-packages\simple_salesforce\api.py", line 787, in _call_salesforce
    exception_handler(result,
  File "C:\Users\thecl\AppData\Local\Packages\PythonSoftwareFoundation.Python.3.11_qbz5n2kfra8p0\LocalCache\local-packages\Python311\site-packages\simple_salesforce\util.py", line 89, in exception_handler
    raise exc_cls(result.url, result.status_code, name, response_content)
simple_salesforce.exceptions.SalesforceMalformedRequest: Malformed request https://orgfarm-568b3bcb1a-dev-ed.develop.my.salesforce.com/services/data/v59.0/query/?q=SELECT+Id%2C+IsDeleted%2C+IsFolder%2C+ParentContentFolderId%2C+Title%2C+FileType%2C+ContentSize%2C+FileExtension%2C+CreatedDate%2C+CreatedById%2C+LastModifiedDate%2C+LastModifiedById%2C+SystemModstamp+FROM+ContentFolderItem+WHERE+LastModifiedDate+%3E+2000-01-01T00%3A00%3A00Z. Response content: [{'message': "Implementation restriction: ContentFolderItem requires a filter by Id or ParentContentFolderId using the equals or 'IN' operator", 'errorCode': 'MALFORMED_QUERY'}]

The above exception was the direct cause of the following exception:

Traceback (most recent call last):
  File "C:\Users\thecl\AppData\Local\Packages\PythonSoftwareFoundation.Python.3.11_qbz5n2kfra8p0\LocalCache\local-packages\Python311\site-packages\dlt\pipeline\pipeline.py", line 507, in extract
    self._extract_source(
  File "C:\Users\thecl\AppData\Local\Packages\PythonSoftwareFoundation.Python.3.11_qbz5n2kfra8p0\LocalCache\local-packages\Python311\site-packages\dlt\pipeline\pipeline.py", line 1661, in _extract_source
    load_id = extract.extract(
              ^^^^^^^^^^^^^^^^
  File "C:\Users\thecl\AppData\Local\Packages\PythonSoftwareFoundation.Python.3.11_qbz5n2kfra8p0\LocalCache\local-packages\Python311\site-packages\dlt\extract\extract.py", line 608, in extract
    self._extract_single_source(
  File "C:\Users\thecl\AppData\Local\Packages\PythonSoftwareFoundation.Python.3.11_qbz5n2kfra8p0\LocalCache\local-packages\Python311\site-packages\dlt\extract\extract.py", line 525, in _extract_single_source
    for pipe_item in pipes:
  File "C:\Users\thecl\AppData\Local\Packages\PythonSoftwareFoundation.Python.3.11_qbz5n2kfra8p0\LocalCache\local-packages\Python311\site-packages\dlt\extract\pipe_iterator.py", line 158, in __next__
    pipe_item = self._get_source_item()
                ^^^^^^^^^^^^^^^^^^^^^^^
  File "C:\Users\thecl\AppData\Local\Packages\PythonSoftwareFoundation.Python.3.11_qbz5n2kfra8p0\LocalCache\local-packages\Python311\site-packages\dlt\extract\pipe_iterator.py", line 304, in _get_source_item
    raise ResourceExtractionError(pipe.name, gen, str(ex), "generator") from ex
dlt.extract.exceptions.ResourceExtractionError: In processing pipe `contentfolderitem`: extraction of resource `contentfolderitem` in `generator` `_resource` caused an exception: Malformed request https://orgfarm-568b3bcb1a-dev-ed.develop.my.salesforce.com/services/data/v59.0/query/?q=SELECT+Id%2C+IsDeleted%2C+IsFolder%2C+ParentContentFolderId%2C+Title%2C+FileType%2C+ContentSize%2C+FileExtension%2C+CreatedDate%2C+CreatedById%2C+LastModifiedDate%2C+LastModifiedById%2C+SystemModstamp+FROM+ContentFolderItem+WHERE+LastModifiedDate+%3E+2000-01-01T00%3A00%3A00Z. Response content: [{'message': "Implementation restriction: ContentFolderItem requires a filter by Id or ParentContentFolderId using the equals or 'IN' operator", 'errorCode': 'MALFORMED_QUERY'}]

The above exception was the direct cause of the following exception:

Traceback (most recent call last):
  File "C:\Users\thecl\OneDrive\Desktop\creditflow-data-warehouse\etl\salesforce_pipeline.py", line 192, in run
    load_info = pipeline.run(resource())
                ^^^^^^^^^^^^^^^^^^^^^^^^
  File "C:\Users\thecl\AppData\Local\Packages\PythonSoftwareFoundation.Python.3.11_qbz5n2kfra8p0\LocalCache\local-packages\Python311\site-packages\dlt\pipeline\pipeline.py", line 237, in _wrap
    step_info = f(self, *args, **kwargs)
                ^^^^^^^^^^^^^^^^^^^^^^^^
  File "C:\Users\thecl\AppData\Local\Packages\PythonSoftwareFoundation.Python.3.11_qbz5n2kfra8p0\LocalCache\local-packages\Python311\site-packages\dlt\pipeline\pipeline.py", line 285, in _wrap
    return f(self, *args, **kwargs)
           ^^^^^^^^^^^^^^^^^^^^^^^^
  File "C:\Users\thecl\AppData\Local\Packages\PythonSoftwareFoundation.Python.3.11_qbz5n2kfra8p0\LocalCache\local-packages\Python311\site-packages\dlt\pipeline\pipeline.py", line 815, in run
    self.extract(
  File "C:\Users\thecl\AppData\Local\Packages\PythonSoftwareFoundation.Python.3.11_qbz5n2kfra8p0\LocalCache\local-packages\Python311\site-packages\dlt\pipeline\pipeline.py", line 237, in _wrap
    step_info = f(self, *args, **kwargs)
                ^^^^^^^^^^^^^^^^^^^^^^^^
  File "C:\Users\thecl\AppData\Local\Packages\PythonSoftwareFoundation.Python.3.11_qbz5n2kfra8p0\LocalCache\local-packages\Python311\site-packages\dlt\pipeline\pipeline.py", line 176, in _wrap
    return f(self, *args, **kwargs)
           ^^^^^^^^^^^^^^^^^^^^^^^^
  File "C:\Users\thecl\AppData\Local\Packages\PythonSoftwareFoundation.Python.3.11_qbz5n2kfra8p0\LocalCache\local-packages\Python311\site-packages\dlt\pipeline\pipeline.py", line 190, in _wrap
    rv = f(self, *args, **kwargs)
         ^^^^^^^^^^^^^^^^^^^^^^^^
  File "C:\Users\thecl\AppData\Local\Packages\PythonSoftwareFoundation.Python.3.11_qbz5n2kfra8p0\LocalCache\local-packages\Python311\site-packages\dlt\pipeline\pipeline.py", line 285, in _wrap
    return f(self, *args, **kwargs)
           ^^^^^^^^^^^^^^^^^^^^^^^^
  File "C:\Users\thecl\AppData\Local\Packages\PythonSoftwareFoundation.Python.3.11_qbz5n2kfra8p0\LocalCache\local-packages\Python311\site-packages\dlt\pipeline\pipeline.py", line 530, in extract
    raise PipelineStepFailed(
dlt.pipeline.exceptions.PipelineStepFailed: Pipeline execution failed at `step=extract` when processing package with `load_id=1789366352.1353562` with exception:

<class 'dlt.extract.exceptions.ResourceExtractionError'>
In processing pipe `contentfolderitem`: extraction of resource `contentfolderitem` in `generator` `_resource` caused an exception: Malformed request https://orgfarm-568b3bcb1a-dev-ed.develop.my.salesforce.com/services/data/v59.0/query/?q=SELECT+Id%2C+IsDeleted%2C+IsFolder%2C+ParentContentFolderId%2C+Title%2C+FileType%2C+ContentSize%2C+FileExtension%2C+CreatedDate%2C+CreatedById%2C+LastModifiedDate%2C+LastModifiedById%2C+SystemModstamp+FROM+ContentFolderItem+WHERE+LastModifiedDate+%3E+2000-01-01T00%3A00%3A00Z. Response content: [{'message': "Implementation restriction: ContentFolderItem requires a filter by Id or ParentContentFolderId using the equals or 'IN' operator", 'errorCode': 'MALFORMED_QUERY'}]
2026-09-14 11:12:32,542 INFO [262/1126] ContentFolderLink
2026-09-14 11:12:32,958 INFO querying ContentFolderLink (full)
2026-09-14 11:12:33,406 INFO [263/1126] ContentFolderMember
2026-09-14 11:12:33,943 INFO querying ContentFolderMember incrementally since 2000-01-01T00:00:00Z
2026-09-14 11:12:34,291 ERROR failed to load ContentFolderMember, skipping and continuing with the rest
Traceback (most recent call last):
  File "C:\Users\thecl\AppData\Local\Packages\PythonSoftwareFoundation.Python.3.11_qbz5n2kfra8p0\LocalCache\local-packages\Python311\site-packages\dlt\extract\pipe_iterator.py", line 274, in _get_source_item
    pipe_item = next(gen)
                ^^^^^^^^^
  File "C:\Users\thecl\OneDrive\Desktop\creditflow-data-warehouse\etl\salesforce_pipeline.py", line 140, in _resource
    for batch in paged_records(sf, soql):
  File "C:\Users\thecl\OneDrive\Desktop\creditflow-data-warehouse\etl\salesforce_pipeline.py", line 122, in paged_records
    for record in run_query_page(sf, soql):
  File "C:\Users\thecl\AppData\Local\Packages\PythonSoftwareFoundation.Python.3.11_qbz5n2kfra8p0\LocalCache\local-packages\Python311\site-packages\simple_salesforce\api.py", line 634, in query_all_iter
    result = self.query(query,
             ^^^^^^^^^^^^^^^^^
  File "C:\Users\thecl\AppData\Local\Packages\PythonSoftwareFoundation.Python.3.11_qbz5n2kfra8p0\LocalCache\local-packages\Python311\site-packages\simple_salesforce\api.py", line 568, in query
    result = self._call_salesforce('GET',
             ^^^^^^^^^^^^^^^^^^^^^^^^^^^^
  File "C:\Users\thecl\AppData\Local\Packages\PythonSoftwareFoundation.Python.3.11_qbz5n2kfra8p0\LocalCache\local-packages\Python311\site-packages\simple_salesforce\api.py", line 787, in _call_salesforce
    exception_handler(result,
  File "C:\Users\thecl\AppData\Local\Packages\PythonSoftwareFoundation.Python.3.11_qbz5n2kfra8p0\LocalCache\local-packages\Python311\site-packages\simple_salesforce\util.py", line 89, in exception_handler
    raise exc_cls(result.url, result.status_code, name, response_content)
simple_salesforce.exceptions.SalesforceMalformedRequest: Malformed request https://orgfarm-568b3bcb1a-dev-ed.develop.my.salesforce.com/services/data/v59.0/query/?q=SELECT+Id%2C+ParentContentFolderId%2C+ChildRecordId%2C+IsDeleted%2C+SystemModstamp%2C+CreatedById%2C+CreatedDate%2C+LastModifiedById%2C+LastModifiedDate+FROM+ContentFolderMember+WHERE+LastModifiedDate+%3E+2000-01-01T00%3A00%3A00Z. Response content: [{'message': 'Implementation restriction: ContentFolderMember requires a filter by a single Id, ChildRecordId or ParentContentFolderId using the equals operator', 'errorCode': 'MALFORMED_QUERY'}]

The above exception was the direct cause of the following exception:

Traceback (most recent call last):
  File "C:\Users\thecl\AppData\Local\Packages\PythonSoftwareFoundation.Python.3.11_qbz5n2kfra8p0\LocalCache\local-packages\Python311\site-packages\dlt\pipeline\pipeline.py", line 507, in extract
    self._extract_source(
  File "C:\Users\thecl\AppData\Local\Packages\PythonSoftwareFoundation.Python.3.11_qbz5n2kfra8p0\LocalCache\local-packages\Python311\site-packages\dlt\pipeline\pipeline.py", line 1661, in _extract_source
    load_id = extract.extract(
              ^^^^^^^^^^^^^^^^
  File "C:\Users\thecl\AppData\Local\Packages\PythonSoftwareFoundation.Python.3.11_qbz5n2kfra8p0\LocalCache\local-packages\Python311\site-packages\dlt\extract\extract.py", line 608, in extract
    self._extract_single_source(
  File "C:\Users\thecl\AppData\Local\Packages\PythonSoftwareFoundation.Python.3.11_qbz5n2kfra8p0\LocalCache\local-packages\Python311\site-packages\dlt\extract\extract.py", line 525, in _extract_single_source
    for pipe_item in pipes:
  File "C:\Users\thecl\AppData\Local\Packages\PythonSoftwareFoundation.Python.3.11_qbz5n2kfra8p0\LocalCache\local-packages\Python311\site-packages\dlt\extract\pipe_iterator.py", line 158, in __next__
    pipe_item = self._get_source_item()
                ^^^^^^^^^^^^^^^^^^^^^^^
  File "C:\Users\thecl\AppData\Local\Packages\PythonSoftwareFoundation.Python.3.11_qbz5n2kfra8p0\LocalCache\local-packages\Python311\site-packages\dlt\extract\pipe_iterator.py", line 304, in _get_source_item
    raise ResourceExtractionError(pipe.name, gen, str(ex), "generator") from ex
dlt.extract.exceptions.ResourceExtractionError: In processing pipe `contentfoldermember`: extraction of resource `contentfoldermember` in `generator` `_resource` caused an exception: Malformed request https://orgfarm-568b3bcb1a-dev-ed.develop.my.salesforce.com/services/data/v59.0/query/?q=SELECT+Id%2C+ParentContentFolderId%2C+ChildRecordId%2C+IsDeleted%2C+SystemModstamp%2C+CreatedById%2C+CreatedDate%2C+LastModifiedById%2C+LastModifiedDate+FROM+ContentFolderMember+WHERE+LastModifiedDate+%3E+2000-01-01T00%3A00%3A00Z. Response content: [{'message': 'Implementation restriction: ContentFolderMember requires a filter by a single Id, ChildRecordId or ParentContentFolderId using the equals operator', 'errorCode': 'MALFORMED_QUERY'}]

The above exception was the direct cause of the following exception:

Traceback (most recent call last):
  File "C:\Users\thecl\OneDrive\Desktop\creditflow-data-warehouse\etl\salesforce_pipeline.py", line 192, in run
    load_info = pipeline.run(resource())
                ^^^^^^^^^^^^^^^^^^^^^^^^
  File "C:\Users\thecl\AppData\Local\Packages\PythonSoftwareFoundation.Python.3.11_qbz5n2kfra8p0\LocalCache\local-packages\Python311\site-packages\dlt\pipeline\pipeline.py", line 237, in _wrap
    step_info = f(self, *args, **kwargs)
                ^^^^^^^^^^^^^^^^^^^^^^^^
  File "C:\Users\thecl\AppData\Local\Packages\PythonSoftwareFoundation.Python.3.11_qbz5n2kfra8p0\LocalCache\local-packages\Python311\site-packages\dlt\pipeline\pipeline.py", line 285, in _wrap
    return f(self, *args, **kwargs)
           ^^^^^^^^^^^^^^^^^^^^^^^^
  File "C:\Users\thecl\AppData\Local\Packages\PythonSoftwareFoundation.Python.3.11_qbz5n2kfra8p0\LocalCache\local-packages\Python311\site-packages\dlt\pipeline\pipeline.py", line 815, in run
    self.extract(
  File "C:\Users\thecl\AppData\Local\Packages\PythonSoftwareFoundation.Python.3.11_qbz5n2kfra8p0\LocalCache\local-packages\Python311\site-packages\dlt\pipeline\pipeline.py", line 237, in _wrap
    step_info = f(self, *args, **kwargs)
                ^^^^^^^^^^^^^^^^^^^^^^^^
  File "C:\Users\thecl\AppData\Local\Packages\PythonSoftwareFoundation.Python.3.11_qbz5n2kfra8p0\LocalCache\local-packages\Python311\site-packages\dlt\pipeline\pipeline.py", line 176, in _wrap
    return f(self, *args, **kwargs)
           ^^^^^^^^^^^^^^^^^^^^^^^^
  File "C:\Users\thecl\AppData\Local\Packages\PythonSoftwareFoundation.Python.3.11_qbz5n2kfra8p0\LocalCache\local-packages\Python311\site-packages\dlt\pipeline\pipeline.py", line 190, in _wrap
    rv = f(self, *args, **kwargs)
         ^^^^^^^^^^^^^^^^^^^^^^^^
  File "C:\Users\thecl\AppData\Local\Packages\PythonSoftwareFoundation.Python.3.11_qbz5n2kfra8p0\LocalCache\local-packages\Python311\site-packages\dlt\pipeline\pipeline.py", line 285, in _wrap
    return f(self, *args, **kwargs)
           ^^^^^^^^^^^^^^^^^^^^^^^^
  File "C:\Users\thecl\AppData\Local\Packages\PythonSoftwareFoundation.Python.3.11_qbz5n2kfra8p0\LocalCache\local-packages\Python311\site-packages\dlt\pipeline\pipeline.py", line 530, in extract
    raise PipelineStepFailed(
dlt.pipeline.exceptions.PipelineStepFailed: Pipeline execution failed at `step=extract` when processing package with `load_id=1789366353.8399491` with exception:

<class 'dlt.extract.exceptions.ResourceExtractionError'>
In processing pipe `contentfoldermember`: extraction of resource `contentfoldermember` in `generator` `_resource` caused an exception: Malformed request https://orgfarm-568b3bcb1a-dev-ed.develop.my.salesforce.com/services/data/v59.0/query/?q=SELECT+Id%2C+ParentContentFolderId%2C+ChildRecordId%2C+IsDeleted%2C+SystemModstamp%2C+CreatedById%2C+CreatedDate%2C+LastModifiedById%2C+LastModifiedDate+FROM+ContentFolderMember+WHERE+LastModifiedDate+%3E+2000-01-01T00%3A00%3A00Z. Response content: [{'message': 'Implementation restriction: ContentFolderMember requires a filter by a single Id, ChildRecordId or ParentContentFolderId using the equals operator', 'errorCode': 'MALFORMED_QUERY'}]
2026-09-14 11:12:34,291 INFO [264/1126] ContentNotification
2026-09-14 11:12:34,708 INFO querying ContentNotification (full)
2026-09-14 11:12:35,148 INFO [265/1126] ContentTagSubscription
2026-09-14 11:12:35,588 INFO querying ContentTagSubscription (full)
2026-09-14 11:12:36,018 INFO [266/1126] ContentUserSubscription
2026-09-14 11:12:36,398 INFO querying ContentUserSubscription (full)
2026-09-14 11:12:36,841 INFO [267/1126] ContentVersion
2026-09-14 11:12:37,338 INFO querying ContentVersion incrementally since 2000-01-01T00:00:00Z
2026-09-14 11:12:38,089 INFO [268/1126] ContentVersionComment
2026-09-14 11:12:38,548 INFO querying ContentVersionComment (full)
2026-09-14 11:12:38,980 INFO [269/1126] ContentVersionHistory
2026-09-14 11:12:39,369 INFO querying ContentVersionHistory (full)
2026-09-14 11:12:39,828 INFO [270/1126] ContentVersionRating
2026-09-14 11:12:40,288 INFO querying ContentVersionRating incrementally since 2000-01-01T00:00:00Z
2026-09-14 11:12:40,938 INFO [271/1126] ContentWorkspace
2026-09-14 11:12:41,443 INFO querying ContentWorkspace incrementally since 2000-01-01T00:00:00Z
2026-09-14 11:12:42,388 INFO [272/1126] ContentWorkspaceDoc
2026-09-14 11:12:43,106 INFO querying ContentWorkspaceDoc (full)
2026-09-14 11:12:43,585 INFO [273/1126] ContentWorkspaceMember
2026-09-14 11:12:43,984 INFO querying ContentWorkspaceMember (full)
2026-09-14 11:12:44,435 INFO [274/1126] ContentWorkspacePermission
2026-09-14 11:12:44,916 INFO querying ContentWorkspacePermission incrementally since 2000-01-01T00:00:00Z
2026-09-14 11:12:45,835 INFO [275/1126] ContentWorkspaceSubscription
2026-09-14 11:12:46,238 INFO querying ContentWorkspaceSubscription (full)
2026-09-14 11:12:46,678 INFO [276/1126] ContextParamMap
2026-09-14 11:12:47,206 INFO querying ContextParamMap incrementally since 2000-01-01T00:00:00Z
2026-09-14 11:12:47,904 INFO [277/1126] Contract
2026-09-14 11:12:48,728 INFO querying Contract incrementally since 2000-01-01T00:00:00Z
2026-09-14 11:12:49,420 INFO [278/1126] ContractContactRole
2026-09-14 11:12:49,920 INFO querying ContractContactRole incrementally since 2000-01-01T00:00:00Z
2026-09-14 11:12:50,582 INFO [279/1126] ContractFeed
2026-09-14 11:12:51,086 INFO querying ContractFeed incrementally since 2000-01-01T00:00:00Z
2026-09-14 11:12:51,809 INFO [280/1126] ContractHistory
2026-09-14 11:12:52,243 INFO querying ContractHistory (full)
2026-09-14 11:12:52,714 INFO [281/1126] ContractLineItem
2026-09-14 11:12:53,241 INFO querying ContractLineItem incrementally since 2000-01-01T00:00:00Z
2026-09-14 11:12:53,873 INFO [282/1126] ContractLineItemFeed
2026-09-14 11:12:54,453 INFO querying ContractLineItemFeed incrementally since 2000-01-01T00:00:00Z
2026-09-14 11:12:55,188 INFO [283/1126] ContractLineItemHistory
2026-09-14 11:12:55,585 INFO querying ContractLineItemHistory (full)
2026-09-14 11:12:56,219 INFO [284/1126] ContractStatus
2026-09-14 11:12:57,568 INFO querying ContractStatus incrementally since 2000-01-01T00:00:00Z
2026-09-14 11:12:58,333 INFO [285/1126] ConvIntelligenceSignalRule
2026-09-14 11:12:58,771 INFO querying ConvIntelligenceSignalRule incrementally since 2000-01-01T00:00:00Z
2026-09-14 11:12:59,438 INFO [286/1126] ConvIntelligenceSignalSubRule
2026-09-14 11:12:59,887 INFO querying ConvIntelligenceSignalSubRule incrementally since 2000-01-01T00:00:00Z
2026-09-14 11:13:00,528 INFO [287/1126] Conversation
2026-09-14 11:13:01,044 INFO querying Conversation incrementally since 2000-01-01T00:00:00Z
2026-09-14 11:13:01,697 INFO [288/1126] ConversationChannelDefinition
2026-09-14 11:13:02,193 INFO querying ConversationChannelDefinition incrementally since 2000-01-01T00:00:00Z
2026-09-14 11:13:02,907 INFO [289/1126] ConversationEntry
2026-09-14 11:13:03,389 INFO querying ConversationEntry incrementally since 2000-01-01T00:00:00Z
2026-09-14 11:13:04,066 INFO [290/1126] ConversationParticipant
2026-09-14 11:13:04,558 INFO querying ConversationParticipant incrementally since 2000-01-01T00:00:00Z
2026-09-14 11:13:05,428 INFO [291/1126] ConversationVendorInfo
2026-09-14 11:13:05,917 INFO querying ConversationVendorInfo incrementally since 2000-01-01T00:00:00Z
2026-09-14 11:13:06,582 INFO [292/1126] CorsWhitelistEntry
2026-09-14 11:13:07,297 INFO querying CorsWhitelistEntry incrementally since 2000-01-01T00:00:00Z
2026-09-14 11:13:08,107 INFO [293/1126] Coupon
2026-09-14 11:13:08,681 INFO querying Coupon incrementally since 2000-01-01T00:00:00Z
2026-09-14 11:13:09,634 INFO [294/1126] CouponCodeRedemption
2026-09-14 11:13:10,152 INFO querying CouponCodeRedemption incrementally since 2000-01-01T00:00:00Z
2026-09-14 11:13:10,838 INFO [295/1126] CouponCodeRedemptionShare
2026-09-14 11:13:11,349 INFO querying CouponCodeRedemptionShare incrementally since 2000-01-01T00:00:00Z
2026-09-14 11:13:12,039 INFO [296/1126] CouponFeed
2026-09-14 11:13:12,732 INFO querying CouponFeed incrementally since 2000-01-01T00:00:00Z
2026-09-14 11:13:13,475 INFO [297/1126] CouponHistory
2026-09-14 11:13:13,847 INFO querying CouponHistory (full)
2026-09-14 11:13:14,308 INFO [298/1126] CouponShare
2026-09-14 11:13:14,818 INFO querying CouponShare incrementally since 2000-01-01T00:00:00Z
2026-09-14 11:13:15,542 INFO [299/1126] CredentialStuffingEventStore
2026-09-14 11:13:16,117 INFO querying CredentialStuffingEventStore incrementally since 2000-01-01T00:00:00Z
2026-09-14 11:13:16,767 INFO [300/1126] CredentialStuffingEventStoreFeed
2026-09-14 11:13:17,319 INFO querying CredentialStuffingEventStoreFeed incrementally since 2000-01-01T00:00:00Z
2026-09-14 11:13:17,988 INFO [301/1126] CreditMemo
2026-09-14 11:13:18,557 INFO querying CreditMemo incrementally since 2000-01-01T00:00:00Z
2026-09-14 11:13:19,239 INFO [302/1126] CreditMemoFeed
2026-09-14 11:13:19,828 INFO querying CreditMemoFeed incrementally since 2000-01-01T00:00:00Z
2026-09-14 11:13:21,538 INFO [303/1126] CreditMemoHistory
2026-09-14 11:13:21,942 INFO querying CreditMemoHistory (full)
2026-09-14 11:13:22,388 INFO [304/1126] CreditMemoInvApplication
2026-09-14 11:13:22,939 INFO querying CreditMemoInvApplication incrementally since 2000-01-01T00:00:00Z
2026-09-14 11:13:23,566 INFO [305/1126] CreditMemoInvApplicationFeed
2026-09-14 11:13:24,061 INFO querying CreditMemoInvApplicationFeed incrementally since 2000-01-01T00:00:00Z
2026-09-14 11:13:24,788 INFO [306/1126] CreditMemoLine
2026-09-14 11:13:25,568 INFO querying CreditMemoLine incrementally since 2000-01-01T00:00:00Z
2026-09-14 11:13:26,227 INFO [307/1126] CreditMemoLineFeed
2026-09-14 11:13:26,727 INFO querying CreditMemoLineFeed incrementally since 2000-01-01T00:00:00Z
2026-09-14 11:13:27,447 INFO [308/1126] CreditMemoLineHistory
2026-09-14 11:13:27,857 INFO querying CreditMemoLineHistory (full)
2026-09-14 11:13:28,308 INFO [309/1126] CreditMemoShare
2026-09-14 11:13:28,751 INFO querying CreditMemoShare incrementally since 2000-01-01T00:00:00Z
2026-09-14 11:13:29,397 INFO [310/1126] CronJobDetail
2026-09-14 11:13:29,808 INFO querying CronJobDetail (full)
2026-09-14 11:13:30,417 INFO [311/1126] CronTrigger
2026-09-14 11:13:30,808 INFO querying CronTrigger (full)
2026-09-14 11:13:31,467 INFO [312/1126] CspTrustedSite
2026-09-14 11:13:32,127 INFO querying CspTrustedSite incrementally since 2000-01-01T00:00:00Z
2026-09-14 11:13:33,918 INFO [313/1126] CustomBrand
2026-09-14 11:13:34,377 INFO querying CustomBrand incrementally since 2000-01-01T00:00:00Z
2026-09-14 11:13:35,672 INFO [314/1126] CustomBrandAsset
2026-09-14 11:13:36,145 INFO querying CustomBrandAsset incrementally since 2000-01-01T00:00:00Z
2026-09-14 11:13:36,822 INFO [315/1126] CustomHelpMenuItem
2026-09-14 11:13:37,287 INFO querying CustomHelpMenuItem incrementally since 2000-01-01T00:00:00Z
2026-09-14 11:13:37,943 INFO [316/1126] CustomHelpMenuSection
2026-09-14 11:13:38,466 INFO querying CustomHelpMenuSection incrementally since 2000-01-01T00:00:00Z
2026-09-14 11:13:39,145 INFO [317/1126] CustomHttpHeader
2026-09-14 11:13:39,736 INFO querying CustomHttpHeader incrementally since 2000-01-01T00:00:00Z
2026-09-14 11:13:40,432 INFO [318/1126] CustomNotificationType
2026-09-14 11:13:41,116 INFO querying CustomNotificationType incrementally since 2000-01-01T00:00:00Z
2026-09-14 11:13:42,141 INFO [319/1126] CustomObjectUserLicenseMetrics
2026-09-14 11:13:42,565 INFO querying CustomObjectUserLicenseMetrics (full)
2026-09-14 11:13:43,020 INFO [320/1126] CustomPermission
2026-09-14 11:13:43,570 INFO querying CustomPermission incrementally since 2000-01-01T00:00:00Z
2026-09-14 11:13:44,322 INFO [321/1126] CustomPermissionDependency
2026-09-14 11:13:45,081 INFO querying CustomPermissionDependency incrementally since 2000-01-01T00:00:00Z
2026-09-14 11:13:45,772 INFO [322/1126] CustomReportType
2026-09-14 11:13:46,275 INFO querying CustomReportType incrementally since 2000-01-01T00:00:00Z
2026-09-14 11:13:47,882 INFO [323/1126] CustomReportTypeLocalization
2026-09-14 11:13:48,631 INFO querying CustomReportTypeLocalization incrementally since 2000-01-01T00:00:00Z
2026-09-14 11:13:49,666 INFO [324/1126] Customer
2026-09-14 11:13:50,389 INFO querying Customer incrementally since 2000-01-01T00:00:00Z
2026-09-14 11:13:51,155 INFO [325/1126] CustomerShare
2026-09-14 11:13:51,666 INFO querying CustomerShare incrementally since 2000-01-01T00:00:00Z
2026-09-14 11:13:52,328 INFO [326/1126] DandBCompany
2026-09-14 11:13:53,271 INFO querying DandBCompany incrementally since 2000-01-01T00:00:00Z
2026-09-14 11:13:54,155 INFO [327/1126] Dashboard
2026-09-14 11:13:54,805 INFO querying Dashboard incrementally since 2000-01-01T00:00:00Z
2026-09-14 11:13:55,946 INFO [328/1126] DashboardComponent
2026-09-14 11:13:56,635 INFO querying DashboardComponent (full)
2026-09-14 11:13:57,498 INFO [329/1126] DashboardComponentFeed
2026-09-14 11:13:58,130 INFO querying DashboardComponentFeed incrementally since 2000-01-01T00:00:00Z
2026-09-14 11:13:59,052 INFO [330/1126] DashboardComponentLocalization
2026-09-14 11:13:59,581 INFO querying DashboardComponentLocalization incrementally since 2000-01-01T00:00:00Z
2026-09-14 11:14:00,403 INFO [331/1126] DashboardFeed
2026-09-14 11:14:00,928 INFO querying DashboardFeed incrementally since 2000-01-01T00:00:00Z
2026-09-14 11:14:01,645 INFO [332/1126] DashboardLocalization
2026-09-14 11:14:02,435 INFO querying DashboardLocalization incrementally since 2000-01-01T00:00:00Z
2026-09-14 11:14:03,157 INFO [333/1126] DataAction
2026-09-14 11:14:03,701 INFO querying DataAction incrementally since 2000-01-01T00:00:00Z
2026-09-14 11:14:06,538 INFO [334/1126] DataActionFeed
2026-09-14 11:14:07,785 INFO querying DataActionFeed incrementally since 2000-01-01T00:00:00Z
2026-09-14 11:14:08,575 INFO [335/1126] DataActionHistory
2026-09-14 11:14:09,006 INFO querying DataActionHistory (full)
2026-09-14 11:14:09,453 INFO [336/1126] DataActionJobSummary
2026-09-14 11:14:10,022 INFO querying DataActionJobSummary incrementally since 2000-01-01T00:00:00Z
2026-09-14 11:14:10,713 INFO [337/1126] DataActionJobSummaryFeed
2026-09-14 11:14:11,255 INFO querying DataActionJobSummaryFeed incrementally since 2000-01-01T00:00:00Z
2026-09-14 11:14:11,939 INFO [338/1126] DataActionJobSummaryHistory
2026-09-14 11:14:12,341 INFO querying DataActionJobSummaryHistory (full)
2026-09-14 11:14:12,797 INFO [339/1126] DataActionJobSummaryShare
2026-09-14 11:14:13,412 INFO querying DataActionJobSummaryShare incrementally since 2000-01-01T00:00:00Z
2026-09-14 11:14:14,152 INFO [340/1126] DataActionTarget
2026-09-14 11:14:14,748 INFO querying DataActionTarget incrementally since 2000-01-01T00:00:00Z
2026-09-14 11:14:15,565 INFO [341/1126] DataActionTargetFeed
2026-09-14 11:14:16,092 INFO querying DataActionTargetFeed incrementally since 2000-01-01T00:00:00Z
2026-09-14 11:14:16,780 INFO [342/1126] DataActionTargetHistory
2026-09-14 11:14:17,405 INFO querying DataActionTargetHistory (full)
2026-09-14 11:14:17,981 INFO [343/1126] DataActionTargetShare
2026-09-14 11:14:18,452 INFO querying DataActionTargetShare incrementally since 2000-01-01T00:00:00Z
2026-09-14 11:14:19,126 INFO [344/1126] DataAssessmentFieldMetric
2026-09-14 11:14:19,646 INFO querying DataAssessmentFieldMetric incrementally since 2000-01-01T00:00:00Z
2026-09-14 11:14:20,420 INFO [345/1126] DataAssessmentMetric
2026-09-14 11:14:20,990 INFO querying DataAssessmentMetric incrementally since 2000-01-01T00:00:00Z
2026-09-14 11:14:22,011 INFO [346/1126] DataAssessmentValueMetric
2026-09-14 11:14:22,539 INFO querying DataAssessmentValueMetric incrementally since 2000-01-01T00:00:00Z
2026-09-14 11:14:23,267 INFO [347/1126] DataGraph
2026-09-14 11:14:24,095 INFO querying DataGraph incrementally since 2000-01-01T00:00:00Z
2026-09-14 11:14:24,872 INFO [348/1126] DataLakeObjectInstance
2026-09-14 11:14:25,398 INFO querying DataLakeObjectInstance incrementally since 2000-01-01T00:00:00Z
2026-09-14 11:14:26,217 INFO [349/1126] DataLakeObjectInstanceFeed
2026-09-14 11:14:26,916 INFO querying DataLakeObjectInstanceFeed incrementally since 2000-01-01T00:00:00Z
2026-09-14 11:14:27,860 INFO [350/1126] DataLakeObjectInstanceHistory
2026-09-14 11:14:28,258 INFO querying DataLakeObjectInstanceHistory (full)
2026-09-14 11:14:28,758 INFO [351/1126] DataMultiOrgConnection
2026-09-14 11:14:29,260 INFO querying DataMultiOrgConnection incrementally since 2000-01-01T00:00:00Z
2026-09-14 11:14:29,954 INFO [352/1126] DataMultiOrgObjectRef
2026-09-14 11:14:30,449 INFO querying DataMultiOrgObjectRef incrementally since 2000-01-01T00:00:00Z
2026-09-14 11:14:31,152 INFO [353/1126] DataMultiOrgSyncStatus
2026-09-14 11:14:31,632 INFO querying DataMultiOrgSyncStatus incrementally since 2000-01-01T00:00:00Z
2026-09-14 11:14:32,272 INFO [354/1126] DataRemoteOrgDataSpaceMap
2026-09-14 11:14:32,778 INFO querying DataRemoteOrgDataSpaceMap incrementally since 2000-01-01T00:00:00Z
2026-09-14 11:14:33,476 INFO [355/1126] DataSourceBundle
2026-09-14 11:14:33,998 INFO querying DataSourceBundle incrementally since 2000-01-01T00:00:00Z
2026-09-14 11:14:34,665 INFO [356/1126] DataSourceBundleShare
2026-09-14 11:14:35,259 INFO querying DataSourceBundleShare incrementally since 2000-01-01T00:00:00Z
2026-09-14 11:14:35,953 INFO [357/1126] DataStatistics
2026-09-14 11:14:37,355 INFO querying DataStatistics (full)
2026-09-14 11:14:37,806 ERROR failed to load DataStatistics, skipping and continuing with the rest
Traceback (most recent call last):
  File "C:\Users\thecl\AppData\Local\Packages\PythonSoftwareFoundation.Python.3.11_qbz5n2kfra8p0\LocalCache\local-packages\Python311\site-packages\dlt\extract\pipe_iterator.py", line 274, in _get_source_item
    pipe_item = next(gen)
                ^^^^^^^^^
  File "C:\Users\thecl\OneDrive\Desktop\creditflow-data-warehouse\etl\salesforce_pipeline.py", line 147, in _resource
    for batch in paged_records(sf, soql):
  File "C:\Users\thecl\OneDrive\Desktop\creditflow-data-warehouse\etl\salesforce_pipeline.py", line 122, in paged_records
    for record in run_query_page(sf, soql):
  File "C:\Users\thecl\AppData\Local\Packages\PythonSoftwareFoundation.Python.3.11_qbz5n2kfra8p0\LocalCache\local-packages\Python311\site-packages\simple_salesforce\api.py", line 634, in query_all_iter
    result = self.query(query,
             ^^^^^^^^^^^^^^^^^
  File "C:\Users\thecl\AppData\Local\Packages\PythonSoftwareFoundation.Python.3.11_qbz5n2kfra8p0\LocalCache\local-packages\Python311\site-packages\simple_salesforce\api.py", line 568, in query
    result = self._call_salesforce('GET',
             ^^^^^^^^^^^^^^^^^^^^^^^^^^^^
  File "C:\Users\thecl\AppData\Local\Packages\PythonSoftwareFoundation.Python.3.11_qbz5n2kfra8p0\LocalCache\local-packages\Python311\site-packages\simple_salesforce\api.py", line 787, in _call_salesforce
    exception_handler(result,
  File "C:\Users\thecl\AppData\Local\Packages\PythonSoftwareFoundation.Python.3.11_qbz5n2kfra8p0\LocalCache\local-packages\Python311\site-packages\simple_salesforce\util.py", line 89, in exception_handler
    raise exc_cls(result.url, result.status_code, name, response_content)
simple_salesforce.exceptions.SalesforceMalformedRequest: Malformed request https://orgfarm-568b3bcb1a-dev-ed.develop.my.salesforce.com/services/data/v59.0/query/?q=SELECT+Id%2C+ExternalId%2C+StatType%2C+UserId%2C+Type%2C+StatValue+FROM+DataStatistics. Response content: [{'message': 'Where clauses should contain StatType', 'errorCode': 'EXTERNAL_OBJECT_UNSUPPORTED_EXCEPTION'}]

The above exception was the direct cause of the following exception:

Traceback (most recent call last):
  File "C:\Users\thecl\AppData\Local\Packages\PythonSoftwareFoundation.Python.3.11_qbz5n2kfra8p0\LocalCache\local-packages\Python311\site-packages\dlt\pipeline\pipeline.py", line 507, in extract
    self._extract_source(
  File "C:\Users\thecl\AppData\Local\Packages\PythonSoftwareFoundation.Python.3.11_qbz5n2kfra8p0\LocalCache\local-packages\Python311\site-packages\dlt\pipeline\pipeline.py", line 1661, in _extract_source
    load_id = extract.extract(
              ^^^^^^^^^^^^^^^^
  File "C:\Users\thecl\AppData\Local\Packages\PythonSoftwareFoundation.Python.3.11_qbz5n2kfra8p0\LocalCache\local-packages\Python311\site-packages\dlt\extract\extract.py", line 608, in extract
    self._extract_single_source(
  File "C:\Users\thecl\AppData\Local\Packages\PythonSoftwareFoundation.Python.3.11_qbz5n2kfra8p0\LocalCache\local-packages\Python311\site-packages\dlt\extract\extract.py", line 525, in _extract_single_source
    for pipe_item in pipes:
  File "C:\Users\thecl\AppData\Local\Packages\PythonSoftwareFoundation.Python.3.11_qbz5n2kfra8p0\LocalCache\local-packages\Python311\site-packages\dlt\extract\pipe_iterator.py", line 158, in __next__
    pipe_item = self._get_source_item()
                ^^^^^^^^^^^^^^^^^^^^^^^
  File "C:\Users\thecl\AppData\Local\Packages\PythonSoftwareFoundation.Python.3.11_qbz5n2kfra8p0\LocalCache\local-packages\Python311\site-packages\dlt\extract\pipe_iterator.py", line 304, in _get_source_item
    raise ResourceExtractionError(pipe.name, gen, str(ex), "generator") from ex
dlt.extract.exceptions.ResourceExtractionError: In processing pipe `datastatistics`: extraction of resource `datastatistics` in `generator` `_resource` caused an exception: Malformed request https://orgfarm-568b3bcb1a-dev-ed.develop.my.salesforce.com/services/data/v59.0/query/?q=SELECT+Id%2C+ExternalId%2C+StatType%2C+UserId%2C+Type%2C+StatValue+FROM+DataStatistics. Response content: [{'message': 'Where clauses should contain StatType', 'errorCode': 'EXTERNAL_OBJECT_UNSUPPORTED_EXCEPTION'}]

The above exception was the direct cause of the following exception:

Traceback (most recent call last):
  File "C:\Users\thecl\OneDrive\Desktop\creditflow-data-warehouse\etl\salesforce_pipeline.py", line 192, in run
    load_info = pipeline.run(resource())
                ^^^^^^^^^^^^^^^^^^^^^^^^
  File "C:\Users\thecl\AppData\Local\Packages\PythonSoftwareFoundation.Python.3.11_qbz5n2kfra8p0\LocalCache\local-packages\Python311\site-packages\dlt\pipeline\pipeline.py", line 237, in _wrap
    step_info = f(self, *args, **kwargs)
                ^^^^^^^^^^^^^^^^^^^^^^^^
  File "C:\Users\thecl\AppData\Local\Packages\PythonSoftwareFoundation.Python.3.11_qbz5n2kfra8p0\LocalCache\local-packages\Python311\site-packages\dlt\pipeline\pipeline.py", line 285, in _wrap
    return f(self, *args, **kwargs)
           ^^^^^^^^^^^^^^^^^^^^^^^^
  File "C:\Users\thecl\AppData\Local\Packages\PythonSoftwareFoundation.Python.3.11_qbz5n2kfra8p0\LocalCache\local-packages\Python311\site-packages\dlt\pipeline\pipeline.py", line 815, in run
    self.extract(
  File "C:\Users\thecl\AppData\Local\Packages\PythonSoftwareFoundation.Python.3.11_qbz5n2kfra8p0\LocalCache\local-packages\Python311\site-packages\dlt\pipeline\pipeline.py", line 237, in _wrap
    step_info = f(self, *args, **kwargs)
                ^^^^^^^^^^^^^^^^^^^^^^^^
  File "C:\Users\thecl\AppData\Local\Packages\PythonSoftwareFoundation.Python.3.11_qbz5n2kfra8p0\LocalCache\local-packages\Python311\site-packages\dlt\pipeline\pipeline.py", line 176, in _wrap
    return f(self, *args, **kwargs)
           ^^^^^^^^^^^^^^^^^^^^^^^^
  File "C:\Users\thecl\AppData\Local\Packages\PythonSoftwareFoundation.Python.3.11_qbz5n2kfra8p0\LocalCache\local-packages\Python311\site-packages\dlt\pipeline\pipeline.py", line 190, in _wrap
    rv = f(self, *args, **kwargs)
         ^^^^^^^^^^^^^^^^^^^^^^^^
  File "C:\Users\thecl\AppData\Local\Packages\PythonSoftwareFoundation.Python.3.11_qbz5n2kfra8p0\LocalCache\local-packages\Python311\site-packages\dlt\pipeline\pipeline.py", line 285, in _wrap
    return f(self, *args, **kwargs)
           ^^^^^^^^^^^^^^^^^^^^^^^^
  File "C:\Users\thecl\AppData\Local\Packages\PythonSoftwareFoundation.Python.3.11_qbz5n2kfra8p0\LocalCache\local-packages\Python311\site-packages\dlt\pipeline\pipeline.py", line 530, in extract
    raise PipelineStepFailed(
dlt.pipeline.exceptions.PipelineStepFailed: Pipeline execution failed at `step=extract` when processing package with `load_id=1789366477.3379781` with exception:

<class 'dlt.extract.exceptions.ResourceExtractionError'>
In processing pipe `datastatistics`: extraction of resource `datastatistics` in `generator` `_resource` caused an exception: Malformed request https://orgfarm-568b3bcb1a-dev-ed.develop.my.salesforce.com/services/data/v59.0/query/?q=SELECT+Id%2C+ExternalId%2C+StatType%2C+UserId%2C+Type%2C+StatValue+FROM+DataStatistics. Response content: [{'message': 'Where clauses should contain StatType', 'errorCode': 'EXTERNAL_OBJECT_UNSUPPORTED_EXCEPTION'}]
2026-09-14 11:14:37,812 INFO [358/1126] DataStream
2026-09-14 11:14:38,365 INFO querying DataStream incrementally since 2000-01-01T00:00:00Z
2026-09-14 11:14:39,093 INFO [359/1126] DataStreamFeed
2026-09-14 11:14:40,569 INFO querying DataStreamFeed incrementally since 2000-01-01T00:00:00Z
2026-09-14 11:14:41,245 INFO [360/1126] DataStreamHistory
2026-09-14 11:14:41,639 INFO querying DataStreamHistory (full)
2026-09-14 11:14:42,206 INFO [361/1126] DataType
2026-09-14 11:14:42,709 INFO querying DataType (full)
2026-09-14 11:14:43,034 ERROR failed to load DataType, skipping and continuing with the rest
Traceback (most recent call last):
  File "C:\Users\thecl\AppData\Local\Packages\PythonSoftwareFoundation.Python.3.11_qbz5n2kfra8p0\LocalCache\local-packages\Python311\site-packages\dlt\extract\pipe_iterator.py", line 274, in _get_source_item
    pipe_item = next(gen)
                ^^^^^^^^^
  File "C:\Users\thecl\OneDrive\Desktop\creditflow-data-warehouse\etl\salesforce_pipeline.py", line 147, in _resource
    for batch in paged_records(sf, soql):
  File "C:\Users\thecl\OneDrive\Desktop\creditflow-data-warehouse\etl\salesforce_pipeline.py", line 122, in paged_records
    for record in run_query_page(sf, soql):
  File "C:\Users\thecl\AppData\Local\Packages\PythonSoftwareFoundation.Python.3.11_qbz5n2kfra8p0\LocalCache\local-packages\Python311\site-packages\simple_salesforce\api.py", line 634, in query_all_iter
    result = self.query(query,
             ^^^^^^^^^^^^^^^^^
  File "C:\Users\thecl\AppData\Local\Packages\PythonSoftwareFoundation.Python.3.11_qbz5n2kfra8p0\LocalCache\local-packages\Python311\site-packages\simple_salesforce\api.py", line 568, in query
    result = self._call_salesforce('GET',
             ^^^^^^^^^^^^^^^^^^^^^^^^^^^^
  File "C:\Users\thecl\AppData\Local\Packages\PythonSoftwareFoundation.Python.3.11_qbz5n2kfra8p0\LocalCache\local-packages\Python311\site-packages\simple_salesforce\api.py", line 787, in _call_salesforce
    exception_handler(result,
  File "C:\Users\thecl\AppData\Local\Packages\PythonSoftwareFoundation.Python.3.11_qbz5n2kfra8p0\LocalCache\local-packages\Python311\site-packages\simple_salesforce\util.py", line 89, in exception_handler
    raise exc_cls(result.url, result.status_code, name, response_content)
simple_salesforce.exceptions.SalesforceMalformedRequest: Malformed request https://orgfarm-568b3bcb1a-dev-ed.develop.my.salesforce.com/services/data/v59.0/query/?q=SELECT+Id%2C+DurableId%2C+DeveloperName%2C+IsComplex%2C+ContextServiceDataTypeId%2C+ContextWsdlDataTypeId+FROM+DataType. Response content: [{'message': 'DataType does not support queryMore(), use LIMIT to restrict the results to a single batch', 'errorCode': 'EXCEEDED_ID_LIMIT'}]

The above exception was the direct cause of the following exception:

Traceback (most recent call last):
  File "C:\Users\thecl\AppData\Local\Packages\PythonSoftwareFoundation.Python.3.11_qbz5n2kfra8p0\LocalCache\local-packages\Python311\site-packages\dlt\pipeline\pipeline.py", line 507, in extract
    self._extract_source(
  File "C:\Users\thecl\AppData\Local\Packages\PythonSoftwareFoundation.Python.3.11_qbz5n2kfra8p0\LocalCache\local-packages\Python311\site-packages\dlt\pipeline\pipeline.py", line 1661, in _extract_source
    load_id = extract.extract(
              ^^^^^^^^^^^^^^^^
  File "C:\Users\thecl\AppData\Local\Packages\PythonSoftwareFoundation.Python.3.11_qbz5n2kfra8p0\LocalCache\local-packages\Python311\site-packages\dlt\extract\extract.py", line 608, in extract
    self._extract_single_source(
  File "C:\Users\thecl\AppData\Local\Packages\PythonSoftwareFoundation.Python.3.11_qbz5n2kfra8p0\LocalCache\local-packages\Python311\site-packages\dlt\extract\extract.py", line 525, in _extract_single_source
    for pipe_item in pipes:
  File "C:\Users\thecl\AppData\Local\Packages\PythonSoftwareFoundation.Python.3.11_qbz5n2kfra8p0\LocalCache\local-packages\Python311\site-packages\dlt\extract\pipe_iterator.py", line 158, in __next__
    pipe_item = self._get_source_item()
                ^^^^^^^^^^^^^^^^^^^^^^^
  File "C:\Users\thecl\AppData\Local\Packages\PythonSoftwareFoundation.Python.3.11_qbz5n2kfra8p0\LocalCache\local-packages\Python311\site-packages\dlt\extract\pipe_iterator.py", line 304, in _get_source_item
    raise ResourceExtractionError(pipe.name, gen, str(ex), "generator") from ex
dlt.extract.exceptions.ResourceExtractionError: In processing pipe `datatype`: extraction of resource `datatype` in `generator` `_resource` caused an exception: Malformed request https://orgfarm-568b3bcb1a-dev-ed.develop.my.salesforce.com/services/data/v59.0/query/?q=SELECT+Id%2C+DurableId%2C+DeveloperName%2C+IsComplex%2C+ContextServiceDataTypeId%2C+ContextWsdlDataTypeId+FROM+DataType. Response content: [{'message': 'DataType does not support queryMore(), use LIMIT to restrict the results to a single batch', 'errorCode': 'EXCEEDED_ID_LIMIT'}]

The above exception was the direct cause of the following exception:

Traceback (most recent call last):
  File "C:\Users\thecl\OneDrive\Desktop\creditflow-data-warehouse\etl\salesforce_pipeline.py", line 192, in run
    load_info = pipeline.run(resource())
                ^^^^^^^^^^^^^^^^^^^^^^^^
  File "C:\Users\thecl\AppData\Local\Packages\PythonSoftwareFoundation.Python.3.11_qbz5n2kfra8p0\LocalCache\local-packages\Python311\site-packages\dlt\pipeline\pipeline.py", line 237, in _wrap
    step_info = f(self, *args, **kwargs)
                ^^^^^^^^^^^^^^^^^^^^^^^^
  File "C:\Users\thecl\AppData\Local\Packages\PythonSoftwareFoundation.Python.3.11_qbz5n2kfra8p0\LocalCache\local-packages\Python311\site-packages\dlt\pipeline\pipeline.py", line 285, in _wrap
    return f(self, *args, **kwargs)
           ^^^^^^^^^^^^^^^^^^^^^^^^
  File "C:\Users\thecl\AppData\Local\Packages\PythonSoftwareFoundation.Python.3.11_qbz5n2kfra8p0\LocalCache\local-packages\Python311\site-packages\dlt\pipeline\pipeline.py", line 815, in run
    self.extract(
  File "C:\Users\thecl\AppData\Local\Packages\PythonSoftwareFoundation.Python.3.11_qbz5n2kfra8p0\LocalCache\local-packages\Python311\site-packages\dlt\pipeline\pipeline.py", line 237, in _wrap
    step_info = f(self, *args, **kwargs)
                ^^^^^^^^^^^^^^^^^^^^^^^^
  File "C:\Users\thecl\AppData\Local\Packages\PythonSoftwareFoundation.Python.3.11_qbz5n2kfra8p0\LocalCache\local-packages\Python311\site-packages\dlt\pipeline\pipeline.py", line 176, in _wrap
    return f(self, *args, **kwargs)
           ^^^^^^^^^^^^^^^^^^^^^^^^
  File "C:\Users\thecl\AppData\Local\Packages\PythonSoftwareFoundation.Python.3.11_qbz5n2kfra8p0\LocalCache\local-packages\Python311\site-packages\dlt\pipeline\pipeline.py", line 190, in _wrap
    rv = f(self, *args, **kwargs)
         ^^^^^^^^^^^^^^^^^^^^^^^^
  File "C:\Users\thecl\AppData\Local\Packages\PythonSoftwareFoundation.Python.3.11_qbz5n2kfra8p0\LocalCache\local-packages\Python311\site-packages\dlt\pipeline\pipeline.py", line 285, in _wrap
    return f(self, *args, **kwargs)
           ^^^^^^^^^^^^^^^^^^^^^^^^
  File "C:\Users\thecl\AppData\Local\Packages\PythonSoftwareFoundation.Python.3.11_qbz5n2kfra8p0\LocalCache\local-packages\Python311\site-packages\dlt\pipeline\pipeline.py", line 530, in extract
    raise PipelineStepFailed(
dlt.pipeline.exceptions.PipelineStepFailed: Pipeline execution failed at `step=extract` when processing package with `load_id=1789366482.690868` with exception:

<class 'dlt.extract.exceptions.ResourceExtractionError'>
In processing pipe `datatype`: extraction of resource `datatype` in `generator` `_resource` caused an exception: Malformed request https://orgfarm-568b3bcb1a-dev-ed.develop.my.salesforce.com/services/data/v59.0/query/?q=SELECT+Id%2C+DurableId%2C+DeveloperName%2C+IsComplex%2C+ContextServiceDataTypeId%2C+ContextWsdlDataTypeId+FROM+DataType. Response content: [{'message': 'DataType does not support queryMore(), use LIMIT to restrict the results to a single batch', 'errorCode': 'EXCEEDED_ID_LIMIT'}]
2026-09-14 11:14:43,036 INFO [362/1126] DataUseLegalBasis
2026-09-14 11:14:43,574 INFO querying DataUseLegalBasis incrementally since 2000-01-01T00:00:00Z
2026-09-14 11:14:45,485 INFO [363/1126] DataUseLegalBasisHistory
2026-09-14 11:14:45,941 INFO querying DataUseLegalBasisHistory (full)
2026-09-14 11:14:46,806 INFO [364/1126] DataUseLegalBasisShare
2026-09-14 11:14:47,606 INFO querying DataUseLegalBasisShare incrementally since 2000-01-01T00:00:00Z
2026-09-14 11:14:48,416 INFO [365/1126] DataUsePurpose
2026-09-14 11:14:49,008 INFO querying DataUsePurpose incrementally since 2000-01-01T00:00:00Z
2026-09-14 11:14:49,735 INFO [366/1126] DataUsePurposeHistory
2026-09-14 11:14:50,286 INFO querying DataUsePurposeHistory (full)
2026-09-14 11:14:50,779 INFO [367/1126] DataUsePurposeShare
2026-09-14 11:14:51,293 INFO querying DataUsePurposeShare incrementally since 2000-01-01T00:00:00Z
2026-09-14 11:14:52,022 INFO [368/1126] DataWeaveResource
2026-09-14 11:14:52,856 INFO querying DataWeaveResource incrementally since 2000-01-01T00:00:00Z
2026-09-14 11:14:53,638 INFO [369/1126] DatacloudAddress
2026-09-14 11:14:54,079 INFO querying DatacloudAddress (full)
2026-09-14 11:14:54,430 ERROR failed to load DatacloudAddress, skipping and continuing with the rest
Traceback (most recent call last):
  File "C:\Users\thecl\AppData\Local\Packages\PythonSoftwareFoundation.Python.3.11_qbz5n2kfra8p0\LocalCache\local-packages\Python311\site-packages\dlt\extract\pipe_iterator.py", line 274, in _get_source_item
    pipe_item = next(gen)
                ^^^^^^^^^
  File "C:\Users\thecl\OneDrive\Desktop\creditflow-data-warehouse\etl\salesforce_pipeline.py", line 147, in _resource
    for batch in paged_records(sf, soql):
  File "C:\Users\thecl\OneDrive\Desktop\creditflow-data-warehouse\etl\salesforce_pipeline.py", line 122, in paged_records
    for record in run_query_page(sf, soql):
  File "C:\Users\thecl\AppData\Local\Packages\PythonSoftwareFoundation.Python.3.11_qbz5n2kfra8p0\LocalCache\local-packages\Python311\site-packages\simple_salesforce\api.py", line 634, in query_all_iter
    result = self.query(query,
             ^^^^^^^^^^^^^^^^^
  File "C:\Users\thecl\AppData\Local\Packages\PythonSoftwareFoundation.Python.3.11_qbz5n2kfra8p0\LocalCache\local-packages\Python311\site-packages\simple_salesforce\api.py", line 568, in query
    result = self._call_salesforce('GET',
             ^^^^^^^^^^^^^^^^^^^^^^^^^^^^
  File "C:\Users\thecl\AppData\Local\Packages\PythonSoftwareFoundation.Python.3.11_qbz5n2kfra8p0\LocalCache\local-packages\Python311\site-packages\simple_salesforce\api.py", line 787, in _call_salesforce
    exception_handler(result,
  File "C:\Users\thecl\AppData\Local\Packages\PythonSoftwareFoundation.Python.3.11_qbz5n2kfra8p0\LocalCache\local-packages\Python311\site-packages\simple_salesforce\util.py", line 89, in exception_handler
    raise exc_cls(result.url, result.status_code, name, response_content)
simple_salesforce.exceptions.SalesforceMalformedRequest: Malformed request https://orgfarm-568b3bcb1a-dev-ed.develop.my.salesforce.com/services/data/v59.0/query/?q=SELECT+Id%2C+ExternalId%2C+AddressLine1%2C+AddressLine2%2C+City%2C+State%2C+Country%2C+PostalCode%2C+Latitude%2C+Longitude%2C+GeoAccuracyCode%2C+GeoAccuracyNum+FROM+DatacloudAddress. Response content: [{'message': 'SObject - DATACLOUD_ADDRESS : Transient queries are not implemented', 'errorCode': 'EXTERNAL_OBJECT_EXCEPTION'}]

The above exception was the direct cause of the following exception:

Traceback (most recent call last):
  File "C:\Users\thecl\AppData\Local\Packages\PythonSoftwareFoundation.Python.3.11_qbz5n2kfra8p0\LocalCache\local-packages\Python311\site-packages\dlt\pipeline\pipeline.py", line 507, in extract
    self._extract_source(
  File "C:\Users\thecl\AppData\Local\Packages\PythonSoftwareFoundation.Python.3.11_qbz5n2kfra8p0\LocalCache\local-packages\Python311\site-packages\dlt\pipeline\pipeline.py", line 1661, in _extract_source
    load_id = extract.extract(
              ^^^^^^^^^^^^^^^^
  File "C:\Users\thecl\AppData\Local\Packages\PythonSoftwareFoundation.Python.3.11_qbz5n2kfra8p0\LocalCache\local-packages\Python311\site-packages\dlt\extract\extract.py", line 608, in extract
    self._extract_single_source(
  File "C:\Users\thecl\AppData\Local\Packages\PythonSoftwareFoundation.Python.3.11_qbz5n2kfra8p0\LocalCache\local-packages\Python311\site-packages\dlt\extract\extract.py", line 525, in _extract_single_source
    for pipe_item in pipes:
  File "C:\Users\thecl\AppData\Local\Packages\PythonSoftwareFoundation.Python.3.11_qbz5n2kfra8p0\LocalCache\local-packages\Python311\site-packages\dlt\extract\pipe_iterator.py", line 158, in __next__
    pipe_item = self._get_source_item()
                ^^^^^^^^^^^^^^^^^^^^^^^
  File "C:\Users\thecl\AppData\Local\Packages\PythonSoftwareFoundation.Python.3.11_qbz5n2kfra8p0\LocalCache\local-packages\Python311\site-packages\dlt\extract\pipe_iterator.py", line 304, in _get_source_item
    raise ResourceExtractionError(pipe.name, gen, str(ex), "generator") from ex
dlt.extract.exceptions.ResourceExtractionError: In processing pipe `datacloudaddress`: extraction of resource `datacloudaddress` in `generator` `_resource` caused an exception: Malformed request https://orgfarm-568b3bcb1a-dev-ed.develop.my.salesforce.com/services/data/v59.0/query/?q=SELECT+Id%2C+ExternalId%2C+AddressLine1%2C+AddressLine2%2C+City%2C+State%2C+Country%2C+PostalCode%2C+Latitude%2C+Longitude%2C+GeoAccuracyCode%2C+GeoAccuracyNum+FROM+DatacloudAddress. Response content: [{'message': 'SObject - DATACLOUD_ADDRESS : Transient queries are not implemented', 'errorCode': 'EXTERNAL_OBJECT_EXCEPTION'}]

The above exception was the direct cause of the following exception:

Traceback (most recent call last):
  File "C:\Users\thecl\OneDrive\Desktop\creditflow-data-warehouse\etl\salesforce_pipeline.py", line 192, in run
    load_info = pipeline.run(resource())
                ^^^^^^^^^^^^^^^^^^^^^^^^
  File "C:\Users\thecl\AppData\Local\Packages\PythonSoftwareFoundation.Python.3.11_qbz5n2kfra8p0\LocalCache\local-packages\Python311\site-packages\dlt\pipeline\pipeline.py", line 237, in _wrap
    step_info = f(self, *args, **kwargs)
                ^^^^^^^^^^^^^^^^^^^^^^^^
  File "C:\Users\thecl\AppData\Local\Packages\PythonSoftwareFoundation.Python.3.11_qbz5n2kfra8p0\LocalCache\local-packages\Python311\site-packages\dlt\pipeline\pipeline.py", line 285, in _wrap
    return f(self, *args, **kwargs)
           ^^^^^^^^^^^^^^^^^^^^^^^^
  File "C:\Users\thecl\AppData\Local\Packages\PythonSoftwareFoundation.Python.3.11_qbz5n2kfra8p0\LocalCache\local-packages\Python311\site-packages\dlt\pipeline\pipeline.py", line 815, in run
    self.extract(
  File "C:\Users\thecl\AppData\Local\Packages\PythonSoftwareFoundation.Python.3.11_qbz5n2kfra8p0\LocalCache\local-packages\Python311\site-packages\dlt\pipeline\pipeline.py", line 237, in _wrap
    step_info = f(self, *args, **kwargs)
                ^^^^^^^^^^^^^^^^^^^^^^^^
  File "C:\Users\thecl\AppData\Local\Packages\PythonSoftwareFoundation.Python.3.11_qbz5n2kfra8p0\LocalCache\local-packages\Python311\site-packages\dlt\pipeline\pipeline.py", line 176, in _wrap
    return f(self, *args, **kwargs)
           ^^^^^^^^^^^^^^^^^^^^^^^^
  File "C:\Users\thecl\AppData\Local\Packages\PythonSoftwareFoundation.Python.3.11_qbz5n2kfra8p0\LocalCache\local-packages\Python311\site-packages\dlt\pipeline\pipeline.py", line 190, in _wrap
    rv = f(self, *args, **kwargs)
         ^^^^^^^^^^^^^^^^^^^^^^^^
  File "C:\Users\thecl\AppData\Local\Packages\PythonSoftwareFoundation.Python.3.11_qbz5n2kfra8p0\LocalCache\local-packages\Python311\site-packages\dlt\pipeline\pipeline.py", line 285, in _wrap
    return f(self, *args, **kwargs)
           ^^^^^^^^^^^^^^^^^^^^^^^^
  File "C:\Users\thecl\AppData\Local\Packages\PythonSoftwareFoundation.Python.3.11_qbz5n2kfra8p0\LocalCache\local-packages\Python311\site-packages\dlt\pipeline\pipeline.py", line 530, in extract
    raise PipelineStepFailed(
dlt.pipeline.exceptions.PipelineStepFailed: Pipeline execution failed at `step=extract` when processing package with `load_id=1789366494.061478` with exception:

<class 'dlt.extract.exceptions.ResourceExtractionError'>
In processing pipe `datacloudaddress`: extraction of resource `datacloudaddress` in `generator` `_resource` caused an exception: Malformed request https://orgfarm-568b3bcb1a-dev-ed.develop.my.salesforce.com/services/data/v59.0/query/?q=SELECT+Id%2C+ExternalId%2C+AddressLine1%2C+AddressLine2%2C+City%2C+State%2C+Country%2C+PostalCode%2C+Latitude%2C+Longitude%2C+GeoAccuracyCode%2C+GeoAccuracyNum+FROM+DatacloudAddress. Response content: [{'message': 'SObject - DATACLOUD_ADDRESS : Transient queries are not implemented', 'errorCode': 'EXTERNAL_OBJECT_EXCEPTION'}]
2026-09-14 11:14:54,432 INFO [370/1126] DatacloudCompany
2026-09-14 11:14:54,951 INFO querying DatacloudCompany (full)
2026-09-14 11:14:55,425 ERROR failed to load DatacloudCompany, skipping and continuing with the rest
Traceback (most recent call last):
  File "C:\Users\thecl\AppData\Local\Packages\PythonSoftwareFoundation.Python.3.11_qbz5n2kfra8p0\LocalCache\local-packages\Python311\site-packages\dlt\extract\pipe_iterator.py", line 274, in _get_source_item
    pipe_item = next(gen)
                ^^^^^^^^^
  File "C:\Users\thecl\OneDrive\Desktop\creditflow-data-warehouse\etl\salesforce_pipeline.py", line 147, in _resource
    for batch in paged_records(sf, soql):
  File "C:\Users\thecl\OneDrive\Desktop\creditflow-data-warehouse\etl\salesforce_pipeline.py", line 122, in paged_records
    for record in run_query_page(sf, soql):
  File "C:\Users\thecl\AppData\Local\Packages\PythonSoftwareFoundation.Python.3.11_qbz5n2kfra8p0\LocalCache\local-packages\Python311\site-packages\simple_salesforce\api.py", line 634, in query_all_iter
    result = self.query(query,
             ^^^^^^^^^^^^^^^^^
  File "C:\Users\thecl\AppData\Local\Packages\PythonSoftwareFoundation.Python.3.11_qbz5n2kfra8p0\LocalCache\local-packages\Python311\site-packages\simple_salesforce\api.py", line 568, in query
    result = self._call_salesforce('GET',
             ^^^^^^^^^^^^^^^^^^^^^^^^^^^^
  File "C:\Users\thecl\AppData\Local\Packages\PythonSoftwareFoundation.Python.3.11_qbz5n2kfra8p0\LocalCache\local-packages\Python311\site-packages\simple_salesforce\api.py", line 787, in _call_salesforce
    exception_handler(result,
  File "C:\Users\thecl\AppData\Local\Packages\PythonSoftwareFoundation.Python.3.11_qbz5n2kfra8p0\LocalCache\local-packages\Python311\site-packages\simple_salesforce\util.py", line 89, in exception_handler
    raise exc_cls(result.url, result.status_code, name, response_content)
simple_salesforce.exceptions.SalesforceRefusedRequest: Request refused for https://orgfarm-568b3bcb1a-dev-ed.develop.my.salesforce.com/services/data/v59.0/query/?q=SELECT+Id%2C+ExternalId%2C+CompanyId%2C+Name%2C+Description%2C+IsInactive%2C+Phone%2C+Fax%2C+Street%2C+City%2C+State%2C+StateCode%2C+Country%2C+CountryCode%2C+Zip%2C+Site%2C+Industry%2C+NumberOfEmployees%2C+AnnualRevenue%2C+DunsNumber%2C+NaicsCode%2C+NaicsDesc%2C+Sic%2C+SicDesc%2C+Ownership%2C+IsOwned%2C+TickerSymbol%2C+TradeStyle%2C+Website%2C+YearStarted%2C+ActiveContacts%2C+UpdatedDate%2C+FortuneRank%2C+IncludedInSnP500%2C+PremisesMeasure%2C+PremisesMeasureReliability%2C+PremisesMeasureUnit%2C+EmployeeQuantityGrowthRate%2C+SalesTurnoverGrowthRate%2C+PriorYearEmployees%2C+PriorYearRevenue%2C+IsInCrm%2C+FullAddress%2C+SicCodeDesc+FROM+DatacloudCompany. Response content: [{'message': "Your organization doesn't have permission to access the Data.com API", 'errorCode': 'DATACLOUD_API_DISABLED_EXCEPTION'}]

The above exception was the direct cause of the following exception:

Traceback (most recent call last):
  File "C:\Users\thecl\AppData\Local\Packages\PythonSoftwareFoundation.Python.3.11_qbz5n2kfra8p0\LocalCache\local-packages\Python311\site-packages\dlt\pipeline\pipeline.py", line 507, in extract
    self._extract_source(
  File "C:\Users\thecl\AppData\Local\Packages\PythonSoftwareFoundation.Python.3.11_qbz5n2kfra8p0\LocalCache\local-packages\Python311\site-packages\dlt\pipeline\pipeline.py", line 1661, in _extract_source
    load_id = extract.extract(
              ^^^^^^^^^^^^^^^^
  File "C:\Users\thecl\AppData\Local\Packages\PythonSoftwareFoundation.Python.3.11_qbz5n2kfra8p0\LocalCache\local-packages\Python311\site-packages\dlt\extract\extract.py", line 608, in extract
    self._extract_single_source(
  File "C:\Users\thecl\AppData\Local\Packages\PythonSoftwareFoundation.Python.3.11_qbz5n2kfra8p0\LocalCache\local-packages\Python311\site-packages\dlt\extract\extract.py", line 525, in _extract_single_source
    for pipe_item in pipes:
  File "C:\Users\thecl\AppData\Local\Packages\PythonSoftwareFoundation.Python.3.11_qbz5n2kfra8p0\LocalCache\local-packages\Python311\site-packages\dlt\extract\pipe_iterator.py", line 158, in __next__
    pipe_item = self._get_source_item()
                ^^^^^^^^^^^^^^^^^^^^^^^
  File "C:\Users\thecl\AppData\Local\Packages\PythonSoftwareFoundation.Python.3.11_qbz5n2kfra8p0\LocalCache\local-packages\Python311\site-packages\dlt\extract\pipe_iterator.py", line 304, in _get_source_item
    raise ResourceExtractionError(pipe.name, gen, str(ex), "generator") from ex
dlt.extract.exceptions.ResourceExtractionError: In processing pipe `datacloudcompany`: extraction of resource `datacloudcompany` in `generator` `_resource` caused an exception: Request refused for https://orgfarm-568b3bcb1a-dev-ed.develop.my.salesforce.com/services/data/v59.0/query/?q=SELECT+Id%2C+ExternalId%2C+CompanyId%2C+Name%2C+Description%2C+IsInactive%2C+Phone%2C+Fax%2C+Street%2C+City%2C+State%2C+StateCode%2C+Country%2C+CountryCode%2C+Zip%2C+Site%2C+Industry%2C+NumberOfEmployees%2C+AnnualRevenue%2C+DunsNumber%2C+NaicsCode%2C+NaicsDesc%2C+Sic%2C+SicDesc%2C+Ownership%2C+IsOwned%2C+TickerSymbol%2C+TradeStyle%2C+Website%2C+YearStarted%2C+ActiveContacts%2C+UpdatedDate%2C+FortuneRank%2C+IncludedInSnP500%2C+PremisesMeasure%2C+PremisesMeasureReliability%2C+PremisesMeasureUnit%2C+EmployeeQuantityGrowthRate%2C+SalesTurnoverGrowthRate%2C+PriorYearEmployees%2C+PriorYearRevenue%2C+IsInCrm%2C+FullAddress%2C+SicCodeDesc+FROM+DatacloudCompany. Response content: [{'message': "Your organization doesn't have permission to access the Data.com API", 'errorCode': 'DATACLOUD_API_DISABLED_EXCEPTION'}]

The above exception was the direct cause of the following exception:

Traceback (most recent call last):
  File "C:\Users\thecl\OneDrive\Desktop\creditflow-data-warehouse\etl\salesforce_pipeline.py", line 192, in run
    load_info = pipeline.run(resource())
                ^^^^^^^^^^^^^^^^^^^^^^^^
  File "C:\Users\thecl\AppData\Local\Packages\PythonSoftwareFoundation.Python.3.11_qbz5n2kfra8p0\LocalCache\local-packages\Python311\site-packages\dlt\pipeline\pipeline.py", line 237, in _wrap
    step_info = f(self, *args, **kwargs)
                ^^^^^^^^^^^^^^^^^^^^^^^^
  File "C:\Users\thecl\AppData\Local\Packages\PythonSoftwareFoundation.Python.3.11_qbz5n2kfra8p0\LocalCache\local-packages\Python311\site-packages\dlt\pipeline\pipeline.py", line 285, in _wrap
    return f(self, *args, **kwargs)
           ^^^^^^^^^^^^^^^^^^^^^^^^
  File "C:\Users\thecl\AppData\Local\Packages\PythonSoftwareFoundation.Python.3.11_qbz5n2kfra8p0\LocalCache\local-packages\Python311\site-packages\dlt\pipeline\pipeline.py", line 815, in run
    self.extract(
  File "C:\Users\thecl\AppData\Local\Packages\PythonSoftwareFoundation.Python.3.11_qbz5n2kfra8p0\LocalCache\local-packages\Python311\site-packages\dlt\pipeline\pipeline.py", line 237, in _wrap
    step_info = f(self, *args, **kwargs)
                ^^^^^^^^^^^^^^^^^^^^^^^^
  File "C:\Users\thecl\AppData\Local\Packages\PythonSoftwareFoundation.Python.3.11_qbz5n2kfra8p0\LocalCache\local-packages\Python311\site-packages\dlt\pipeline\pipeline.py", line 176, in _wrap
    return f(self, *args, **kwargs)
           ^^^^^^^^^^^^^^^^^^^^^^^^
  File "C:\Users\thecl\AppData\Local\Packages\PythonSoftwareFoundation.Python.3.11_qbz5n2kfra8p0\LocalCache\local-packages\Python311\site-packages\dlt\pipeline\pipeline.py", line 190, in _wrap
    rv = f(self, *args, **kwargs)
         ^^^^^^^^^^^^^^^^^^^^^^^^
  File "C:\Users\thecl\AppData\Local\Packages\PythonSoftwareFoundation.Python.3.11_qbz5n2kfra8p0\LocalCache\local-packages\Python311\site-packages\dlt\pipeline\pipeline.py", line 285, in _wrap
    return f(self, *args, **kwargs)
           ^^^^^^^^^^^^^^^^^^^^^^^^
  File "C:\Users\thecl\AppData\Local\Packages\PythonSoftwareFoundation.Python.3.11_qbz5n2kfra8p0\LocalCache\local-packages\Python311\site-packages\dlt\pipeline\pipeline.py", line 530, in extract
    raise PipelineStepFailed(
dlt.pipeline.exceptions.PipelineStepFailed: Pipeline execution failed at `step=extract` when processing package with `load_id=1789366494.9240813` with exception:

<class 'dlt.extract.exceptions.ResourceExtractionError'>
In processing pipe `datacloudcompany`: extraction of resource `datacloudcompany` in `generator` `_resource` caused an exception: Request refused for https://orgfarm-568b3bcb1a-dev-ed.develop.my.salesforce.com/services/data/v59.0/query/?q=SELECT+Id%2C+ExternalId%2C+CompanyId%2C+Name%2C+Description%2C+IsInactive%2C+Phone%2C+Fax%2C+Street%2C+City%2C+State%2C+StateCode%2C+Country%2C+CountryCode%2C+Zip%2C+Site%2C+Industry%2C+NumberOfEmployees%2C+AnnualRevenue%2C+DunsNumber%2C+NaicsCode%2C+NaicsDesc%2C+Sic%2C+SicDesc%2C+Ownership%2C+IsOwned%2C+TickerSymbol%2C+TradeStyle%2C+Website%2C+YearStarted%2C+ActiveContacts%2C+UpdatedDate%2C+FortuneRank%2C+IncludedInSnP500%2C+PremisesMeasure%2C+PremisesMeasureReliability%2C+PremisesMeasureUnit%2C+EmployeeQuantityGrowthRate%2C+SalesTurnoverGrowthRate%2C+PriorYearEmployees%2C+PriorYearRevenue%2C+IsInCrm%2C+FullAddress%2C+SicCodeDesc+FROM+DatacloudCompany. Response content: [{'message': "Your organization doesn't have permission to access the Data.com API", 'errorCode': 'DATACLOUD_API_DISABLED_EXCEPTION'}]
2026-09-14 11:14:55,428 INFO [371/1126] DatacloudContact
2026-09-14 11:14:56,105 INFO querying DatacloudContact (full)
2026-09-14 11:14:56,505 ERROR failed to load DatacloudContact, skipping and continuing with the rest
Traceback (most recent call last):
  File "C:\Users\thecl\AppData\Local\Packages\PythonSoftwareFoundation.Python.3.11_qbz5n2kfra8p0\LocalCache\local-packages\Python311\site-packages\dlt\extract\pipe_iterator.py", line 274, in _get_source_item
    pipe_item = next(gen)
                ^^^^^^^^^
  File "C:\Users\thecl\OneDrive\Desktop\creditflow-data-warehouse\etl\salesforce_pipeline.py", line 147, in _resource
    for batch in paged_records(sf, soql):
  File "C:\Users\thecl\OneDrive\Desktop\creditflow-data-warehouse\etl\salesforce_pipeline.py", line 122, in paged_records
    for record in run_query_page(sf, soql):
  File "C:\Users\thecl\AppData\Local\Packages\PythonSoftwareFoundation.Python.3.11_qbz5n2kfra8p0\LocalCache\local-packages\Python311\site-packages\simple_salesforce\api.py", line 634, in query_all_iter
    result = self.query(query,
             ^^^^^^^^^^^^^^^^^
  File "C:\Users\thecl\AppData\Local\Packages\PythonSoftwareFoundation.Python.3.11_qbz5n2kfra8p0\LocalCache\local-packages\Python311\site-packages\simple_salesforce\api.py", line 568, in query
    result = self._call_salesforce('GET',
             ^^^^^^^^^^^^^^^^^^^^^^^^^^^^
  File "C:\Users\thecl\AppData\Local\Packages\PythonSoftwareFoundation.Python.3.11_qbz5n2kfra8p0\LocalCache\local-packages\Python311\site-packages\simple_salesforce\api.py", line 787, in _call_salesforce
    exception_handler(result,
  File "C:\Users\thecl\AppData\Local\Packages\PythonSoftwareFoundation.Python.3.11_qbz5n2kfra8p0\LocalCache\local-packages\Python311\site-packages\simple_salesforce\util.py", line 89, in exception_handler
    raise exc_cls(result.url, result.status_code, name, response_content)
simple_salesforce.exceptions.SalesforceRefusedRequest: Request refused for https://orgfarm-568b3bcb1a-dev-ed.develop.my.salesforce.com/services/data/v59.0/query/?q=SELECT+Id%2C+ExternalId%2C+CompanyId%2C+ContactId%2C+CompanyName%2C+Title%2C+IsInactive%2C+FirstName%2C+LastName%2C+Phone%2C+Email%2C+Street%2C+City%2C+State%2C+Country%2C+Zip%2C+Department%2C+Level%2C+IsOwned%2C+UpdatedDate%2C+IsInCrm+FROM+DatacloudContact. Response content: [{'message': "Your organization doesn't have permission to access the Data.com API", 'errorCode': 'DATACLOUD_API_DISABLED_EXCEPTION'}]

The above exception was the direct cause of the following exception:

Traceback (most recent call last):
  File "C:\Users\thecl\AppData\Local\Packages\PythonSoftwareFoundation.Python.3.11_qbz5n2kfra8p0\LocalCache\local-packages\Python311\site-packages\dlt\pipeline\pipeline.py", line 507, in extract
    self._extract_source(
  File "C:\Users\thecl\AppData\Local\Packages\PythonSoftwareFoundation.Python.3.11_qbz5n2kfra8p0\LocalCache\local-packages\Python311\site-packages\dlt\pipeline\pipeline.py", line 1661, in _extract_source
    load_id = extract.extract(
              ^^^^^^^^^^^^^^^^
  File "C:\Users\thecl\AppData\Local\Packages\PythonSoftwareFoundation.Python.3.11_qbz5n2kfra8p0\LocalCache\local-packages\Python311\site-packages\dlt\extract\extract.py", line 608, in extract
    self._extract_single_source(
  File "C:\Users\thecl\AppData\Local\Packages\PythonSoftwareFoundation.Python.3.11_qbz5n2kfra8p0\LocalCache\local-packages\Python311\site-packages\dlt\extract\extract.py", line 525, in _extract_single_source
    for pipe_item in pipes:
  File "C:\Users\thecl\AppData\Local\Packages\PythonSoftwareFoundation.Python.3.11_qbz5n2kfra8p0\LocalCache\local-packages\Python311\site-packages\dlt\extract\pipe_iterator.py", line 158, in __next__
    pipe_item = self._get_source_item()
                ^^^^^^^^^^^^^^^^^^^^^^^
  File "C:\Users\thecl\AppData\Local\Packages\PythonSoftwareFoundation.Python.3.11_qbz5n2kfra8p0\LocalCache\local-packages\Python311\site-packages\dlt\extract\pipe_iterator.py", line 304, in _get_source_item
    raise ResourceExtractionError(pipe.name, gen, str(ex), "generator") from ex
dlt.extract.exceptions.ResourceExtractionError: In processing pipe `datacloudcontact`: extraction of resource `datacloudcontact` in `generator` `_resource` caused an exception: Request refused for https://orgfarm-568b3bcb1a-dev-ed.develop.my.salesforce.com/services/data/v59.0/query/?q=SELECT+Id%2C+ExternalId%2C+CompanyId%2C+ContactId%2C+CompanyName%2C+Title%2C+IsInactive%2C+FirstName%2C+LastName%2C+Phone%2C+Email%2C+Street%2C+City%2C+State%2C+Country%2C+Zip%2C+Department%2C+Level%2C+IsOwned%2C+UpdatedDate%2C+IsInCrm+FROM+DatacloudContact. Response content: [{'message': "Your organization doesn't have permission to access the Data.com API", 'errorCode': 'DATACLOUD_API_DISABLED_EXCEPTION'}]

The above exception was the direct cause of the following exception:

Traceback (most recent call last):
  File "C:\Users\thecl\OneDrive\Desktop\creditflow-data-warehouse\etl\salesforce_pipeline.py", line 192, in run
    load_info = pipeline.run(resource())
                ^^^^^^^^^^^^^^^^^^^^^^^^
  File "C:\Users\thecl\AppData\Local\Packages\PythonSoftwareFoundation.Python.3.11_qbz5n2kfra8p0\LocalCache\local-packages\Python311\site-packages\dlt\pipeline\pipeline.py", line 237, in _wrap
    step_info = f(self, *args, **kwargs)
                ^^^^^^^^^^^^^^^^^^^^^^^^
  File "C:\Users\thecl\AppData\Local\Packages\PythonSoftwareFoundation.Python.3.11_qbz5n2kfra8p0\LocalCache\local-packages\Python311\site-packages\dlt\pipeline\pipeline.py", line 285, in _wrap
    return f(self, *args, **kwargs)
           ^^^^^^^^^^^^^^^^^^^^^^^^
  File "C:\Users\thecl\AppData\Local\Packages\PythonSoftwareFoundation.Python.3.11_qbz5n2kfra8p0\LocalCache\local-packages\Python311\site-packages\dlt\pipeline\pipeline.py", line 815, in run
    self.extract(
  File "C:\Users\thecl\AppData\Local\Packages\PythonSoftwareFoundation.Python.3.11_qbz5n2kfra8p0\LocalCache\local-packages\Python311\site-packages\dlt\pipeline\pipeline.py", line 237, in _wrap
    step_info = f(self, *args, **kwargs)
                ^^^^^^^^^^^^^^^^^^^^^^^^
  File "C:\Users\thecl\AppData\Local\Packages\PythonSoftwareFoundation.Python.3.11_qbz5n2kfra8p0\LocalCache\local-packages\Python311\site-packages\dlt\pipeline\pipeline.py", line 176, in _wrap
    return f(self, *args, **kwargs)
           ^^^^^^^^^^^^^^^^^^^^^^^^
  File "C:\Users\thecl\AppData\Local\Packages\PythonSoftwareFoundation.Python.3.11_qbz5n2kfra8p0\LocalCache\local-packages\Python311\site-packages\dlt\pipeline\pipeline.py", line 190, in _wrap
    rv = f(self, *args, **kwargs)
         ^^^^^^^^^^^^^^^^^^^^^^^^
  File "C:\Users\thecl\AppData\Local\Packages\PythonSoftwareFoundation.Python.3.11_qbz5n2kfra8p0\LocalCache\local-packages\Python311\site-packages\dlt\pipeline\pipeline.py", line 285, in _wrap
    return f(self, *args, **kwargs)
           ^^^^^^^^^^^^^^^^^^^^^^^^
  File "C:\Users\thecl\AppData\Local\Packages\PythonSoftwareFoundation.Python.3.11_qbz5n2kfra8p0\LocalCache\local-packages\Python311\site-packages\dlt\pipeline\pipeline.py", line 530, in extract
    raise PipelineStepFailed(
dlt.pipeline.exceptions.PipelineStepFailed: Pipeline execution failed at `step=extract` when processing package with `load_id=1789366496.0709178` with exception:

<class 'dlt.extract.exceptions.ResourceExtractionError'>
In processing pipe `datacloudcontact`: extraction of resource `datacloudcontact` in `generator` `_resource` caused an exception: Request refused for https://orgfarm-568b3bcb1a-dev-ed.develop.my.salesforce.com/services/data/v59.0/query/?q=SELECT+Id%2C+ExternalId%2C+CompanyId%2C+ContactId%2C+CompanyName%2C+Title%2C+IsInactive%2C+FirstName%2C+LastName%2C+Phone%2C+Email%2C+Street%2C+City%2C+State%2C+Country%2C+Zip%2C+Department%2C+Level%2C+IsOwned%2C+UpdatedDate%2C+IsInCrm+FROM+DatacloudContact. Response content: [{'message': "Your organization doesn't have permission to access the Data.com API", 'errorCode': 'DATACLOUD_API_DISABLED_EXCEPTION'}]
2026-09-14 11:14:56,509 INFO [372/1126] DatacloudDandBCompany
2026-09-14 11:14:57,424 INFO querying DatacloudDandBCompany (full)
2026-09-14 11:14:57,790 ERROR failed to load DatacloudDandBCompany, skipping and continuing with the rest
Traceback (most recent call last):
  File "C:\Users\thecl\AppData\Local\Packages\PythonSoftwareFoundation.Python.3.11_qbz5n2kfra8p0\LocalCache\local-packages\Python311\site-packages\dlt\extract\pipe_iterator.py", line 274, in _get_source_item
    pipe_item = next(gen)
                ^^^^^^^^^
  File "C:\Users\thecl\OneDrive\Desktop\creditflow-data-warehouse\etl\salesforce_pipeline.py", line 147, in _resource
    for batch in paged_records(sf, soql):
  File "C:\Users\thecl\OneDrive\Desktop\creditflow-data-warehouse\etl\salesforce_pipeline.py", line 122, in paged_records
    for record in run_query_page(sf, soql):
  File "C:\Users\thecl\AppData\Local\Packages\PythonSoftwareFoundation.Python.3.11_qbz5n2kfra8p0\LocalCache\local-packages\Python311\site-packages\simple_salesforce\api.py", line 634, in query_all_iter
    result = self.query(query,
             ^^^^^^^^^^^^^^^^^
  File "C:\Users\thecl\AppData\Local\Packages\PythonSoftwareFoundation.Python.3.11_qbz5n2kfra8p0\LocalCache\local-packages\Python311\site-packages\simple_salesforce\api.py", line 568, in query
    result = self._call_salesforce('GET',
             ^^^^^^^^^^^^^^^^^^^^^^^^^^^^
  File "C:\Users\thecl\AppData\Local\Packages\PythonSoftwareFoundation.Python.3.11_qbz5n2kfra8p0\LocalCache\local-packages\Python311\site-packages\simple_salesforce\api.py", line 787, in _call_salesforce
    exception_handler(result,
  File "C:\Users\thecl\AppData\Local\Packages\PythonSoftwareFoundation.Python.3.11_qbz5n2kfra8p0\LocalCache\local-packages\Python311\site-packages\simple_salesforce\util.py", line 89, in exception_handler
    raise exc_cls(result.url, result.status_code, name, response_content)
simple_salesforce.exceptions.SalesforceMalformedRequest: Malformed request https://orgfarm-568b3bcb1a-dev-ed.develop.my.salesforce.com/services/data/v59.0/query/?q=SELECT+Id%2C+ExternalId%2C+Name%2C+DunsNumber%2C+CompanyId%2C+Street%2C+City%2C+State%2C+StateCode%2C+Country%2C+CountryCode%2C+Zip%2C+Phone%2C+Fax%2C+CountryAccessCode%2C+PublicIndicator%2C+StockSymbol%2C+StockExchange%2C+SalesVolume%2C+URL%2C+OutOfBusiness%2C+EmployeesTotal%2C+FipsMsaCode%2C+FipsMsaDesc%2C+TradeStyle1%2C+YearStarted%2C+MailingStreet%2C+MailingCity%2C+MailingState%2C+MailingStateCode%2C+MailingCountry%2C+MailingCountryCode%2C+MailingZip%2C+Latitude%2C+Longitude%2C+PrimarySic%2C+PrimarySicDesc%2C+SecondSic%2C+SecondSicDesc%2C+ThirdSic%2C+ThirdSicDesc%2C+FourthSic%2C+FourthSicDesc%2C+FifthSic%2C+FifthSicDesc%2C+SixthSic%2C+SixthSicDesc%2C+PrimaryNaics%2C+PrimaryNaicsDesc%2C+SecondNaics%2C+SecondNaicsDesc%2C+ThirdNaics%2C+ThirdNaicsDesc%2C+FourthNaics%2C+FourthNaicsDesc%2C+FifthNaics%2C+FifthNaicsDesc%2C+SixthNaics%2C+SixthNaicsDesc%2C+OwnOrRent%2C+EmployeesHere%2C+EmployeesHereReliability%2C+SalesVolumeReliability%2C+CurrencyCode%2C+LegalStatus%2C+GlobalUltimateTotalEmployees%2C+EmployeesTotalReliability%2C+MinorityOwned%2C+WomenOwned%2C+SmallBusiness%2C+MarketingSegmentationCluster%2C+ImportExportAgent%2C+Subsidiary%2C+TradeStyle2%2C+TradeStyle3%2C+TradeStyle4%2C+TradeStyle5%2C+NationalId%2C+NationalIdType%2C+UsTaxId%2C+GeoCodeAccuracy%2C+FamilyMembers%2C+MarketingPreScreen%2C+GlobalUltimateDunsNumber%2C+GlobalUltimateBusinessName%2C+ParentOrHqDunsNumber%2C+ParentOrHqBusinessName%2C+DomesticUltimateDunsNumber%2C+DomesticUltimateBusinessName%2C+LocationStatus%2C+CompanyCurrencyIsoCode%2C+Description%2C+IsOwned%2C+IsParent%2C+FortuneRank%2C+IncludedInSnP500%2C+PremisesMeasure%2C+PremisesMeasureReliability%2C+PremisesMeasureUnit%2C+EmployeeQuantityGrowthRate%2C+SalesTurnoverGrowthRate%2C+PrimarySic8%2C+PrimarySic8Desc%2C+SecondSic8%2C+SecondSic8Desc%2C+ThirdSic8%2C+ThirdSic8Desc%2C+FourthSic8%2C+FourthSic8Desc%2C+FifthSic8%2C+FifthSic8Desc%2C+SixthSic8%2C+SixthSic8Desc%2C+PriorYearEmployees%2C+PriorYearRevenue%2C+Industry%2C+Revenue%2C+IsInCrm%2C+FullAddress%2C+SicCodeDesc+FROM+DatacloudDandBCompany. Response content: [{'message': 'Datacloud D&B company is not filterable without a criteria.', 'errorCode': 'EXTERNAL_OBJECT_UNSUPPORTED_EXCEPTION'}]

The above exception was the direct cause of the following exception:

Traceback (most recent call last):
  File "C:\Users\thecl\AppData\Local\Packages\PythonSoftwareFoundation.Python.3.11_qbz5n2kfra8p0\LocalCache\local-packages\Python311\site-packages\dlt\pipeline\pipeline.py", line 507, in extract
    self._extract_source(
  File "C:\Users\thecl\AppData\Local\Packages\PythonSoftwareFoundation.Python.3.11_qbz5n2kfra8p0\LocalCache\local-packages\Python311\site-packages\dlt\pipeline\pipeline.py", line 1661, in _extract_source
    load_id = extract.extract(
              ^^^^^^^^^^^^^^^^
  File "C:\Users\thecl\AppData\Local\Packages\PythonSoftwareFoundation.Python.3.11_qbz5n2kfra8p0\LocalCache\local-packages\Python311\site-packages\dlt\extract\extract.py", line 608, in extract
    self._extract_single_source(
  File "C:\Users\thecl\AppData\Local\Packages\PythonSoftwareFoundation.Python.3.11_qbz5n2kfra8p0\LocalCache\local-packages\Python311\site-packages\dlt\extract\extract.py", line 525, in _extract_single_source
    for pipe_item in pipes:
  File "C:\Users\thecl\AppData\Local\Packages\PythonSoftwareFoundation.Python.3.11_qbz5n2kfra8p0\LocalCache\local-packages\Python311\site-packages\dlt\extract\pipe_iterator.py", line 158, in __next__
    pipe_item = self._get_source_item()
                ^^^^^^^^^^^^^^^^^^^^^^^
  File "C:\Users\thecl\AppData\Local\Packages\PythonSoftwareFoundation.Python.3.11_qbz5n2kfra8p0\LocalCache\local-packages\Python311\site-packages\dlt\extract\pipe_iterator.py", line 304, in _get_source_item
    raise ResourceExtractionError(pipe.name, gen, str(ex), "generator") from ex
dlt.extract.exceptions.ResourceExtractionError: In processing pipe `dataclouddandbcompany`: extraction of resource `dataclouddandbcompany` in `generator` `_resource` caused an exception: Malformed request https://orgfarm-568b3bcb1a-dev-ed.develop.my.salesforce.com/services/data/v59.0/query/?q=SELECT+Id%2C+ExternalId%2C+Name%2C+DunsNumber%2C+CompanyId%2C+Street%2C+City%2C+State%2C+StateCode%2C+Country%2C+CountryCode%2C+Zip%2C+Phone%2C+Fax%2C+CountryAccessCode%2C+PublicIndicator%2C+StockSymbol%2C+StockExchange%2C+SalesVolume%2C+URL%2C+OutOfBusiness%2C+EmployeesTotal%2C+FipsMsaCode%2C+FipsMsaDesc%2C+TradeStyle1%2C+YearStarted%2C+MailingStreet%2C+MailingCity%2C+MailingState%2C+MailingStateCode%2C+MailingCountry%2C+MailingCountryCode%2C+MailingZip%2C+Latitude%2C+Longitude%2C+PrimarySic%2C+PrimarySicDesc%2C+SecondSic%2C+SecondSicDesc%2C+ThirdSic%2C+ThirdSicDesc%2C+FourthSic%2C+FourthSicDesc%2C+FifthSic%2C+FifthSicDesc%2C+SixthSic%2C+SixthSicDesc%2C+PrimaryNaics%2C+PrimaryNaicsDesc%2C+SecondNaics%2C+SecondNaicsDesc%2C+ThirdNaics%2C+ThirdNaicsDesc%2C+FourthNaics%2C+FourthNaicsDesc%2C+FifthNaics%2C+FifthNaicsDesc%2C+SixthNaics%2C+SixthNaicsDesc%2C+OwnOrRent%2C+EmployeesHere%2C+EmployeesHereReliability%2C+SalesVolumeReliability%2C+CurrencyCode%2C+LegalStatus%2C+GlobalUltimateTotalEmployees%2C+EmployeesTotalReliability%2C+MinorityOwned%2C+WomenOwned%2C+SmallBusiness%2C+MarketingSegmentationCluster%2C+ImportExportAgent%2C+Subsidiary%2C+TradeStyle2%2C+TradeStyle3%2C+TradeStyle4%2C+TradeStyle5%2C+NationalId%2C+NationalIdType%2C+UsTaxId%2C+GeoCodeAccuracy%2C+FamilyMembers%2C+MarketingPreScreen%2C+GlobalUltimateDunsNumber%2C+GlobalUltimateBusinessName%2C+ParentOrHqDunsNumber%2C+ParentOrHqBusinessName%2C+DomesticUltimateDunsNumber%2C+DomesticUltimateBusinessName%2C+LocationStatus%2C+CompanyCurrencyIsoCode%2C+Description%2C+IsOwned%2C+IsParent%2C+FortuneRank%2C+IncludedInSnP500%2C+PremisesMeasure%2C+PremisesMeasureReliability%2C+PremisesMeasureUnit%2C+EmployeeQuantityGrowthRate%2C+SalesTurnoverGrowthRate%2C+PrimarySic8%2C+PrimarySic8Desc%2C+SecondSic8%2C+SecondSic8Desc%2C+ThirdSic8%2C+ThirdSic8Desc%2C+FourthSic8%2C+FourthSic8Desc%2C+FifthSic8%2C+FifthSic8Desc%2C+SixthSic8%2C+SixthSic8Desc%2C+PriorYearEmployees%2C+PriorYearRevenue%2C+Industry%2C+Revenue%2C+IsInCrm%2C+FullAddress%2C+SicCodeDesc+FROM+DatacloudDandBCompany. Response content: [{'message': 'Datacloud D&B company is not filterable without a criteria.', 'errorCode': 'EXTERNAL_OBJECT_UNSUPPORTED_EXCEPTION'}]

The above exception was the direct cause of the following exception:

Traceback (most recent call last):
  File "C:\Users\thecl\OneDrive\Desktop\creditflow-data-warehouse\etl\salesforce_pipeline.py", line 192, in run
    load_info = pipeline.run(resource())
                ^^^^^^^^^^^^^^^^^^^^^^^^
  File "C:\Users\thecl\AppData\Local\Packages\PythonSoftwareFoundation.Python.3.11_qbz5n2kfra8p0\LocalCache\local-packages\Python311\site-packages\dlt\pipeline\pipeline.py", line 237, in _wrap
    step_info = f(self, *args, **kwargs)
                ^^^^^^^^^^^^^^^^^^^^^^^^
  File "C:\Users\thecl\AppData\Local\Packages\PythonSoftwareFoundation.Python.3.11_qbz5n2kfra8p0\LocalCache\local-packages\Python311\site-packages\dlt\pipeline\pipeline.py", line 285, in _wrap
    return f(self, *args, **kwargs)
           ^^^^^^^^^^^^^^^^^^^^^^^^
  File "C:\Users\thecl\AppData\Local\Packages\PythonSoftwareFoundation.Python.3.11_qbz5n2kfra8p0\LocalCache\local-packages\Python311\site-packages\dlt\pipeline\pipeline.py", line 815, in run
    self.extract(
  File "C:\Users\thecl\AppData\Local\Packages\PythonSoftwareFoundation.Python.3.11_qbz5n2kfra8p0\LocalCache\local-packages\Python311\site-packages\dlt\pipeline\pipeline.py", line 237, in _wrap
    step_info = f(self, *args, **kwargs)
                ^^^^^^^^^^^^^^^^^^^^^^^^
  File "C:\Users\thecl\AppData\Local\Packages\PythonSoftwareFoundation.Python.3.11_qbz5n2kfra8p0\LocalCache\local-packages\Python311\site-packages\dlt\pipeline\pipeline.py", line 176, in _wrap
    return f(self, *args, **kwargs)
           ^^^^^^^^^^^^^^^^^^^^^^^^
  File "C:\Users\thecl\AppData\Local\Packages\PythonSoftwareFoundation.Python.3.11_qbz5n2kfra8p0\LocalCache\local-packages\Python311\site-packages\dlt\pipeline\pipeline.py", line 190, in _wrap
    rv = f(self, *args, **kwargs)
         ^^^^^^^^^^^^^^^^^^^^^^^^
  File "C:\Users\thecl\AppData\Local\Packages\PythonSoftwareFoundation.Python.3.11_qbz5n2kfra8p0\LocalCache\local-packages\Python311\site-packages\dlt\pipeline\pipeline.py", line 285, in _wrap
    return f(self, *args, **kwargs)
           ^^^^^^^^^^^^^^^^^^^^^^^^
  File "C:\Users\thecl\AppData\Local\Packages\PythonSoftwareFoundation.Python.3.11_qbz5n2kfra8p0\LocalCache\local-packages\Python311\site-packages\dlt\pipeline\pipeline.py", line 530, in extract
    raise PipelineStepFailed(
dlt.pipeline.exceptions.PipelineStepFailed: Pipeline execution failed at `step=extract` when processing package with `load_id=1789366497.3971179` with exception:

<class 'dlt.extract.exceptions.ResourceExtractionError'>
In processing pipe `dataclouddandbcompany`: extraction of resource `dataclouddandbcompany` in `generator` `_resource` caused an exception: Malformed request https://orgfarm-568b3bcb1a-dev-ed.develop.my.salesforce.com/services/data/v59.0/query/?q=SELECT+Id%2C+ExternalId%2C+Name%2C+DunsNumber%2C+CompanyId%2C+Street%2C+City%2C+State%2C+StateCode%2C+Country%2C+CountryCode%2C+Zip%2C+Phone%2C+Fax%2C+CountryAccessCode%2C+PublicIndicator%2C+StockSymbol%2C+StockExchange%2C+SalesVolume%2C+URL%2C+OutOfBusiness%2C+EmployeesTotal%2C+FipsMsaCode%2C+FipsMsaDesc%2C+TradeStyle1%2C+YearStarted%2C+MailingStreet%2C+MailingCity%2C+MailingState%2C+MailingStateCode%2C+MailingCountry%2C+MailingCountryCode%2C+MailingZip%2C+Latitude%2C+Longitude%2C+PrimarySic%2C+PrimarySicDesc%2C+SecondSic%2C+SecondSicDesc%2C+ThirdSic%2C+ThirdSicDesc%2C+FourthSic%2C+FourthSicDesc%2C+FifthSic%2C+FifthSicDesc%2C+SixthSic%2C+SixthSicDesc%2C+PrimaryNaics%2C+PrimaryNaicsDesc%2C+SecondNaics%2C+SecondNaicsDesc%2C+ThirdNaics%2C+ThirdNaicsDesc%2C+FourthNaics%2C+FourthNaicsDesc%2C+FifthNaics%2C+FifthNaicsDesc%2C+SixthNaics%2C+SixthNaicsDesc%2C+OwnOrRent%2C+EmployeesHere%2C+EmployeesHereReliability%2C+SalesVolumeReliability%2C+CurrencyCode%2C+LegalStatus%2C+GlobalUltimateTotalEmployees%2C+EmployeesTotalReliability%2C+MinorityOwned%2C+WomenOwned%2C+SmallBusiness%2C+MarketingSegmentationCluster%2C+ImportExportAgent%2C+Subsidiary%2C+TradeStyle2%2C+TradeStyle3%2C+TradeStyle4%2C+TradeStyle5%2C+NationalId%2C+NationalIdType%2C+UsTaxId%2C+GeoCodeAccuracy%2C+FamilyMembers%2C+MarketingPreScreen%2C+GlobalUltimateDunsNumber%2C+GlobalUltimateBusinessName%2C+ParentOrHqDunsNumber%2C+ParentOrHqBusinessName%2C+DomesticUltimateDunsNumber%2C+DomesticUltimateBusinessName%2C+LocationStatus%2C+CompanyCurrencyIsoCode%2C+Description%2C+IsOwned%2C+IsParent%2C+FortuneRank%2C+IncludedInSnP500%2C+PremisesMeasure%2C+PremisesMeasureReliability%2C+PremisesMeasureUnit%2C+EmployeeQuantityGrowthRate%2C+SalesTurnoverGrowthRate%2C+PrimarySic8%2C+PrimarySic8Desc%2C+SecondSic8%2C+SecondSic8Desc%2C+ThirdSic8%2C+ThirdSic8Desc%2C+FourthSic8%2C+FourthSic8Desc%2C+FifthSic8%2C+FifthSic8Desc%2C+SixthSic8%2C+SixthSic8Desc%2C+PriorYearEmployees%2C+PriorYearRevenue%2C+Industry%2C+Revenue%2C+IsInCrm%2C+FullAddress%2C+SicCodeDesc+FROM+DatacloudDandBCompany. Response content: [{'message': 'Datacloud D&B company is not filterable without a criteria.', 'errorCode': 'EXTERNAL_OBJECT_UNSUPPORTED_EXCEPTION'}]
2026-09-14 11:14:57,792 INFO [373/1126] DatacloudOwnedEntity
2026-09-14 11:14:58,392 INFO querying DatacloudOwnedEntity incrementally since 2000-01-01T00:00:00Z
2026-09-14 11:14:59,153 INFO [374/1126] DatacloudPurchaseUsage
2026-09-14 11:14:59,685 INFO querying DatacloudPurchaseUsage incrementally since 2000-01-01T00:00:00Z
2026-09-14 11:15:00,410 INFO [375/1126] DeclinedEventRelation
2026-09-14 11:15:01,149 INFO querying DeclinedEventRelation incrementally since 2000-01-01T00:00:00Z
2026-09-14 11:15:01,886 INFO [376/1126] DeleteEvent
2026-09-14 11:15:02,350 INFO querying DeleteEvent (full)
2026-09-14 11:15:03,221 INFO [377/1126] DigitalWallet
2026-09-14 11:15:04,132 INFO querying DigitalWallet incrementally since 2000-01-01T00:00:00Z
2026-09-14 11:15:05,021 INFO [378/1126] Document
2026-09-14 11:15:05,591 INFO querying Document incrementally since 2000-01-01T00:00:00Z
2026-09-14 11:15:06,643 INFO [379/1126] DocumentAttachmentMap
2026-09-14 11:15:07,102 INFO querying DocumentAttachmentMap (full)
2026-09-14 11:15:07,596 INFO [380/1126] Domain
2026-09-14 11:15:08,176 INFO querying Domain incrementally since 2000-01-01T00:00:00Z
2026-09-14 11:15:09,291 INFO [381/1126] DomainSite
2026-09-14 11:15:09,763 INFO querying DomainSite incrementally since 2000-01-01T00:00:00Z
2026-09-14 11:15:10,477 INFO [382/1126] DuplicateRecordItem
2026-09-14 11:15:11,165 INFO querying DuplicateRecordItem incrementally since 2000-01-01T00:00:00Z
2026-09-14 11:15:12,273 INFO [383/1126] DuplicateRecordSet
2026-09-14 11:15:12,785 INFO querying DuplicateRecordSet incrementally since 2000-01-01T00:00:00Z
2026-09-14 11:15:13,740 INFO [384/1126] DuplicateRule
2026-09-14 11:15:14,315 INFO querying DuplicateRule incrementally since 2000-01-01T00:00:00Z
2026-09-14 11:15:15,274 INFO [385/1126] EmailCapture
2026-09-14 11:15:15,762 INFO querying EmailCapture incrementally since 2000-01-01T00:00:00Z
2026-09-14 11:15:16,512 INFO [386/1126] EmailDomainFilter
2026-09-14 11:15:17,158 INFO querying EmailDomainFilter incrementally since 2000-01-01T00:00:00Z
2026-09-14 11:15:17,874 INFO [387/1126] EmailDomainKey
2026-09-14 11:15:18,354 INFO querying EmailDomainKey incrementally since 2000-01-01T00:00:00Z
2026-09-14 11:15:19,120 INFO [388/1126] EmailMessage
2026-09-14 11:15:19,908 INFO querying EmailMessage incrementally since 2000-01-01T00:00:00Z
2026-09-14 11:15:20,806 INFO [389/1126] EmailMessageRelation
2026-09-14 11:15:21,282 INFO querying EmailMessageRelation (full)
2026-09-14 11:15:22,624 INFO [390/1126] EmailRelay
2026-09-14 11:15:23,127 INFO querying EmailRelay incrementally since 2000-01-01T00:00:00Z
2026-09-14 11:15:23,936 INFO [391/1126] EmailServicesAddress
2026-09-14 11:15:24,445 INFO querying EmailServicesAddress incrementally since 2000-01-01T00:00:00Z
2026-09-14 11:15:25,198 INFO [392/1126] EmailServicesFunction
2026-09-14 11:15:25,718 INFO querying EmailServicesFunction incrementally since 2000-01-01T00:00:00Z
2026-09-14 11:15:26,468 INFO [393/1126] EmailTemplate
2026-09-14 11:15:27,130 INFO querying EmailTemplate incrementally since 2000-01-01T00:00:00Z
2026-09-14 11:15:29,274 INFO [394/1126] EmbeddedServiceDetail
2026-09-14 11:15:29,692 INFO querying EmbeddedServiceDetail (full)
2026-09-14 11:15:30,169 INFO [395/1126] EmbeddedServiceLabel
2026-09-14 11:15:30,727 INFO querying EmbeddedServiceLabel (full)
2026-09-14 11:15:31,582 INFO [396/1126] EngagementChannelType
2026-09-14 11:15:32,143 INFO querying EngagementChannelType incrementally since 2000-01-01T00:00:00Z
2026-09-14 11:15:32,843 INFO [397/1126] EngagementChannelTypeFeed
2026-09-14 11:15:33,357 INFO querying EngagementChannelTypeFeed incrementally since 2000-01-01T00:00:00Z
2026-09-14 11:15:34,103 INFO [398/1126] EngagementChannelTypeHistory
2026-09-14 11:15:34,547 INFO querying EngagementChannelTypeHistory (full)
2026-09-14 11:15:35,011 INFO [399/1126] EngagementChannelTypeShare
2026-09-14 11:15:35,530 INFO querying EngagementChannelTypeShare incrementally since 2000-01-01T00:00:00Z
2026-09-14 11:15:36,289 INFO [400/1126] EngagementChannelWorkType
2026-09-14 11:15:36,940 INFO querying EngagementChannelWorkType incrementally since 2000-01-01T00:00:00Z
2026-09-14 11:15:38,344 INFO [401/1126] EngagementChannelWorkTypeFeed
2026-09-14 11:15:39,032 INFO querying EngagementChannelWorkTypeFeed incrementally since 2000-01-01T00:00:00Z
2026-09-14 11:15:39,798 INFO [402/1126] EngagementChannelWorkTypeHistory
2026-09-14 11:15:40,248 INFO querying EngagementChannelWorkTypeHistory (full)
2026-09-14 11:15:40,711 INFO [403/1126] EnhancedLetterhead
2026-09-14 11:15:41,273 INFO querying EnhancedLetterhead incrementally since 2000-01-01T00:00:00Z
2026-09-14 11:15:42,195 INFO [404/1126] EnhancedLetterheadFeed
2026-09-14 11:15:42,740 INFO querying EnhancedLetterheadFeed incrementally since 2000-01-01T00:00:00Z
2026-09-14 11:15:43,535 INFO [405/1126] Entitlement
2026-09-14 11:15:44,297 INFO querying Entitlement incrementally since 2000-01-01T00:00:00Z
2026-09-14 11:15:45,408 INFO [406/1126] EntitlementContact
2026-09-14 11:15:45,969 INFO querying EntitlementContact incrementally since 2000-01-01T00:00:00Z
2026-09-14 11:15:46,745 INFO [407/1126] EntitlementFeed
2026-09-14 11:15:47,442 INFO querying EntitlementFeed incrementally since 2000-01-01T00:00:00Z
2026-09-14 11:15:48,180 INFO [408/1126] EntitlementHistory
2026-09-14 11:15:48,603 INFO querying EntitlementHistory (full)
2026-09-14 11:15:49,069 INFO [409/1126] EntitlementTemplate
2026-09-14 11:15:49,613 INFO querying EntitlementTemplate incrementally since 2000-01-01T00:00:00Z
2026-09-14 11:15:50,359 INFO [410/1126] EntityDefinition
2026-09-14 11:15:50,874 INFO querying EntityDefinition incrementally since 2000-01-01T00:00:00Z
2026-09-14 11:15:51,693 INFO [411/1126] EntityMilestone
2026-09-14 11:15:52,559 INFO querying EntityMilestone incrementally since 2000-01-01T00:00:00Z
2026-09-14 11:15:53,301 INFO [412/1126] EntityMilestoneFeed
2026-09-14 11:15:53,878 INFO querying EntityMilestoneFeed incrementally since 2000-01-01T00:00:00Z
2026-09-14 11:15:54,663 INFO [413/1126] EntityMilestoneHistory
2026-09-14 11:15:55,094 INFO querying EntityMilestoneHistory (full)
2026-09-14 11:15:55,695 INFO [414/1126] EntityParticle
2026-09-14 11:15:56,140 INFO querying EntityParticle (full)
2026-09-14 11:15:56,513 ERROR failed to load EntityParticle, skipping and continuing with the rest
Traceback (most recent call last):
  File "C:\Users\thecl\AppData\Local\Packages\PythonSoftwareFoundation.Python.3.11_qbz5n2kfra8p0\LocalCache\local-packages\Python311\site-packages\dlt\extract\pipe_iterator.py", line 274, in _get_source_item
    pipe_item = next(gen)
                ^^^^^^^^^
  File "C:\Users\thecl\OneDrive\Desktop\creditflow-data-warehouse\etl\salesforce_pipeline.py", line 147, in _resource
    for batch in paged_records(sf, soql):
  File "C:\Users\thecl\OneDrive\Desktop\creditflow-data-warehouse\etl\salesforce_pipeline.py", line 122, in paged_records
    for record in run_query_page(sf, soql):
  File "C:\Users\thecl\AppData\Local\Packages\PythonSoftwareFoundation.Python.3.11_qbz5n2kfra8p0\LocalCache\local-packages\Python311\site-packages\simple_salesforce\api.py", line 634, in query_all_iter
    result = self.query(query,
             ^^^^^^^^^^^^^^^^^
  File "C:\Users\thecl\AppData\Local\Packages\PythonSoftwareFoundation.Python.3.11_qbz5n2kfra8p0\LocalCache\local-packages\Python311\site-packages\simple_salesforce\api.py", line 568, in query
    result = self._call_salesforce('GET',
             ^^^^^^^^^^^^^^^^^^^^^^^^^^^^
  File "C:\Users\thecl\AppData\Local\Packages\PythonSoftwareFoundation.Python.3.11_qbz5n2kfra8p0\LocalCache\local-packages\Python311\site-packages\simple_salesforce\api.py", line 787, in _call_salesforce
    exception_handler(result,
  File "C:\Users\thecl\AppData\Local\Packages\PythonSoftwareFoundation.Python.3.11_qbz5n2kfra8p0\LocalCache\local-packages\Python311\site-packages\simple_salesforce\util.py", line 89, in exception_handler
    raise exc_cls(result.url, result.status_code, name, response_content)
simple_salesforce.exceptions.SalesforceMalformedRequest: Malformed request https://orgfarm-568b3bcb1a-dev-ed.develop.my.salesforce.com/services/data/v59.0/query/?q=SELECT+Id%2C+DurableId%2C+QualifiedApiName%2C+EntityDefinitionId%2C+FieldDefinitionId%2C+NamespacePrefix%2C+DeveloperName%2C+MasterLabel%2C+Label%2C+Length%2C+DataType%2C+ServiceDataTypeId%2C+ValueTypeId%2C+ExtraTypeInfo%2C+IsAutonumber%2C+ByteLength%2C+IsCaseSensitive%2C+IsUnique%2C+IsCreatable%2C+IsUpdatable%2C+IsDefaultedOnCreate%2C+IsWriteRequiresMasterRead%2C+IsCalculated%2C+IsHighScaleNumber%2C+IsHtmlFormatted%2C+IsNameField%2C+IsNillable%2C+IsPermissionable%2C+IsEncrypted%2C+Digits%2C+InlineHelpText%2C+RelationshipName%2C+ReferenceTargetField%2C+Name%2C+Mask%2C+MaskType%2C+IsWorkflowFilterable%2C+IsCompactLayoutable%2C+Precision%2C+Scale%2C+IsFieldHistoryTracked%2C+IsApiFilterable%2C+IsApiSortable%2C+IsApiGroupable%2C+IsListVisible%2C+IsLayoutable%2C+IsDependentPicklist%2C+IsDeprecatedAndHidden%2C+IsDisplayLocationInDecimal%2C+DefaultValueFormula%2C+IsIdLookup%2C+IsNamePointing%2C+RelationshipOrder%2C+ReferenceTo%2C+IsComponent%2C+IsCompound+FROM+EntityParticle. Response content: [{'message': 'EntityParticle: a filter on a reified column is required [EntityDefinitionId,FieldDefinitionId,DurableId]', 'errorCode': 'MALFORMED_QUERY'}]

The above exception was the direct cause of the following exception:

Traceback (most recent call last):
  File "C:\Users\thecl\AppData\Local\Packages\PythonSoftwareFoundation.Python.3.11_qbz5n2kfra8p0\LocalCache\local-packages\Python311\site-packages\dlt\pipeline\pipeline.py", line 507, in extract
    self._extract_source(
  File "C:\Users\thecl\AppData\Local\Packages\PythonSoftwareFoundation.Python.3.11_qbz5n2kfra8p0\LocalCache\local-packages\Python311\site-packages\dlt\pipeline\pipeline.py", line 1661, in _extract_source
    load_id = extract.extract(
              ^^^^^^^^^^^^^^^^
  File "C:\Users\thecl\AppData\Local\Packages\PythonSoftwareFoundation.Python.3.11_qbz5n2kfra8p0\LocalCache\local-packages\Python311\site-packages\dlt\extract\extract.py", line 608, in extract
    self._extract_single_source(
  File "C:\Users\thecl\AppData\Local\Packages\PythonSoftwareFoundation.Python.3.11_qbz5n2kfra8p0\LocalCache\local-packages\Python311\site-packages\dlt\extract\extract.py", line 525, in _extract_single_source
    for pipe_item in pipes:
  File "C:\Users\thecl\AppData\Local\Packages\PythonSoftwareFoundation.Python.3.11_qbz5n2kfra8p0\LocalCache\local-packages\Python311\site-packages\dlt\extract\pipe_iterator.py", line 158, in __next__
    pipe_item = self._get_source_item()
                ^^^^^^^^^^^^^^^^^^^^^^^
  File "C:\Users\thecl\AppData\Local\Packages\PythonSoftwareFoundation.Python.3.11_qbz5n2kfra8p0\LocalCache\local-packages\Python311\site-packages\dlt\extract\pipe_iterator.py", line 304, in _get_source_item
    raise ResourceExtractionError(pipe.name, gen, str(ex), "generator") from ex
dlt.extract.exceptions.ResourceExtractionError: In processing pipe `entityparticle`: extraction of resource `entityparticle` in `generator` `_resource` caused an exception: Malformed request https://orgfarm-568b3bcb1a-dev-ed.develop.my.salesforce.com/services/data/v59.0/query/?q=SELECT+Id%2C+DurableId%2C+QualifiedApiName%2C+EntityDefinitionId%2C+FieldDefinitionId%2C+NamespacePrefix%2C+DeveloperName%2C+MasterLabel%2C+Label%2C+Length%2C+DataType%2C+ServiceDataTypeId%2C+ValueTypeId%2C+ExtraTypeInfo%2C+IsAutonumber%2C+ByteLength%2C+IsCaseSensitive%2C+IsUnique%2C+IsCreatable%2C+IsUpdatable%2C+IsDefaultedOnCreate%2C+IsWriteRequiresMasterRead%2C+IsCalculated%2C+IsHighScaleNumber%2C+IsHtmlFormatted%2C+IsNameField%2C+IsNillable%2C+IsPermissionable%2C+IsEncrypted%2C+Digits%2C+InlineHelpText%2C+RelationshipName%2C+ReferenceTargetField%2C+Name%2C+Mask%2C+MaskType%2C+IsWorkflowFilterable%2C+IsCompactLayoutable%2C+Precision%2C+Scale%2C+IsFieldHistoryTracked%2C+IsApiFilterable%2C+IsApiSortable%2C+IsApiGroupable%2C+IsListVisible%2C+IsLayoutable%2C+IsDependentPicklist%2C+IsDeprecatedAndHidden%2C+IsDisplayLocationInDecimal%2C+DefaultValueFormula%2C+IsIdLookup%2C+IsNamePointing%2C+RelationshipOrder%2C+ReferenceTo%2C+IsComponent%2C+IsCompound+FROM+EntityParticle. Response content: [{'message': 'EntityParticle: a filter on a reified column is required [EntityDefinitionId,FieldDefinitionId,DurableId]', 'errorCode': 'MALFORMED_QUERY'}]

The above exception was the direct cause of the following exception:

Traceback (most recent call last):
  File "C:\Users\thecl\OneDrive\Desktop\creditflow-data-warehouse\etl\salesforce_pipeline.py", line 192, in run
    load_info = pipeline.run(resource())
                ^^^^^^^^^^^^^^^^^^^^^^^^
  File "C:\Users\thecl\AppData\Local\Packages\PythonSoftwareFoundation.Python.3.11_qbz5n2kfra8p0\LocalCache\local-packages\Python311\site-packages\dlt\pipeline\pipeline.py", line 237, in _wrap
    step_info = f(self, *args, **kwargs)
                ^^^^^^^^^^^^^^^^^^^^^^^^
  File "C:\Users\thecl\AppData\Local\Packages\PythonSoftwareFoundation.Python.3.11_qbz5n2kfra8p0\LocalCache\local-packages\Python311\site-packages\dlt\pipeline\pipeline.py", line 285, in _wrap
    return f(self, *args, **kwargs)
           ^^^^^^^^^^^^^^^^^^^^^^^^
  File "C:\Users\thecl\AppData\Local\Packages\PythonSoftwareFoundation.Python.3.11_qbz5n2kfra8p0\LocalCache\local-packages\Python311\site-packages\dlt\pipeline\pipeline.py", line 815, in run
    self.extract(
  File "C:\Users\thecl\AppData\Local\Packages\PythonSoftwareFoundation.Python.3.11_qbz5n2kfra8p0\LocalCache\local-packages\Python311\site-packages\dlt\pipeline\pipeline.py", line 237, in _wrap
    step_info = f(self, *args, **kwargs)
                ^^^^^^^^^^^^^^^^^^^^^^^^
  File "C:\Users\thecl\AppData\Local\Packages\PythonSoftwareFoundation.Python.3.11_qbz5n2kfra8p0\LocalCache\local-packages\Python311\site-packages\dlt\pipeline\pipeline.py", line 176, in _wrap
    return f(self, *args, **kwargs)
           ^^^^^^^^^^^^^^^^^^^^^^^^
  File "C:\Users\thecl\AppData\Local\Packages\PythonSoftwareFoundation.Python.3.11_qbz5n2kfra8p0\LocalCache\local-packages\Python311\site-packages\dlt\pipeline\pipeline.py", line 190, in _wrap
    rv = f(self, *args, **kwargs)
         ^^^^^^^^^^^^^^^^^^^^^^^^
  File "C:\Users\thecl\AppData\Local\Packages\PythonSoftwareFoundation.Python.3.11_qbz5n2kfra8p0\LocalCache\local-packages\Python311\site-packages\dlt\pipeline\pipeline.py", line 285, in _wrap
    return f(self, *args, **kwargs)
           ^^^^^^^^^^^^^^^^^^^^^^^^
  File "C:\Users\thecl\AppData\Local\Packages\PythonSoftwareFoundation.Python.3.11_qbz5n2kfra8p0\LocalCache\local-packages\Python311\site-packages\dlt\pipeline\pipeline.py", line 530, in extract
    raise PipelineStepFailed(
dlt.pipeline.exceptions.PipelineStepFailed: Pipeline execution failed at `step=extract` when processing package with `load_id=1789366556.1243062` with exception:

<class 'dlt.extract.exceptions.ResourceExtractionError'>
In processing pipe `entityparticle`: extraction of resource `entityparticle` in `generator` `_resource` caused an exception: Malformed request https://orgfarm-568b3bcb1a-dev-ed.develop.my.salesforce.com/services/data/v59.0/query/?q=SELECT+Id%2C+DurableId%2C+QualifiedApiName%2C+EntityDefinitionId%2C+FieldDefinitionId%2C+NamespacePrefix%2C+DeveloperName%2C+MasterLabel%2C+Label%2C+Length%2C+DataType%2C+ServiceDataTypeId%2C+ValueTypeId%2C+ExtraTypeInfo%2C+IsAutonumber%2C+ByteLength%2C+IsCaseSensitive%2C+IsUnique%2C+IsCreatable%2C+IsUpdatable%2C+IsDefaultedOnCreate%2C+IsWriteRequiresMasterRead%2C+IsCalculated%2C+IsHighScaleNumber%2C+IsHtmlFormatted%2C+IsNameField%2C+IsNillable%2C+IsPermissionable%2C+IsEncrypted%2C+Digits%2C+InlineHelpText%2C+RelationshipName%2C+ReferenceTargetField%2C+Name%2C+Mask%2C+MaskType%2C+IsWorkflowFilterable%2C+IsCompactLayoutable%2C+Precision%2C+Scale%2C+IsFieldHistoryTracked%2C+IsApiFilterable%2C+IsApiSortable%2C+IsApiGroupable%2C+IsListVisible%2C+IsLayoutable%2C+IsDependentPicklist%2C+IsDeprecatedAndHidden%2C+IsDisplayLocationInDecimal%2C+DefaultValueFormula%2C+IsIdLookup%2C+IsNamePointing%2C+RelationshipOrder%2C+ReferenceTo%2C+IsComponent%2C+IsCompound+FROM+EntityParticle. Response content: [{'message': 'EntityParticle: a filter on a reified column is required [EntityDefinitionId,FieldDefinitionId,DurableId]', 'errorCode': 'MALFORMED_QUERY'}]
2026-09-14 11:15:56,515 INFO [415/1126] EntitySubscription
2026-09-14 11:15:56,996 INFO querying EntitySubscription (full)
2026-09-14 11:15:57,519 INFO [416/1126] Event
2026-09-14 11:15:58,403 INFO querying Event incrementally since 2000-01-01T00:00:00Z
2026-09-14 11:15:59,146 INFO [417/1126] EventBusSubscriber
2026-09-14 11:15:59,571 INFO querying EventBusSubscriber (full)
2026-09-14 11:16:00,087 INFO [418/1126] EventFeed
2026-09-14 11:16:00,787 INFO querying EventFeed incrementally since 2000-01-01T00:00:00Z
2026-09-14 11:16:01,591 INFO [419/1126] EventLogFile
2026-09-14 11:16:02,078 INFO querying EventLogFile incrementally since 2000-01-01T00:00:00Z
2026-09-14 11:16:03,110 INFO [420/1126] EventRelation
2026-09-14 11:16:03,646 INFO querying EventRelation incrementally since 2000-01-01T00:00:00Z
2026-09-14 11:16:04,424 INFO [421/1126] EventRelayConfig
2026-09-14 11:16:04,944 INFO querying EventRelayConfig incrementally since 2000-01-01T00:00:00Z
2026-09-14 11:16:05,871 INFO [422/1126] EventRelayFeedback
2026-09-14 11:16:06,423 INFO querying EventRelayFeedback incrementally since 2000-01-01T00:00:00Z
2026-09-14 11:16:07,213 INFO [423/1126] ExpressionFilter
2026-09-14 11:16:07,786 INFO querying ExpressionFilter incrementally since 2000-01-01T00:00:00Z
2026-09-14 11:16:08,610 INFO [424/1126] ExpressionFilterCriteria
2026-09-14 11:16:09,154 INFO querying ExpressionFilterCriteria incrementally since 2000-01-01T00:00:00Z
2026-09-14 11:16:10,089 INFO [425/1126] ExpressionSetView
2026-09-14 11:16:10,640 INFO querying ExpressionSetView incrementally since 2000-01-01T00:00:00Z
2026-09-14 11:16:11,402 INFO [426/1126] ExtDataShare
2026-09-14 11:16:12,394 INFO querying ExtDataShare incrementally since 2000-01-01T00:00:00Z
2026-09-14 11:16:13,203 INFO [427/1126] ExtDataShareFeed
2026-09-14 11:16:13,740 INFO querying ExtDataShareFeed incrementally since 2000-01-01T00:00:00Z
2026-09-14 11:16:14,578 INFO [428/1126] ExtDataShareHistory
2026-09-14 11:16:15,023 INFO querying ExtDataShareHistory (full)
2026-09-14 11:16:15,562 INFO [429/1126] ExtDataShareTarget
2026-09-14 11:16:16,178 INFO querying ExtDataShareTarget incrementally since 2000-01-01T00:00:00Z
2026-09-14 11:16:16,966 INFO [430/1126] ExtDataShareTargetFeed
2026-09-14 11:16:17,564 INFO querying ExtDataShareTargetFeed incrementally since 2000-01-01T00:00:00Z
2026-09-14 11:16:18,361 INFO [431/1126] ExtDataShareTargetHistory
2026-09-14 11:16:18,804 INFO querying ExtDataShareTargetHistory (full)
2026-09-14 11:16:19,315 INFO [432/1126] ExtDataShareTargetShare
2026-09-14 11:16:19,954 INFO querying ExtDataShareTargetShare incrementally since 2000-01-01T00:00:00Z
2026-09-14 11:16:20,807 INFO [433/1126] ExternalAIModel
2026-09-14 11:16:21,348 INFO querying ExternalAIModel incrementally since 2000-01-01T00:00:00Z
2026-09-14 11:16:22,162 INFO [434/1126] ExternalClientApplication
2026-09-14 11:16:22,912 INFO querying ExternalClientApplication incrementally since 2000-01-01T00:00:00Z
2026-09-14 11:16:24,052 INFO [435/1126] ExternalDataSource
2026-09-14 11:16:24,744 INFO querying ExternalDataSource incrementally since 2000-01-01T00:00:00Z
2026-09-14 11:16:25,533 INFO [436/1126] ExternalDataSrcDescriptor
2026-09-14 11:16:26,112 INFO querying ExternalDataSrcDescriptor incrementally since 2000-01-01T00:00:00Z
2026-09-14 11:16:27,173 INFO [437/1126] ExternalDataUserAuth
2026-09-14 11:16:27,743 INFO querying ExternalDataUserAuth incrementally since 2000-01-01T00:00:00Z
2026-09-14 11:16:28,557 INFO [438/1126] ExternalEncryptionRootKey
2026-09-14 11:16:29,367 INFO querying ExternalEncryptionRootKey incrementally since 2000-01-01T00:00:00Z
2026-09-14 11:16:29,703 ERROR failed to load ExternalEncryptionRootKey, skipping and continuing with the rest
Traceback (most recent call last):
  File "C:\Users\thecl\AppData\Local\Packages\PythonSoftwareFoundation.Python.3.11_qbz5n2kfra8p0\LocalCache\local-packages\Python311\site-packages\dlt\extract\pipe_iterator.py", line 274, in _get_source_item
    pipe_item = next(gen)
                ^^^^^^^^^
  File "C:\Users\thecl\OneDrive\Desktop\creditflow-data-warehouse\etl\salesforce_pipeline.py", line 140, in _resource
    for batch in paged_records(sf, soql):
  File "C:\Users\thecl\OneDrive\Desktop\creditflow-data-warehouse\etl\salesforce_pipeline.py", line 122, in paged_records
    for record in run_query_page(sf, soql):
  File "C:\Users\thecl\AppData\Local\Packages\PythonSoftwareFoundation.Python.3.11_qbz5n2kfra8p0\LocalCache\local-packages\Python311\site-packages\simple_salesforce\api.py", line 634, in query_all_iter
    result = self.query(query,
             ^^^^^^^^^^^^^^^^^
  File "C:\Users\thecl\AppData\Local\Packages\PythonSoftwareFoundation.Python.3.11_qbz5n2kfra8p0\LocalCache\local-packages\Python311\site-packages\simple_salesforce\api.py", line 568, in query
    result = self._call_salesforce('GET',
             ^^^^^^^^^^^^^^^^^^^^^^^^^^^^
  File "C:\Users\thecl\AppData\Local\Packages\PythonSoftwareFoundation.Python.3.11_qbz5n2kfra8p0\LocalCache\local-packages\Python311\site-packages\simple_salesforce\api.py", line 787, in _call_salesforce
    exception_handler(result,
  File "C:\Users\thecl\AppData\Local\Packages\PythonSoftwareFoundation.Python.3.11_qbz5n2kfra8p0\LocalCache\local-packages\Python311\site-packages\simple_salesforce\util.py", line 89, in exception_handler
    raise exc_cls(result.url, result.status_code, name, response_content)
simple_salesforce.exceptions.SalesforceMalformedRequest: Malformed request https://orgfarm-568b3bcb1a-dev-ed.develop.my.salesforce.com/services/data/v59.0/query/?q=SELECT+Id%2C+RootKeyIdentifier%2C+CreatedDate%2C+CreatedBy%2C+LastModifiedDate%2C+LastModifiedBy%2C+RootKeyService%2C+Region%2C+Status%2C+Description%2C+ActivatedDate+FROM+ExternalEncryptionRootKey+WHERE+LastModifiedDate+%3E+2000-01-01T00%3A00%3A00Z. Response content: [{'message': 'Filtering by LastModifiedDate column is not supported for ExternalEncryptionRootKey.', 'errorCode': 'EXTERNAL_OBJECT_UNSUPPORTED_EXCEPTION'}]

The above exception was the direct cause of the following exception:

Traceback (most recent call last):
  File "C:\Users\thecl\AppData\Local\Packages\PythonSoftwareFoundation.Python.3.11_qbz5n2kfra8p0\LocalCache\local-packages\Python311\site-packages\dlt\pipeline\pipeline.py", line 507, in extract
    self._extract_source(
  File "C:\Users\thecl\AppData\Local\Packages\PythonSoftwareFoundation.Python.3.11_qbz5n2kfra8p0\LocalCache\local-packages\Python311\site-packages\dlt\pipeline\pipeline.py", line 1661, in _extract_source
    load_id = extract.extract(
              ^^^^^^^^^^^^^^^^
  File "C:\Users\thecl\AppData\Local\Packages\PythonSoftwareFoundation.Python.3.11_qbz5n2kfra8p0\LocalCache\local-packages\Python311\site-packages\dlt\extract\extract.py", line 608, in extract
    self._extract_single_source(
  File "C:\Users\thecl\AppData\Local\Packages\PythonSoftwareFoundation.Python.3.11_qbz5n2kfra8p0\LocalCache\local-packages\Python311\site-packages\dlt\extract\extract.py", line 525, in _extract_single_source
    for pipe_item in pipes:
  File "C:\Users\thecl\AppData\Local\Packages\PythonSoftwareFoundation.Python.3.11_qbz5n2kfra8p0\LocalCache\local-packages\Python311\site-packages\dlt\extract\pipe_iterator.py", line 158, in __next__
    pipe_item = self._get_source_item()
                ^^^^^^^^^^^^^^^^^^^^^^^
  File "C:\Users\thecl\AppData\Local\Packages\PythonSoftwareFoundation.Python.3.11_qbz5n2kfra8p0\LocalCache\local-packages\Python311\site-packages\dlt\extract\pipe_iterator.py", line 304, in _get_source_item
    raise ResourceExtractionError(pipe.name, gen, str(ex), "generator") from ex
dlt.extract.exceptions.ResourceExtractionError: In processing pipe `externalencryptionrootkey`: extraction of resource `externalencryptionrootkey` in `generator` `_resource` caused an exception: Malformed request https://orgfarm-568b3bcb1a-dev-ed.develop.my.salesforce.com/services/data/v59.0/query/?q=SELECT+Id%2C+RootKeyIdentifier%2C+CreatedDate%2C+CreatedBy%2C+LastModifiedDate%2C+LastModifiedBy%2C+RootKeyService%2C+Region%2C+Status%2C+Description%2C+ActivatedDate+FROM+ExternalEncryptionRootKey+WHERE+LastModifiedDate+%3E+2000-01-01T00%3A00%3A00Z. Response content: [{'message': 'Filtering by LastModifiedDate column is not supported for ExternalEncryptionRootKey.', 'errorCode': 'EXTERNAL_OBJECT_UNSUPPORTED_EXCEPTION'}]

The above exception was the direct cause of the following exception:

Traceback (most recent call last):
  File "C:\Users\thecl\OneDrive\Desktop\creditflow-data-warehouse\etl\salesforce_pipeline.py", line 192, in run
    load_info = pipeline.run(resource())
                ^^^^^^^^^^^^^^^^^^^^^^^^
  File "C:\Users\thecl\AppData\Local\Packages\PythonSoftwareFoundation.Python.3.11_qbz5n2kfra8p0\LocalCache\local-packages\Python311\site-packages\dlt\pipeline\pipeline.py", line 237, in _wrap
    step_info = f(self, *args, **kwargs)
                ^^^^^^^^^^^^^^^^^^^^^^^^
  File "C:\Users\thecl\AppData\Local\Packages\PythonSoftwareFoundation.Python.3.11_qbz5n2kfra8p0\LocalCache\local-packages\Python311\site-packages\dlt\pipeline\pipeline.py", line 285, in _wrap
    return f(self, *args, **kwargs)
           ^^^^^^^^^^^^^^^^^^^^^^^^
  File "C:\Users\thecl\AppData\Local\Packages\PythonSoftwareFoundation.Python.3.11_qbz5n2kfra8p0\LocalCache\local-packages\Python311\site-packages\dlt\pipeline\pipeline.py", line 815, in run
    self.extract(
  File "C:\Users\thecl\AppData\Local\Packages\PythonSoftwareFoundation.Python.3.11_qbz5n2kfra8p0\LocalCache\local-packages\Python311\site-packages\dlt\pipeline\pipeline.py", line 237, in _wrap
    step_info = f(self, *args, **kwargs)
                ^^^^^^^^^^^^^^^^^^^^^^^^
  File "C:\Users\thecl\AppData\Local\Packages\PythonSoftwareFoundation.Python.3.11_qbz5n2kfra8p0\LocalCache\local-packages\Python311\site-packages\dlt\pipeline\pipeline.py", line 176, in _wrap
    return f(self, *args, **kwargs)
           ^^^^^^^^^^^^^^^^^^^^^^^^
  File "C:\Users\thecl\AppData\Local\Packages\PythonSoftwareFoundation.Python.3.11_qbz5n2kfra8p0\LocalCache\local-packages\Python311\site-packages\dlt\pipeline\pipeline.py", line 190, in _wrap
    rv = f(self, *args, **kwargs)
         ^^^^^^^^^^^^^^^^^^^^^^^^
  File "C:\Users\thecl\AppData\Local\Packages\PythonSoftwareFoundation.Python.3.11_qbz5n2kfra8p0\LocalCache\local-packages\Python311\site-packages\dlt\pipeline\pipeline.py", line 285, in _wrap
    return f(self, *args, **kwargs)
           ^^^^^^^^^^^^^^^^^^^^^^^^
  File "C:\Users\thecl\AppData\Local\Packages\PythonSoftwareFoundation.Python.3.11_qbz5n2kfra8p0\LocalCache\local-packages\Python311\site-packages\dlt\pipeline\pipeline.py", line 530, in extract
    raise PipelineStepFailed(
dlt.pipeline.exceptions.PipelineStepFailed: Pipeline execution failed at `step=extract` when processing package with `load_id=1789366589.1196709` with exception:

<class 'dlt.extract.exceptions.ResourceExtractionError'>
In processing pipe `externalencryptionrootkey`: extraction of resource `externalencryptionrootkey` in `generator` `_resource` caused an exception: Malformed request https://orgfarm-568b3bcb1a-dev-ed.develop.my.salesforce.com/services/data/v59.0/query/?q=SELECT+Id%2C+RootKeyIdentifier%2C+CreatedDate%2C+CreatedBy%2C+LastModifiedDate%2C+LastModifiedBy%2C+RootKeyService%2C+Region%2C+Status%2C+Description%2C+ActivatedDate+FROM+ExternalEncryptionRootKey+WHERE+LastModifiedDate+%3E+2000-01-01T00%3A00%3A00Z. Response content: [{'message': 'Filtering by LastModifiedDate column is not supported for ExternalEncryptionRootKey.', 'errorCode': 'EXTERNAL_OBJECT_UNSUPPORTED_EXCEPTION'}]
2026-09-14 11:16:29,703 INFO [439/1126] ExternalEvent
2026-09-14 11:16:30,278 INFO querying ExternalEvent incrementally since 2000-01-01T00:00:00Z
2026-09-14 11:16:31,367 INFO [440/1126] ExternalEventMapping
2026-09-14 11:16:31,949 INFO querying ExternalEventMapping incrementally since 2000-01-01T00:00:00Z
2026-09-14 11:16:32,993 INFO [441/1126] ExternalEventMappingShare
2026-09-14 11:16:33,527 INFO querying ExternalEventMappingShare incrementally since 2000-01-01T00:00:00Z
2026-09-14 11:16:34,372 INFO [442/1126] ExtlClntAppOauthConsumer
2026-09-14 11:16:34,890 INFO querying ExtlClntAppOauthConsumer incrementally since 2000-01-01T00:00:00Z
2026-09-14 11:16:35,966 INFO [443/1126] ExtlClntAppOauthIpRange
2026-09-14 11:16:36,467 INFO querying ExtlClntAppOauthIpRange incrementally since 2000-01-01T00:00:00Z
2026-09-14 11:16:37,451 INFO [444/1126] ExtlClntAppOauthPlcyAttr
2026-09-14 11:16:38,063 INFO querying ExtlClntAppOauthPlcyAttr incrementally since 2000-01-01T00:00:00Z
2026-09-14 11:16:39,075 INFO [445/1126] ExtlClntAppOauthPlcyCnfg
2026-09-14 11:16:39,578 INFO querying ExtlClntAppOauthPlcyCnfg incrementally since 2000-01-01T00:00:00Z
2026-09-14 11:16:40,506 INFO [446/1126] ExtlClntAppOauthSetAttr
2026-09-14 11:16:41,054 INFO querying ExtlClntAppOauthSetAttr incrementally since 2000-01-01T00:00:00Z
2026-09-14 11:16:41,802 INFO [447/1126] ExtlClntAppOauthSettings
2026-09-14 11:16:42,298 INFO querying ExtlClntAppOauthSettings incrementally since 2000-01-01T00:00:00Z
2026-09-14 11:16:43,568 INFO [448/1126] ExtlClntAppSamplePlcyCnfg
2026-09-14 11:16:44,080 INFO querying ExtlClntAppSamplePlcyCnfg incrementally since 2000-01-01T00:00:00Z
2026-09-14 11:16:44,813 INFO [449/1126] ExtlClntAppSampleSettings
2026-09-14 11:16:45,431 INFO querying ExtlClntAppSampleSettings incrementally since 2000-01-01T00:00:00Z
2026-09-14 11:16:46,173 INFO [450/1126] FeedAttachment
2026-09-14 11:16:46,654 INFO querying FeedAttachment (full)
2026-09-14 11:16:47,169 INFO [451/1126] FeedComment
2026-09-14 11:16:47,667 INFO querying FeedComment (full)
2026-09-14 11:16:48,139 INFO [452/1126] FeedItem
2026-09-14 11:16:48,737 INFO querying FeedItem incrementally since 2000-01-01T00:00:00Z
2026-09-14 11:16:49,503 INFO [453/1126] FeedPollChoice
2026-09-14 11:16:49,981 INFO querying FeedPollChoice (full)
2026-09-14 11:16:50,508 INFO [454/1126] FeedPollVote
2026-09-14 11:16:51,080 INFO querying FeedPollVote incrementally since 2000-01-01T00:00:00Z
2026-09-14 11:16:51,854 INFO [455/1126] FeedRevision
2026-09-14 11:16:52,313 INFO querying FeedRevision (full)
2026-09-14 11:16:52,775 INFO [456/1126] FieldDefinition
2026-09-14 11:16:53,366 INFO querying FieldDefinition incrementally since 2000-01-01T00:00:00Z
2026-09-14 11:16:53,712 ERROR failed to load FieldDefinition, skipping and continuing with the rest
Traceback (most recent call last):
  File "C:\Users\thecl\AppData\Local\Packages\PythonSoftwareFoundation.Python.3.11_qbz5n2kfra8p0\LocalCache\local-packages\Python311\site-packages\dlt\extract\pipe_iterator.py", line 274, in _get_source_item
    pipe_item = next(gen)
                ^^^^^^^^^
  File "C:\Users\thecl\OneDrive\Desktop\creditflow-data-warehouse\etl\salesforce_pipeline.py", line 140, in _resource
    for batch in paged_records(sf, soql):
  File "C:\Users\thecl\OneDrive\Desktop\creditflow-data-warehouse\etl\salesforce_pipeline.py", line 122, in paged_records
    for record in run_query_page(sf, soql):
  File "C:\Users\thecl\AppData\Local\Packages\PythonSoftwareFoundation.Python.3.11_qbz5n2kfra8p0\LocalCache\local-packages\Python311\site-packages\simple_salesforce\api.py", line 634, in query_all_iter
    result = self.query(query,
             ^^^^^^^^^^^^^^^^^
  File "C:\Users\thecl\AppData\Local\Packages\PythonSoftwareFoundation.Python.3.11_qbz5n2kfra8p0\LocalCache\local-packages\Python311\site-packages\simple_salesforce\api.py", line 568, in query
    result = self._call_salesforce('GET',
             ^^^^^^^^^^^^^^^^^^^^^^^^^^^^
  File "C:\Users\thecl\AppData\Local\Packages\PythonSoftwareFoundation.Python.3.11_qbz5n2kfra8p0\LocalCache\local-packages\Python311\site-packages\simple_salesforce\api.py", line 787, in _call_salesforce
    exception_handler(result,
  File "C:\Users\thecl\AppData\Local\Packages\PythonSoftwareFoundation.Python.3.11_qbz5n2kfra8p0\LocalCache\local-packages\Python311\site-packages\simple_salesforce\util.py", line 89, in exception_handler
    raise exc_cls(result.url, result.status_code, name, response_content)
simple_salesforce.exceptions.SalesforceMalformedRequest: Malformed request https://orgfarm-568b3bcb1a-dev-ed.develop.my.salesforce.com/services/data/v59.0/query/?q=SELECT+Id%2C+DurableId%2C+QualifiedApiName%2C+EntityDefinitionId%2C+NamespacePrefix%2C+DeveloperName%2C+MasterLabel%2C+Label%2C+Length%2C+DataType%2C+ServiceDataTypeId%2C+ValueTypeId%2C+ExtraTypeInfo%2C+IsCalculated%2C+IsHighScaleNumber%2C+IsHtmlFormatted%2C+IsNameField%2C+IsNillable%2C+IsWorkflowFilterable%2C+IsCompactLayoutable%2C+Precision%2C+Scale%2C+IsFieldHistoryTracked%2C+IsIndexed%2C+IsApiFilterable%2C+IsApiSortable%2C+IsListFilterable%2C+IsListSortable%2C+IsApiGroupable%2C+IsListVisible%2C+ControllingFieldDefinitionId%2C+LastModifiedDate%2C+LastModifiedById%2C+PublisherId%2C+RunningUserFieldAccessId%2C+RelationshipName%2C+ReferenceTo%2C+ReferenceTargetField%2C+IsCompound%2C+IsSearchPrefilterable%2C+IsPolymorphicForeignKey%2C+IsAiPredictionField%2C+BusinessOwnerId%2C+BusinessStatus%2C+SecurityClassification%2C+ComplianceGroup%2C+Description+FROM+FieldDefinition+WHERE+LastModifiedDate+%3E+2000-01-01T00%3A00%3A00Z. Response content: [{'message': 'FieldDefinition: a filter on a reified column is required [EntityDefinitionId,DurableId]', 'errorCode': 'MALFORMED_QUERY'}]

The above exception was the direct cause of the following exception:

Traceback (most recent call last):
  File "C:\Users\thecl\AppData\Local\Packages\PythonSoftwareFoundation.Python.3.11_qbz5n2kfra8p0\LocalCache\local-packages\Python311\site-packages\dlt\pipeline\pipeline.py", line 507, in extract
    self._extract_source(
  File "C:\Users\thecl\AppData\Local\Packages\PythonSoftwareFoundation.Python.3.11_qbz5n2kfra8p0\LocalCache\local-packages\Python311\site-packages\dlt\pipeline\pipeline.py", line 1661, in _extract_source
    load_id = extract.extract(
              ^^^^^^^^^^^^^^^^
  File "C:\Users\thecl\AppData\Local\Packages\PythonSoftwareFoundation.Python.3.11_qbz5n2kfra8p0\LocalCache\local-packages\Python311\site-packages\dlt\extract\extract.py", line 608, in extract
    self._extract_single_source(
  File "C:\Users\thecl\AppData\Local\Packages\PythonSoftwareFoundation.Python.3.11_qbz5n2kfra8p0\LocalCache\local-packages\Python311\site-packages\dlt\extract\extract.py", line 525, in _extract_single_source
    for pipe_item in pipes:
  File "C:\Users\thecl\AppData\Local\Packages\PythonSoftwareFoundation.Python.3.11_qbz5n2kfra8p0\LocalCache\local-packages\Python311\site-packages\dlt\extract\pipe_iterator.py", line 158, in __next__
    pipe_item = self._get_source_item()
                ^^^^^^^^^^^^^^^^^^^^^^^
  File "C:\Users\thecl\AppData\Local\Packages\PythonSoftwareFoundation.Python.3.11_qbz5n2kfra8p0\LocalCache\local-packages\Python311\site-packages\dlt\extract\pipe_iterator.py", line 304, in _get_source_item
    raise ResourceExtractionError(pipe.name, gen, str(ex), "generator") from ex
dlt.extract.exceptions.ResourceExtractionError: In processing pipe `fielddefinition`: extraction of resource `fielddefinition` in `generator` `_resource` caused an exception: Malformed request https://orgfarm-568b3bcb1a-dev-ed.develop.my.salesforce.com/services/data/v59.0/query/?q=SELECT+Id%2C+DurableId%2C+QualifiedApiName%2C+EntityDefinitionId%2C+NamespacePrefix%2C+DeveloperName%2C+MasterLabel%2C+Label%2C+Length%2C+DataType%2C+ServiceDataTypeId%2C+ValueTypeId%2C+ExtraTypeInfo%2C+IsCalculated%2C+IsHighScaleNumber%2C+IsHtmlFormatted%2C+IsNameField%2C+IsNillable%2C+IsWorkflowFilterable%2C+IsCompactLayoutable%2C+Precision%2C+Scale%2C+IsFieldHistoryTracked%2C+IsIndexed%2C+IsApiFilterable%2C+IsApiSortable%2C+IsListFilterable%2C+IsListSortable%2C+IsApiGroupable%2C+IsListVisible%2C+ControllingFieldDefinitionId%2C+LastModifiedDate%2C+LastModifiedById%2C+PublisherId%2C+RunningUserFieldAccessId%2C+RelationshipName%2C+ReferenceTo%2C+ReferenceTargetField%2C+IsCompound%2C+IsSearchPrefilterable%2C+IsPolymorphicForeignKey%2C+IsAiPredictionField%2C+BusinessOwnerId%2C+BusinessStatus%2C+SecurityClassification%2C+ComplianceGroup%2C+Description+FROM+FieldDefinition+WHERE+LastModifiedDate+%3E+2000-01-01T00%3A00%3A00Z. Response content: [{'message': 'FieldDefinition: a filter on a reified column is required [EntityDefinitionId,DurableId]', 'errorCode': 'MALFORMED_QUERY'}]

The above exception was the direct cause of the following exception:

Traceback (most recent call last):
  File "C:\Users\thecl\OneDrive\Desktop\creditflow-data-warehouse\etl\salesforce_pipeline.py", line 192, in run
    load_info = pipeline.run(resource())
                ^^^^^^^^^^^^^^^^^^^^^^^^
  File "C:\Users\thecl\AppData\Local\Packages\PythonSoftwareFoundation.Python.3.11_qbz5n2kfra8p0\LocalCache\local-packages\Python311\site-packages\dlt\pipeline\pipeline.py", line 237, in _wrap
    step_info = f(self, *args, **kwargs)
                ^^^^^^^^^^^^^^^^^^^^^^^^
  File "C:\Users\thecl\AppData\Local\Packages\PythonSoftwareFoundation.Python.3.11_qbz5n2kfra8p0\LocalCache\local-packages\Python311\site-packages\dlt\pipeline\pipeline.py", line 285, in _wrap
    return f(self, *args, **kwargs)
           ^^^^^^^^^^^^^^^^^^^^^^^^
  File "C:\Users\thecl\AppData\Local\Packages\PythonSoftwareFoundation.Python.3.11_qbz5n2kfra8p0\LocalCache\local-packages\Python311\site-packages\dlt\pipeline\pipeline.py", line 815, in run
    self.extract(
  File "C:\Users\thecl\AppData\Local\Packages\PythonSoftwareFoundation.Python.3.11_qbz5n2kfra8p0\LocalCache\local-packages\Python311\site-packages\dlt\pipeline\pipeline.py", line 237, in _wrap
    step_info = f(self, *args, **kwargs)
                ^^^^^^^^^^^^^^^^^^^^^^^^
  File "C:\Users\thecl\AppData\Local\Packages\PythonSoftwareFoundation.Python.3.11_qbz5n2kfra8p0\LocalCache\local-packages\Python311\site-packages\dlt\pipeline\pipeline.py", line 176, in _wrap
    return f(self, *args, **kwargs)
           ^^^^^^^^^^^^^^^^^^^^^^^^
  File "C:\Users\thecl\AppData\Local\Packages\PythonSoftwareFoundation.Python.3.11_qbz5n2kfra8p0\LocalCache\local-packages\Python311\site-packages\dlt\pipeline\pipeline.py", line 190, in _wrap
    rv = f(self, *args, **kwargs)
         ^^^^^^^^^^^^^^^^^^^^^^^^
  File "C:\Users\thecl\AppData\Local\Packages\PythonSoftwareFoundation.Python.3.11_qbz5n2kfra8p0\LocalCache\local-packages\Python311\site-packages\dlt\pipeline\pipeline.py", line 285, in _wrap
    return f(self, *args, **kwargs)
           ^^^^^^^^^^^^^^^^^^^^^^^^
  File "C:\Users\thecl\AppData\Local\Packages\PythonSoftwareFoundation.Python.3.11_qbz5n2kfra8p0\LocalCache\local-packages\Python311\site-packages\dlt\pipeline\pipeline.py", line 530, in extract
    raise PipelineStepFailed(
dlt.pipeline.exceptions.PipelineStepFailed: Pipeline execution failed at `step=extract` when processing package with `load_id=1789366613.259266` with exception:

<class 'dlt.extract.exceptions.ResourceExtractionError'>
In processing pipe `fielddefinition`: extraction of resource `fielddefinition` in `generator` `_resource` caused an exception: Malformed request https://orgfarm-568b3bcb1a-dev-ed.develop.my.salesforce.com/services/data/v59.0/query/?q=SELECT+Id%2C+DurableId%2C+QualifiedApiName%2C+EntityDefinitionId%2C+NamespacePrefix%2C+DeveloperName%2C+MasterLabel%2C+Label%2C+Length%2C+DataType%2C+ServiceDataTypeId%2C+ValueTypeId%2C+ExtraTypeInfo%2C+IsCalculated%2C+IsHighScaleNumber%2C+IsHtmlFormatted%2C+IsNameField%2C+IsNillable%2C+IsWorkflowFilterable%2C+IsCompactLayoutable%2C+Precision%2C+Scale%2C+IsFieldHistoryTracked%2C+IsIndexed%2C+IsApiFilterable%2C+IsApiSortable%2C+IsListFilterable%2C+IsListSortable%2C+IsApiGroupable%2C+IsListVisible%2C+ControllingFieldDefinitionId%2C+LastModifiedDate%2C+LastModifiedById%2C+PublisherId%2C+RunningUserFieldAccessId%2C+RelationshipName%2C+ReferenceTo%2C+ReferenceTargetField%2C+IsCompound%2C+IsSearchPrefilterable%2C+IsPolymorphicForeignKey%2C+IsAiPredictionField%2C+BusinessOwnerId%2C+BusinessStatus%2C+SecurityClassification%2C+ComplianceGroup%2C+Description+FROM+FieldDefinition+WHERE+LastModifiedDate+%3E+2000-01-01T00%3A00%3A00Z. Response content: [{'message': 'FieldDefinition: a filter on a reified column is required [EntityDefinitionId,DurableId]', 'errorCode': 'MALFORMED_QUERY'}]
2026-09-14 11:16:53,713 INFO [457/1126] FieldPermissions
2026-09-14 11:16:54,632 INFO querying FieldPermissions (full)
2026-09-14 11:17:15,344 INFO [458/1126] FieldSecurityClassification
2026-09-14 11:17:16,406 INFO querying FieldSecurityClassification incrementally since 2000-01-01T00:00:00Z
2026-09-14 11:17:17,674 INFO [459/1126] FileEventStore
2026-09-14 11:17:18,218 INFO querying FileEventStore incrementally since 2000-01-01T00:00:00Z
2026-09-14 11:17:18,562 ERROR failed to load FileEventStore, skipping and continuing with the rest
Traceback (most recent call last):
  File "C:\Users\thecl\AppData\Local\Packages\PythonSoftwareFoundation.Python.3.11_qbz5n2kfra8p0\LocalCache\local-packages\Python311\site-packages\dlt\extract\pipe_iterator.py", line 274, in _get_source_item
    pipe_item = next(gen)
                ^^^^^^^^^
  File "C:\Users\thecl\OneDrive\Desktop\creditflow-data-warehouse\etl\salesforce_pipeline.py", line 140, in _resource
    for batch in paged_records(sf, soql):
  File "C:\Users\thecl\OneDrive\Desktop\creditflow-data-warehouse\etl\salesforce_pipeline.py", line 122, in paged_records
    for record in run_query_page(sf, soql):
  File "C:\Users\thecl\AppData\Local\Packages\PythonSoftwareFoundation.Python.3.11_qbz5n2kfra8p0\LocalCache\local-packages\Python311\site-packages\simple_salesforce\api.py", line 634, in query_all_iter
    result = self.query(query,
             ^^^^^^^^^^^^^^^^^
  File "C:\Users\thecl\AppData\Local\Packages\PythonSoftwareFoundation.Python.3.11_qbz5n2kfra8p0\LocalCache\local-packages\Python311\site-packages\simple_salesforce\api.py", line 568, in query
    result = self._call_salesforce('GET',
             ^^^^^^^^^^^^^^^^^^^^^^^^^^^^
  File "C:\Users\thecl\AppData\Local\Packages\PythonSoftwareFoundation.Python.3.11_qbz5n2kfra8p0\LocalCache\local-packages\Python311\site-packages\simple_salesforce\api.py", line 787, in _call_salesforce
    exception_handler(result,
  File "C:\Users\thecl\AppData\Local\Packages\PythonSoftwareFoundation.Python.3.11_qbz5n2kfra8p0\LocalCache\local-packages\Python311\site-packages\simple_salesforce\util.py", line 89, in exception_handler
    raise exc_cls(result.url, result.status_code, name, response_content)
simple_salesforce.exceptions.SalesforceMalformedRequest: Malformed request https://orgfarm-568b3bcb1a-dev-ed.develop.my.salesforce.com/services/data/v59.0/query/?q=SELECT+Id%2C+CreatedById%2C+CreatedDate%2C+LastModifiedById%2C+LastModifiedDate%2C+SystemModstamp%2C+EventIdentifier%2C+UserId%2C+Username%2C+EventDate%2C+RelatedEventIdentifier%2C+PolicyId%2C+PolicyOutcome%2C+EvaluationTime%2C+SessionKey%2C+LoginKey%2C+SessionLevel%2C+SourceIp%2C+DocumentId%2C+VersionId%2C+FileName%2C+FileType%2C+ContentSize%2C+CanDownloadPdf%2C+VersionNumber%2C+ProcessDuration%2C+IsLatestVersion%2C+FileSource%2C+FileAction+FROM+FileEventStore+WHERE+LastModifiedDate+%3E+2000-01-01T00%3A00%3A00Z. Response content: [{'message': "\nFileAction FROM FileEventStore WHERE LastModifiedDate > 2000-01-01T00:00:00Z\n                                     ^\nERROR at Row:1:Column:417\nfield 'LastModifiedDate' can not be filtered in a query call", 'errorCode': 'INVALID_FIELD'}]

The above exception was the direct cause of the following exception:

Traceback (most recent call last):
  File "C:\Users\thecl\AppData\Local\Packages\PythonSoftwareFoundation.Python.3.11_qbz5n2kfra8p0\LocalCache\local-packages\Python311\site-packages\dlt\pipeline\pipeline.py", line 507, in extract
    self._extract_source(
  File "C:\Users\thecl\AppData\Local\Packages\PythonSoftwareFoundation.Python.3.11_qbz5n2kfra8p0\LocalCache\local-packages\Python311\site-packages\dlt\pipeline\pipeline.py", line 1661, in _extract_source
    load_id = extract.extract(
              ^^^^^^^^^^^^^^^^
  File "C:\Users\thecl\AppData\Local\Packages\PythonSoftwareFoundation.Python.3.11_qbz5n2kfra8p0\LocalCache\local-packages\Python311\site-packages\dlt\extract\extract.py", line 608, in extract
    self._extract_single_source(
  File "C:\Users\thecl\AppData\Local\Packages\PythonSoftwareFoundation.Python.3.11_qbz5n2kfra8p0\LocalCache\local-packages\Python311\site-packages\dlt\extract\extract.py", line 525, in _extract_single_source
    for pipe_item in pipes:
  File "C:\Users\thecl\AppData\Local\Packages\PythonSoftwareFoundation.Python.3.11_qbz5n2kfra8p0\LocalCache\local-packages\Python311\site-packages\dlt\extract\pipe_iterator.py", line 158, in __next__
    pipe_item = self._get_source_item()
                ^^^^^^^^^^^^^^^^^^^^^^^
  File "C:\Users\thecl\AppData\Local\Packages\PythonSoftwareFoundation.Python.3.11_qbz5n2kfra8p0\LocalCache\local-packages\Python311\site-packages\dlt\extract\pipe_iterator.py", line 304, in _get_source_item
    raise ResourceExtractionError(pipe.name, gen, str(ex), "generator") from ex
dlt.extract.exceptions.ResourceExtractionError: In processing pipe `fileeventstore`: extraction of resource `fileeventstore` in `generator` `_resource` caused an exception: Malformed request https://orgfarm-568b3bcb1a-dev-ed.develop.my.salesforce.com/services/data/v59.0/query/?q=SELECT+Id%2C+CreatedById%2C+CreatedDate%2C+LastModifiedById%2C+LastModifiedDate%2C+SystemModstamp%2C+EventIdentifier%2C+UserId%2C+Username%2C+EventDate%2C+RelatedEventIdentifier%2C+PolicyId%2C+PolicyOutcome%2C+EvaluationTime%2C+SessionKey%2C+LoginKey%2C+SessionLevel%2C+SourceIp%2C+DocumentId%2C+VersionId%2C+FileName%2C+FileType%2C+ContentSize%2C+CanDownloadPdf%2C+VersionNumber%2C+ProcessDuration%2C+IsLatestVersion%2C+FileSource%2C+FileAction+FROM+FileEventStore+WHERE+LastModifiedDate+%3E+2000-01-01T00%3A00%3A00Z. Response content: [{'message': "\nFileAction FROM FileEventStore WHERE LastModifiedDate > 2000-01-01T00:00:00Z\n                                     ^\nERROR at Row:1:Column:417\nfield 'LastModifiedDate' can not be filtered in a query call", 'errorCode': 'INVALID_FIELD'}]

The above exception was the direct cause of the following exception:

Traceback (most recent call last):
  File "C:\Users\thecl\OneDrive\Desktop\creditflow-data-warehouse\etl\salesforce_pipeline.py", line 192, in run
    load_info = pipeline.run(resource())
                ^^^^^^^^^^^^^^^^^^^^^^^^
  File "C:\Users\thecl\AppData\Local\Packages\PythonSoftwareFoundation.Python.3.11_qbz5n2kfra8p0\LocalCache\local-packages\Python311\site-packages\dlt\pipeline\pipeline.py", line 237, in _wrap
    step_info = f(self, *args, **kwargs)
                ^^^^^^^^^^^^^^^^^^^^^^^^
  File "C:\Users\thecl\AppData\Local\Packages\PythonSoftwareFoundation.Python.3.11_qbz5n2kfra8p0\LocalCache\local-packages\Python311\site-packages\dlt\pipeline\pipeline.py", line 285, in _wrap
    return f(self, *args, **kwargs)
           ^^^^^^^^^^^^^^^^^^^^^^^^
  File "C:\Users\thecl\AppData\Local\Packages\PythonSoftwareFoundation.Python.3.11_qbz5n2kfra8p0\LocalCache\local-packages\Python311\site-packages\dlt\pipeline\pipeline.py", line 815, in run
    self.extract(
  File "C:\Users\thecl\AppData\Local\Packages\PythonSoftwareFoundation.Python.3.11_qbz5n2kfra8p0\LocalCache\local-packages\Python311\site-packages\dlt\pipeline\pipeline.py", line 237, in _wrap
    step_info = f(self, *args, **kwargs)
                ^^^^^^^^^^^^^^^^^^^^^^^^
  File "C:\Users\thecl\AppData\Local\Packages\PythonSoftwareFoundation.Python.3.11_qbz5n2kfra8p0\LocalCache\local-packages\Python311\site-packages\dlt\pipeline\pipeline.py", line 176, in _wrap
    return f(self, *args, **kwargs)
           ^^^^^^^^^^^^^^^^^^^^^^^^
  File "C:\Users\thecl\AppData\Local\Packages\PythonSoftwareFoundation.Python.3.11_qbz5n2kfra8p0\LocalCache\local-packages\Python311\site-packages\dlt\pipeline\pipeline.py", line 190, in _wrap
    rv = f(self, *args, **kwargs)
         ^^^^^^^^^^^^^^^^^^^^^^^^
  File "C:\Users\thecl\AppData\Local\Packages\PythonSoftwareFoundation.Python.3.11_qbz5n2kfra8p0\LocalCache\local-packages\Python311\site-packages\dlt\pipeline\pipeline.py", line 285, in _wrap
    return f(self, *args, **kwargs)
           ^^^^^^^^^^^^^^^^^^^^^^^^
  File "C:\Users\thecl\AppData\Local\Packages\PythonSoftwareFoundation.Python.3.11_qbz5n2kfra8p0\LocalCache\local-packages\Python311\site-packages\dlt\pipeline\pipeline.py", line 530, in extract
    raise PipelineStepFailed(
dlt.pipeline.exceptions.PipelineStepFailed: Pipeline execution failed at `step=extract` when processing package with `load_id=1789366638.1586573` with exception:

<class 'dlt.extract.exceptions.ResourceExtractionError'>
In processing pipe `fileeventstore`: extraction of resource `fileeventstore` in `generator` `_resource` caused an exception: Malformed request https://orgfarm-568b3bcb1a-dev-ed.develop.my.salesforce.com/services/data/v59.0/query/?q=SELECT+Id%2C+CreatedById%2C+CreatedDate%2C+LastModifiedById%2C+LastModifiedDate%2C+SystemModstamp%2C+EventIdentifier%2C+UserId%2C+Username%2C+EventDate%2C+RelatedEventIdentifier%2C+PolicyId%2C+PolicyOutcome%2C+EvaluationTime%2C+SessionKey%2C+LoginKey%2C+SessionLevel%2C+SourceIp%2C+DocumentId%2C+VersionId%2C+FileName%2C+FileType%2C+ContentSize%2C+CanDownloadPdf%2C+VersionNumber%2C+ProcessDuration%2C+IsLatestVersion%2C+FileSource%2C+FileAction+FROM+FileEventStore+WHERE+LastModifiedDate+%3E+2000-01-01T00%3A00%3A00Z. Response content: [{'message': "\nFileAction FROM FileEventStore WHERE LastModifiedDate > 2000-01-01T00:00:00Z\n                                     ^\nERROR at Row:1:Column:417\nfield 'LastModifiedDate' can not be filtered in a query call", 'errorCode': 'INVALID_FIELD'}]
2026-09-14 11:17:18,563 INFO [460/1126] FileSearchActivity
2026-09-14 11:17:19,088 INFO querying FileSearchActivity incrementally since 2000-01-01T00:00:00Z
2026-09-14 11:17:19,883 INFO [461/1126] FinanceBalanceSnapshot
2026-09-14 11:17:20,435 INFO querying FinanceBalanceSnapshot incrementally since 2000-01-01T00:00:00Z
2026-09-14 11:17:21,187 INFO [462/1126] FinanceBalanceSnapshotShare
2026-09-14 11:17:21,673 INFO querying FinanceBalanceSnapshotShare incrementally since 2000-01-01T00:00:00Z
2026-09-14 11:17:22,521 INFO [463/1126] FinanceTransaction
2026-09-14 11:17:23,143 INFO querying FinanceTransaction incrementally since 2000-01-01T00:00:00Z
2026-09-14 11:17:23,890 INFO [464/1126] FinanceTransactionShare
2026-09-14 11:17:24,398 INFO querying FinanceTransactionShare incrementally since 2000-01-01T00:00:00Z
2026-09-14 11:17:25,233 INFO [465/1126] FiscalYearSettings
2026-09-14 11:17:25,668 INFO querying FiscalYearSettings (full)
2026-09-14 11:17:26,147 INFO [466/1126] FlexQueueItem
2026-09-14 11:17:26,606 INFO querying FlexQueueItem (full)
2026-09-14 11:17:26,938 ERROR failed to load FlexQueueItem, skipping and continuing with the rest
Traceback (most recent call last):
  File "C:\Users\thecl\AppData\Local\Packages\PythonSoftwareFoundation.Python.3.11_qbz5n2kfra8p0\LocalCache\local-packages\Python311\site-packages\dlt\extract\pipe_iterator.py", line 274, in _get_source_item
    pipe_item = next(gen)
                ^^^^^^^^^
  File "C:\Users\thecl\OneDrive\Desktop\creditflow-data-warehouse\etl\salesforce_pipeline.py", line 147, in _resource
    for batch in paged_records(sf, soql):
  File "C:\Users\thecl\OneDrive\Desktop\creditflow-data-warehouse\etl\salesforce_pipeline.py", line 122, in paged_records
    for record in run_query_page(sf, soql):
  File "C:\Users\thecl\AppData\Local\Packages\PythonSoftwareFoundation.Python.3.11_qbz5n2kfra8p0\LocalCache\local-packages\Python311\site-packages\simple_salesforce\api.py", line 634, in query_all_iter
    result = self.query(query,
             ^^^^^^^^^^^^^^^^^
  File "C:\Users\thecl\AppData\Local\Packages\PythonSoftwareFoundation.Python.3.11_qbz5n2kfra8p0\LocalCache\local-packages\Python311\site-packages\simple_salesforce\api.py", line 568, in query
    result = self._call_salesforce('GET',
             ^^^^^^^^^^^^^^^^^^^^^^^^^^^^
  File "C:\Users\thecl\AppData\Local\Packages\PythonSoftwareFoundation.Python.3.11_qbz5n2kfra8p0\LocalCache\local-packages\Python311\site-packages\simple_salesforce\api.py", line 787, in _call_salesforce
    exception_handler(result,
  File "C:\Users\thecl\AppData\Local\Packages\PythonSoftwareFoundation.Python.3.11_qbz5n2kfra8p0\LocalCache\local-packages\Python311\site-packages\simple_salesforce\util.py", line 89, in exception_handler
    raise exc_cls(result.url, result.status_code, name, response_content)
simple_salesforce.exceptions.SalesforceMalformedRequest: Malformed request https://orgfarm-568b3bcb1a-dev-ed.develop.my.salesforce.com/services/data/v59.0/query/?q=SELECT+Id%2C+FlexQueueItemId%2C+JobType%2C+AsyncApexJobId%2C+JobPosition+FROM+FlexQueueItem. Response content: [{'message': 'The WHERE clause must contain a JobType field expression.', 'errorCode': 'EXTERNAL_OBJECT_UNSUPPORTED_EXCEPTION'}]

The above exception was the direct cause of the following exception:

Traceback (most recent call last):
  File "C:\Users\thecl\AppData\Local\Packages\PythonSoftwareFoundation.Python.3.11_qbz5n2kfra8p0\LocalCache\local-packages\Python311\site-packages\dlt\pipeline\pipeline.py", line 507, in extract
    self._extract_source(
  File "C:\Users\thecl\AppData\Local\Packages\PythonSoftwareFoundation.Python.3.11_qbz5n2kfra8p0\LocalCache\local-packages\Python311\site-packages\dlt\pipeline\pipeline.py", line 1661, in _extract_source
    load_id = extract.extract(
              ^^^^^^^^^^^^^^^^
  File "C:\Users\thecl\AppData\Local\Packages\PythonSoftwareFoundation.Python.3.11_qbz5n2kfra8p0\LocalCache\local-packages\Python311\site-packages\dlt\extract\extract.py", line 608, in extract
    self._extract_single_source(
  File "C:\Users\thecl\AppData\Local\Packages\PythonSoftwareFoundation.Python.3.11_qbz5n2kfra8p0\LocalCache\local-packages\Python311\site-packages\dlt\extract\extract.py", line 525, in _extract_single_source
    for pipe_item in pipes:
  File "C:\Users\thecl\AppData\Local\Packages\PythonSoftwareFoundation.Python.3.11_qbz5n2kfra8p0\LocalCache\local-packages\Python311\site-packages\dlt\extract\pipe_iterator.py", line 158, in __next__
    pipe_item = self._get_source_item()
                ^^^^^^^^^^^^^^^^^^^^^^^
  File "C:\Users\thecl\AppData\Local\Packages\PythonSoftwareFoundation.Python.3.11_qbz5n2kfra8p0\LocalCache\local-packages\Python311\site-packages\dlt\extract\pipe_iterator.py", line 304, in _get_source_item
    raise ResourceExtractionError(pipe.name, gen, str(ex), "generator") from ex
dlt.extract.exceptions.ResourceExtractionError: In processing pipe `flexqueueitem`: extraction of resource `flexqueueitem` in `generator` `_resource` caused an exception: Malformed request https://orgfarm-568b3bcb1a-dev-ed.develop.my.salesforce.com/services/data/v59.0/query/?q=SELECT+Id%2C+FlexQueueItemId%2C+JobType%2C+AsyncApexJobId%2C+JobPosition+FROM+FlexQueueItem. Response content: [{'message': 'The WHERE clause must contain a JobType field expression.', 'errorCode': 'EXTERNAL_OBJECT_UNSUPPORTED_EXCEPTION'}]

The above exception was the direct cause of the following exception:

Traceback (most recent call last):
  File "C:\Users\thecl\OneDrive\Desktop\creditflow-data-warehouse\etl\salesforce_pipeline.py", line 192, in run
    load_info = pipeline.run(resource())
                ^^^^^^^^^^^^^^^^^^^^^^^^
  File "C:\Users\thecl\AppData\Local\Packages\PythonSoftwareFoundation.Python.3.11_qbz5n2kfra8p0\LocalCache\local-packages\Python311\site-packages\dlt\pipeline\pipeline.py", line 237, in _wrap
    step_info = f(self, *args, **kwargs)
                ^^^^^^^^^^^^^^^^^^^^^^^^
  File "C:\Users\thecl\AppData\Local\Packages\PythonSoftwareFoundation.Python.3.11_qbz5n2kfra8p0\LocalCache\local-packages\Python311\site-packages\dlt\pipeline\pipeline.py", line 285, in _wrap
    return f(self, *args, **kwargs)
           ^^^^^^^^^^^^^^^^^^^^^^^^
  File "C:\Users\thecl\AppData\Local\Packages\PythonSoftwareFoundation.Python.3.11_qbz5n2kfra8p0\LocalCache\local-packages\Python311\site-packages\dlt\pipeline\pipeline.py", line 815, in run
    self.extract(
  File "C:\Users\thecl\AppData\Local\Packages\PythonSoftwareFoundation.Python.3.11_qbz5n2kfra8p0\LocalCache\local-packages\Python311\site-packages\dlt\pipeline\pipeline.py", line 237, in _wrap
    step_info = f(self, *args, **kwargs)
                ^^^^^^^^^^^^^^^^^^^^^^^^
  File "C:\Users\thecl\AppData\Local\Packages\PythonSoftwareFoundation.Python.3.11_qbz5n2kfra8p0\LocalCache\local-packages\Python311\site-packages\dlt\pipeline\pipeline.py", line 176, in _wrap
    return f(self, *args, **kwargs)
           ^^^^^^^^^^^^^^^^^^^^^^^^
  File "C:\Users\thecl\AppData\Local\Packages\PythonSoftwareFoundation.Python.3.11_qbz5n2kfra8p0\LocalCache\local-packages\Python311\site-packages\dlt\pipeline\pipeline.py", line 190, in _wrap
    rv = f(self, *args, **kwargs)
         ^^^^^^^^^^^^^^^^^^^^^^^^
  File "C:\Users\thecl\AppData\Local\Packages\PythonSoftwareFoundation.Python.3.11_qbz5n2kfra8p0\LocalCache\local-packages\Python311\site-packages\dlt\pipeline\pipeline.py", line 285, in _wrap
    return f(self, *args, **kwargs)
           ^^^^^^^^^^^^^^^^^^^^^^^^
  File "C:\Users\thecl\AppData\Local\Packages\PythonSoftwareFoundation.Python.3.11_qbz5n2kfra8p0\LocalCache\local-packages\Python311\site-packages\dlt\pipeline\pipeline.py", line 530, in extract
    raise PipelineStepFailed(
dlt.pipeline.exceptions.PipelineStepFailed: Pipeline execution failed at `step=extract` when processing package with `load_id=1789366646.5880995` with exception:

<class 'dlt.extract.exceptions.ResourceExtractionError'>
In processing pipe `flexqueueitem`: extraction of resource `flexqueueitem` in `generator` `_resource` caused an exception: Malformed request https://orgfarm-568b3bcb1a-dev-ed.develop.my.salesforce.com/services/data/v59.0/query/?q=SELECT+Id%2C+FlexQueueItemId%2C+JobType%2C+AsyncApexJobId%2C+JobPosition+FROM+FlexQueueItem. Response content: [{'message': 'The WHERE clause must contain a JobType field expression.', 'errorCode': 'EXTERNAL_OBJECT_UNSUPPORTED_EXCEPTION'}]
2026-09-14 11:17:26,940 INFO [467/1126] FlowDefinitionView
2026-09-14 11:17:27,457 INFO querying FlowDefinitionView incrementally since 2000-01-01T00:00:00Z
2026-09-14 11:17:28,294 INFO [468/1126] FlowInterview
2026-09-14 11:17:28,856 INFO querying FlowInterview incrementally since 2000-01-01T00:00:00Z
2026-09-14 11:17:29,608 INFO [469/1126] FlowInterviewLog
2026-09-14 11:17:30,201 INFO querying FlowInterviewLog incrementally since 2000-01-01T00:00:00Z
2026-09-14 11:17:30,997 INFO [470/1126] FlowInterviewLogEntry
2026-09-14 11:17:31,538 INFO querying FlowInterviewLogEntry incrementally since 2000-01-01T00:00:00Z
2026-09-14 11:17:32,294 INFO [471/1126] FlowInterviewLogShare
2026-09-14 11:17:32,875 INFO querying FlowInterviewLogShare incrementally since 2000-01-01T00:00:00Z
2026-09-14 11:17:33,660 INFO [472/1126] FlowInterviewShare
2026-09-14 11:17:34,152 INFO querying FlowInterviewShare incrementally since 2000-01-01T00:00:00Z
2026-09-14 11:17:34,961 INFO [473/1126] FlowOrchestrationInstance
2026-09-14 11:17:35,548 INFO querying FlowOrchestrationInstance incrementally since 2000-01-01T00:00:00Z
2026-09-14 11:17:36,334 INFO [474/1126] FlowOrchestrationInstanceShare
2026-09-14 11:17:36,821 INFO querying FlowOrchestrationInstanceShare incrementally since 2000-01-01T00:00:00Z
2026-09-14 11:17:37,736 INFO [475/1126] FlowOrchestrationLog
2026-09-14 11:17:38,315 INFO querying FlowOrchestrationLog incrementally since 2000-01-01T00:00:00Z
2026-09-14 11:17:39,077 INFO [476/1126] FlowOrchestrationStageInstance
2026-09-14 11:17:39,623 INFO querying FlowOrchestrationStageInstance incrementally since 2000-01-01T00:00:00Z
2026-09-14 11:17:40,462 INFO [477/1126] FlowOrchestrationStageInstanceShare
2026-09-14 11:17:41,105 INFO querying FlowOrchestrationStageInstanceShare incrementally since 2000-01-01T00:00:00Z
2026-09-14 11:17:41,937 INFO [478/1126] FlowOrchestrationStepInstance
2026-09-14 11:17:42,460 INFO querying FlowOrchestrationStepInstance incrementally since 2000-01-01T00:00:00Z
2026-09-14 11:17:43,318 INFO [479/1126] FlowOrchestrationStepInstanceShare
2026-09-14 11:17:43,822 INFO querying FlowOrchestrationStepInstanceShare incrementally since 2000-01-01T00:00:00Z
2026-09-14 11:17:44,629 INFO [480/1126] FlowOrchestrationWorkItem
2026-09-14 11:17:45,376 INFO querying FlowOrchestrationWorkItem incrementally since 2000-01-01T00:00:00Z
2026-09-14 11:17:46,292 INFO [481/1126] FlowOrchestrationWorkItemShare
2026-09-14 11:17:46,795 INFO querying FlowOrchestrationWorkItemShare incrementally since 2000-01-01T00:00:00Z
2026-09-14 11:17:48,323 INFO [482/1126] FlowRecord
2026-09-14 11:17:49,032 INFO querying FlowRecord incrementally since 2000-01-01T00:00:00Z
2026-09-14 11:17:50,100 INFO [483/1126] FlowRecordElement
2026-09-14 11:17:50,635 INFO querying FlowRecordElement incrementally since 2000-01-01T00:00:00Z
2026-09-14 11:17:51,455 INFO [484/1126] FlowRecordRelation
2026-09-14 11:17:52,066 INFO querying FlowRecordRelation incrementally since 2000-01-01T00:00:00Z
2026-09-14 11:17:52,861 INFO [485/1126] FlowRecordShare
2026-09-14 11:17:53,342 INFO querying FlowRecordShare incrementally since 2000-01-01T00:00:00Z
2026-09-14 11:17:54,362 INFO [486/1126] FlowRecordVersion
2026-09-14 11:17:54,874 INFO querying FlowRecordVersion incrementally since 2000-01-01T00:00:00Z
2026-09-14 11:17:56,170 INFO [487/1126] FlowStageRelation
2026-09-14 11:17:56,695 INFO querying FlowStageRelation incrementally since 2000-01-01T00:00:00Z
2026-09-14 11:17:57,639 INFO [488/1126] FlowTestResult
2026-09-14 11:17:58,149 INFO querying FlowTestResult incrementally since 2000-01-01T00:00:00Z
2026-09-14 11:17:58,917 INFO [489/1126] FlowTestResultShare
2026-09-14 11:17:59,496 INFO querying FlowTestResultShare incrementally since 2000-01-01T00:00:00Z
2026-09-14 11:18:00,412 INFO [490/1126] FlowTestView
2026-09-14 11:18:01,701 INFO querying FlowTestView incrementally since 2000-01-01T00:00:00Z
2026-09-14 11:18:02,055 ERROR failed to load FlowTestView, skipping and continuing with the rest
Traceback (most recent call last):
  File "C:\Users\thecl\AppData\Local\Packages\PythonSoftwareFoundation.Python.3.11_qbz5n2kfra8p0\LocalCache\local-packages\Python311\site-packages\dlt\extract\pipe_iterator.py", line 274, in _get_source_item
    pipe_item = next(gen)
                ^^^^^^^^^
  File "C:\Users\thecl\OneDrive\Desktop\creditflow-data-warehouse\etl\salesforce_pipeline.py", line 140, in _resource
    for batch in paged_records(sf, soql):
  File "C:\Users\thecl\OneDrive\Desktop\creditflow-data-warehouse\etl\salesforce_pipeline.py", line 122, in paged_records
    for record in run_query_page(sf, soql):
  File "C:\Users\thecl\AppData\Local\Packages\PythonSoftwareFoundation.Python.3.11_qbz5n2kfra8p0\LocalCache\local-packages\Python311\site-packages\simple_salesforce\api.py", line 634, in query_all_iter
    result = self.query(query,
             ^^^^^^^^^^^^^^^^^
  File "C:\Users\thecl\AppData\Local\Packages\PythonSoftwareFoundation.Python.3.11_qbz5n2kfra8p0\LocalCache\local-packages\Python311\site-packages\simple_salesforce\api.py", line 568, in query
    result = self._call_salesforce('GET',
             ^^^^^^^^^^^^^^^^^^^^^^^^^^^^
  File "C:\Users\thecl\AppData\Local\Packages\PythonSoftwareFoundation.Python.3.11_qbz5n2kfra8p0\LocalCache\local-packages\Python311\site-packages\simple_salesforce\api.py", line 787, in _call_salesforce
    exception_handler(result,
  File "C:\Users\thecl\AppData\Local\Packages\PythonSoftwareFoundation.Python.3.11_qbz5n2kfra8p0\LocalCache\local-packages\Python311\site-packages\simple_salesforce\util.py", line 89, in exception_handler
    raise exc_cls(result.url, result.status_code, name, response_content)
simple_salesforce.exceptions.SalesforceMalformedRequest: Malformed request https://orgfarm-568b3bcb1a-dev-ed.develop.my.salesforce.com/services/data/v59.0/query/?q=SELECT+Id%2C+DurableId%2C+FlowDefinitionViewId%2C+FlowTestApiName%2C+FlowTestLabel%2C+Description%2C+LastModifiedDate%2C+LastModifiedById%2C+CreatedDate%2C+CreatedById+FROM+FlowTestView+WHERE+LastModifiedDate+%3E+2000-01-01T00%3A00%3A00Z. Response content: [{'message': 'FlowTestView: a filter on a reified column is required [FlowDefinitionViewId,DurableId]', 'errorCode': 'MALFORMED_QUERY'}]

The above exception was the direct cause of the following exception:

Traceback (most recent call last):
  File "C:\Users\thecl\AppData\Local\Packages\PythonSoftwareFoundation.Python.3.11_qbz5n2kfra8p0\LocalCache\local-packages\Python311\site-packages\dlt\pipeline\pipeline.py", line 507, in extract
    self._extract_source(
  File "C:\Users\thecl\AppData\Local\Packages\PythonSoftwareFoundation.Python.3.11_qbz5n2kfra8p0\LocalCache\local-packages\Python311\site-packages\dlt\pipeline\pipeline.py", line 1661, in _extract_source
    load_id = extract.extract(
              ^^^^^^^^^^^^^^^^
  File "C:\Users\thecl\AppData\Local\Packages\PythonSoftwareFoundation.Python.3.11_qbz5n2kfra8p0\LocalCache\local-packages\Python311\site-packages\dlt\extract\extract.py", line 608, in extract
    self._extract_single_source(
  File "C:\Users\thecl\AppData\Local\Packages\PythonSoftwareFoundation.Python.3.11_qbz5n2kfra8p0\LocalCache\local-packages\Python311\site-packages\dlt\extract\extract.py", line 525, in _extract_single_source
    for pipe_item in pipes:
  File "C:\Users\thecl\AppData\Local\Packages\PythonSoftwareFoundation.Python.3.11_qbz5n2kfra8p0\LocalCache\local-packages\Python311\site-packages\dlt\extract\pipe_iterator.py", line 158, in __next__
    pipe_item = self._get_source_item()
                ^^^^^^^^^^^^^^^^^^^^^^^
  File "C:\Users\thecl\AppData\Local\Packages\PythonSoftwareFoundation.Python.3.11_qbz5n2kfra8p0\LocalCache\local-packages\Python311\site-packages\dlt\extract\pipe_iterator.py", line 304, in _get_source_item
    raise ResourceExtractionError(pipe.name, gen, str(ex), "generator") from ex
dlt.extract.exceptions.ResourceExtractionError: In processing pipe `flowtestview`: extraction of resource `flowtestview` in `generator` `_resource` caused an exception: Malformed request https://orgfarm-568b3bcb1a-dev-ed.develop.my.salesforce.com/services/data/v59.0/query/?q=SELECT+Id%2C+DurableId%2C+FlowDefinitionViewId%2C+FlowTestApiName%2C+FlowTestLabel%2C+Description%2C+LastModifiedDate%2C+LastModifiedById%2C+CreatedDate%2C+CreatedById+FROM+FlowTestView+WHERE+LastModifiedDate+%3E+2000-01-01T00%3A00%3A00Z. Response content: [{'message': 'FlowTestView: a filter on a reified column is required [FlowDefinitionViewId,DurableId]', 'errorCode': 'MALFORMED_QUERY'}]

The above exception was the direct cause of the following exception:

Traceback (most recent call last):
  File "C:\Users\thecl\OneDrive\Desktop\creditflow-data-warehouse\etl\salesforce_pipeline.py", line 192, in run
    load_info = pipeline.run(resource())
                ^^^^^^^^^^^^^^^^^^^^^^^^
  File "C:\Users\thecl\AppData\Local\Packages\PythonSoftwareFoundation.Python.3.11_qbz5n2kfra8p0\LocalCache\local-packages\Python311\site-packages\dlt\pipeline\pipeline.py", line 237, in _wrap
    step_info = f(self, *args, **kwargs)
                ^^^^^^^^^^^^^^^^^^^^^^^^
  File "C:\Users\thecl\AppData\Local\Packages\PythonSoftwareFoundation.Python.3.11_qbz5n2kfra8p0\LocalCache\local-packages\Python311\site-packages\dlt\pipeline\pipeline.py", line 285, in _wrap
    return f(self, *args, **kwargs)
           ^^^^^^^^^^^^^^^^^^^^^^^^
  File "C:\Users\thecl\AppData\Local\Packages\PythonSoftwareFoundation.Python.3.11_qbz5n2kfra8p0\LocalCache\local-packages\Python311\site-packages\dlt\pipeline\pipeline.py", line 815, in run
    self.extract(
  File "C:\Users\thecl\AppData\Local\Packages\PythonSoftwareFoundation.Python.3.11_qbz5n2kfra8p0\LocalCache\local-packages\Python311\site-packages\dlt\pipeline\pipeline.py", line 237, in _wrap
    step_info = f(self, *args, **kwargs)
                ^^^^^^^^^^^^^^^^^^^^^^^^
  File "C:\Users\thecl\AppData\Local\Packages\PythonSoftwareFoundation.Python.3.11_qbz5n2kfra8p0\LocalCache\local-packages\Python311\site-packages\dlt\pipeline\pipeline.py", line 176, in _wrap
    return f(self, *args, **kwargs)
           ^^^^^^^^^^^^^^^^^^^^^^^^
  File "C:\Users\thecl\AppData\Local\Packages\PythonSoftwareFoundation.Python.3.11_qbz5n2kfra8p0\LocalCache\local-packages\Python311\site-packages\dlt\pipeline\pipeline.py", line 190, in _wrap
    rv = f(self, *args, **kwargs)
         ^^^^^^^^^^^^^^^^^^^^^^^^
  File "C:\Users\thecl\AppData\Local\Packages\PythonSoftwareFoundation.Python.3.11_qbz5n2kfra8p0\LocalCache\local-packages\Python311\site-packages\dlt\pipeline\pipeline.py", line 285, in _wrap
    return f(self, *args, **kwargs)
           ^^^^^^^^^^^^^^^^^^^^^^^^
  File "C:\Users\thecl\AppData\Local\Packages\PythonSoftwareFoundation.Python.3.11_qbz5n2kfra8p0\LocalCache\local-packages\Python311\site-packages\dlt\pipeline\pipeline.py", line 530, in extract
    raise PipelineStepFailed(
dlt.pipeline.exceptions.PipelineStepFailed: Pipeline execution failed at `step=extract` when processing package with `load_id=1789366681.6261232` with exception:

<class 'dlt.extract.exceptions.ResourceExtractionError'>
In processing pipe `flowtestview`: extraction of resource `flowtestview` in `generator` `_resource` caused an exception: Malformed request https://orgfarm-568b3bcb1a-dev-ed.develop.my.salesforce.com/services/data/v59.0/query/?q=SELECT+Id%2C+DurableId%2C+FlowDefinitionViewId%2C+FlowTestApiName%2C+FlowTestLabel%2C+Description%2C+LastModifiedDate%2C+LastModifiedById%2C+CreatedDate%2C+CreatedById+FROM+FlowTestView+WHERE+LastModifiedDate+%3E+2000-01-01T00%3A00%3A00Z. Response content: [{'message': 'FlowTestView: a filter on a reified column is required [FlowDefinitionViewId,DurableId]', 'errorCode': 'MALFORMED_QUERY'}]
2026-09-14 11:18:02,055 INFO [491/1126] FlowVariableView
2026-09-14 11:18:02,522 INFO querying FlowVariableView (full)
2026-09-14 11:18:02,861 ERROR failed to load FlowVariableView, skipping and continuing with the rest
Traceback (most recent call last):
  File "C:\Users\thecl\AppData\Local\Packages\PythonSoftwareFoundation.Python.3.11_qbz5n2kfra8p0\LocalCache\local-packages\Python311\site-packages\dlt\extract\pipe_iterator.py", line 274, in _get_source_item
    pipe_item = next(gen)
                ^^^^^^^^^
  File "C:\Users\thecl\OneDrive\Desktop\creditflow-data-warehouse\etl\salesforce_pipeline.py", line 147, in _resource
    for batch in paged_records(sf, soql):
  File "C:\Users\thecl\OneDrive\Desktop\creditflow-data-warehouse\etl\salesforce_pipeline.py", line 122, in paged_records
    for record in run_query_page(sf, soql):
  File "C:\Users\thecl\AppData\Local\Packages\PythonSoftwareFoundation.Python.3.11_qbz5n2kfra8p0\LocalCache\local-packages\Python311\site-packages\simple_salesforce\api.py", line 634, in query_all_iter
    result = self.query(query,
             ^^^^^^^^^^^^^^^^^
  File "C:\Users\thecl\AppData\Local\Packages\PythonSoftwareFoundation.Python.3.11_qbz5n2kfra8p0\LocalCache\local-packages\Python311\site-packages\simple_salesforce\api.py", line 568, in query
    result = self._call_salesforce('GET',
             ^^^^^^^^^^^^^^^^^^^^^^^^^^^^
  File "C:\Users\thecl\AppData\Local\Packages\PythonSoftwareFoundation.Python.3.11_qbz5n2kfra8p0\LocalCache\local-packages\Python311\site-packages\simple_salesforce\api.py", line 787, in _call_salesforce
    exception_handler(result,
  File "C:\Users\thecl\AppData\Local\Packages\PythonSoftwareFoundation.Python.3.11_qbz5n2kfra8p0\LocalCache\local-packages\Python311\site-packages\simple_salesforce\util.py", line 89, in exception_handler
    raise exc_cls(result.url, result.status_code, name, response_content)
simple_salesforce.exceptions.SalesforceMalformedRequest: Malformed request https://orgfarm-568b3bcb1a-dev-ed.develop.my.salesforce.com/services/data/v59.0/query/?q=SELECT+Id%2C+DurableId%2C+FlowVersionViewId%2C+ApiName%2C+Description%2C+DataType%2C+IsInput%2C+IsOutput%2C+IsCollection%2C+ObjectType+FROM+FlowVariableView. Response content: [{'message': 'FlowVariableView: a filter on a reified column is required [FlowVersionViewId,DurableId]', 'errorCode': 'MALFORMED_QUERY'}]

The above exception was the direct cause of the following exception:

Traceback (most recent call last):
  File "C:\Users\thecl\AppData\Local\Packages\PythonSoftwareFoundation.Python.3.11_qbz5n2kfra8p0\LocalCache\local-packages\Python311\site-packages\dlt\pipeline\pipeline.py", line 507, in extract
    self._extract_source(
  File "C:\Users\thecl\AppData\Local\Packages\PythonSoftwareFoundation.Python.3.11_qbz5n2kfra8p0\LocalCache\local-packages\Python311\site-packages\dlt\pipeline\pipeline.py", line 1661, in _extract_source
    load_id = extract.extract(
              ^^^^^^^^^^^^^^^^
  File "C:\Users\thecl\AppData\Local\Packages\PythonSoftwareFoundation.Python.3.11_qbz5n2kfra8p0\LocalCache\local-packages\Python311\site-packages\dlt\extract\extract.py", line 608, in extract
    self._extract_single_source(
  File "C:\Users\thecl\AppData\Local\Packages\PythonSoftwareFoundation.Python.3.11_qbz5n2kfra8p0\LocalCache\local-packages\Python311\site-packages\dlt\extract\extract.py", line 525, in _extract_single_source
    for pipe_item in pipes:
  File "C:\Users\thecl\AppData\Local\Packages\PythonSoftwareFoundation.Python.3.11_qbz5n2kfra8p0\LocalCache\local-packages\Python311\site-packages\dlt\extract\pipe_iterator.py", line 158, in __next__
    pipe_item = self._get_source_item()
                ^^^^^^^^^^^^^^^^^^^^^^^
  File "C:\Users\thecl\AppData\Local\Packages\PythonSoftwareFoundation.Python.3.11_qbz5n2kfra8p0\LocalCache\local-packages\Python311\site-packages\dlt\extract\pipe_iterator.py", line 304, in _get_source_item
    raise ResourceExtractionError(pipe.name, gen, str(ex), "generator") from ex
dlt.extract.exceptions.ResourceExtractionError: In processing pipe `flowvariableview`: extraction of resource `flowvariableview` in `generator` `_resource` caused an exception: Malformed request https://orgfarm-568b3bcb1a-dev-ed.develop.my.salesforce.com/services/data/v59.0/query/?q=SELECT+Id%2C+DurableId%2C+FlowVersionViewId%2C+ApiName%2C+Description%2C+DataType%2C+IsInput%2C+IsOutput%2C+IsCollection%2C+ObjectType+FROM+FlowVariableView. Response content: [{'message': 'FlowVariableView: a filter on a reified column is required [FlowVersionViewId,DurableId]', 'errorCode': 'MALFORMED_QUERY'}]

The above exception was the direct cause of the following exception:

Traceback (most recent call last):
  File "C:\Users\thecl\OneDrive\Desktop\creditflow-data-warehouse\etl\salesforce_pipeline.py", line 192, in run
    load_info = pipeline.run(resource())
                ^^^^^^^^^^^^^^^^^^^^^^^^
  File "C:\Users\thecl\AppData\Local\Packages\PythonSoftwareFoundation.Python.3.11_qbz5n2kfra8p0\LocalCache\local-packages\Python311\site-packages\dlt\pipeline\pipeline.py", line 237, in _wrap
    step_info = f(self, *args, **kwargs)
                ^^^^^^^^^^^^^^^^^^^^^^^^
  File "C:\Users\thecl\AppData\Local\Packages\PythonSoftwareFoundation.Python.3.11_qbz5n2kfra8p0\LocalCache\local-packages\Python311\site-packages\dlt\pipeline\pipeline.py", line 285, in _wrap
    return f(self, *args, **kwargs)
           ^^^^^^^^^^^^^^^^^^^^^^^^
  File "C:\Users\thecl\AppData\Local\Packages\PythonSoftwareFoundation.Python.3.11_qbz5n2kfra8p0\LocalCache\local-packages\Python311\site-packages\dlt\pipeline\pipeline.py", line 815, in run
    self.extract(
  File "C:\Users\thecl\AppData\Local\Packages\PythonSoftwareFoundation.Python.3.11_qbz5n2kfra8p0\LocalCache\local-packages\Python311\site-packages\dlt\pipeline\pipeline.py", line 237, in _wrap
    step_info = f(self, *args, **kwargs)
                ^^^^^^^^^^^^^^^^^^^^^^^^
  File "C:\Users\thecl\AppData\Local\Packages\PythonSoftwareFoundation.Python.3.11_qbz5n2kfra8p0\LocalCache\local-packages\Python311\site-packages\dlt\pipeline\pipeline.py", line 176, in _wrap
    return f(self, *args, **kwargs)
           ^^^^^^^^^^^^^^^^^^^^^^^^
  File "C:\Users\thecl\AppData\Local\Packages\PythonSoftwareFoundation.Python.3.11_qbz5n2kfra8p0\LocalCache\local-packages\Python311\site-packages\dlt\pipeline\pipeline.py", line 190, in _wrap
    rv = f(self, *args, **kwargs)
         ^^^^^^^^^^^^^^^^^^^^^^^^
  File "C:\Users\thecl\AppData\Local\Packages\PythonSoftwareFoundation.Python.3.11_qbz5n2kfra8p0\LocalCache\local-packages\Python311\site-packages\dlt\pipeline\pipeline.py", line 285, in _wrap
    return f(self, *args, **kwargs)
           ^^^^^^^^^^^^^^^^^^^^^^^^
  File "C:\Users\thecl\AppData\Local\Packages\PythonSoftwareFoundation.Python.3.11_qbz5n2kfra8p0\LocalCache\local-packages\Python311\site-packages\dlt\pipeline\pipeline.py", line 530, in extract
    raise PipelineStepFailed(
dlt.pipeline.exceptions.PipelineStepFailed: Pipeline execution failed at `step=extract` when processing package with `load_id=1789366682.5075712` with exception:

<class 'dlt.extract.exceptions.ResourceExtractionError'>
In processing pipe `flowvariableview`: extraction of resource `flowvariableview` in `generator` `_resource` caused an exception: Malformed request https://orgfarm-568b3bcb1a-dev-ed.develop.my.salesforce.com/services/data/v59.0/query/?q=SELECT+Id%2C+DurableId%2C+FlowVersionViewId%2C+ApiName%2C+Description%2C+DataType%2C+IsInput%2C+IsOutput%2C+IsCollection%2C+ObjectType+FROM+FlowVariableView. Response content: [{'message': 'FlowVariableView: a filter on a reified column is required [FlowVersionViewId,DurableId]', 'errorCode': 'MALFORMED_QUERY'}]
2026-09-14 11:18:02,864 INFO [492/1126] FlowVersionView
2026-09-14 11:18:03,417 INFO querying FlowVersionView incrementally since 2000-01-01T00:00:00Z
2026-09-14 11:18:03,766 ERROR failed to load FlowVersionView, skipping and continuing with the rest
Traceback (most recent call last):
  File "C:\Users\thecl\AppData\Local\Packages\PythonSoftwareFoundation.Python.3.11_qbz5n2kfra8p0\LocalCache\local-packages\Python311\site-packages\dlt\extract\pipe_iterator.py", line 274, in _get_source_item
    pipe_item = next(gen)
                ^^^^^^^^^
  File "C:\Users\thecl\OneDrive\Desktop\creditflow-data-warehouse\etl\salesforce_pipeline.py", line 140, in _resource
    for batch in paged_records(sf, soql):
  File "C:\Users\thecl\OneDrive\Desktop\creditflow-data-warehouse\etl\salesforce_pipeline.py", line 122, in paged_records
    for record in run_query_page(sf, soql):
  File "C:\Users\thecl\AppData\Local\Packages\PythonSoftwareFoundation.Python.3.11_qbz5n2kfra8p0\LocalCache\local-packages\Python311\site-packages\simple_salesforce\api.py", line 634, in query_all_iter
    result = self.query(query,
             ^^^^^^^^^^^^^^^^^
  File "C:\Users\thecl\AppData\Local\Packages\PythonSoftwareFoundation.Python.3.11_qbz5n2kfra8p0\LocalCache\local-packages\Python311\site-packages\simple_salesforce\api.py", line 568, in query
    result = self._call_salesforce('GET',
             ^^^^^^^^^^^^^^^^^^^^^^^^^^^^
  File "C:\Users\thecl\AppData\Local\Packages\PythonSoftwareFoundation.Python.3.11_qbz5n2kfra8p0\LocalCache\local-packages\Python311\site-packages\simple_salesforce\api.py", line 787, in _call_salesforce
    exception_handler(result,
  File "C:\Users\thecl\AppData\Local\Packages\PythonSoftwareFoundation.Python.3.11_qbz5n2kfra8p0\LocalCache\local-packages\Python311\site-packages\simple_salesforce\util.py", line 89, in exception_handler
    raise exc_cls(result.url, result.status_code, name, response_content)
simple_salesforce.exceptions.SalesforceMalformedRequest: Malformed request https://orgfarm-568b3bcb1a-dev-ed.develop.my.salesforce.com/services/data/v59.0/query/?q=SELECT+Id%2C+DurableId%2C+FlowDefinitionViewId%2C+Label%2C+Description%2C+Status%2C+VersionNumber%2C+ProcessType%2C+IsTemplate%2C+RunInMode%2C+LastModifiedDate%2C+IsSwingFlow%2C+ApiVersion%2C+ApiVersionRuntime+FROM+FlowVersionView+WHERE+LastModifiedDate+%3E+2000-01-01T00%3A00%3A00Z. Response content: [{'message': 'FlowVersionView: a filter on a reified column is required [FlowDefinitionViewId,DurableId]', 'errorCode': 'MALFORMED_QUERY'}]

The above exception was the direct cause of the following exception:

Traceback (most recent call last):
  File "C:\Users\thecl\AppData\Local\Packages\PythonSoftwareFoundation.Python.3.11_qbz5n2kfra8p0\LocalCache\local-packages\Python311\site-packages\dlt\pipeline\pipeline.py", line 507, in extract
    self._extract_source(
  File "C:\Users\thecl\AppData\Local\Packages\PythonSoftwareFoundation.Python.3.11_qbz5n2kfra8p0\LocalCache\local-packages\Python311\site-packages\dlt\pipeline\pipeline.py", line 1661, in _extract_source
    load_id = extract.extract(
              ^^^^^^^^^^^^^^^^
  File "C:\Users\thecl\AppData\Local\Packages\PythonSoftwareFoundation.Python.3.11_qbz5n2kfra8p0\LocalCache\local-packages\Python311\site-packages\dlt\extract\extract.py", line 608, in extract
    self._extract_single_source(
  File "C:\Users\thecl\AppData\Local\Packages\PythonSoftwareFoundation.Python.3.11_qbz5n2kfra8p0\LocalCache\local-packages\Python311\site-packages\dlt\extract\extract.py", line 525, in _extract_single_source
    for pipe_item in pipes:
  File "C:\Users\thecl\AppData\Local\Packages\PythonSoftwareFoundation.Python.3.11_qbz5n2kfra8p0\LocalCache\local-packages\Python311\site-packages\dlt\extract\pipe_iterator.py", line 158, in __next__
    pipe_item = self._get_source_item()
                ^^^^^^^^^^^^^^^^^^^^^^^
  File "C:\Users\thecl\AppData\Local\Packages\PythonSoftwareFoundation.Python.3.11_qbz5n2kfra8p0\LocalCache\local-packages\Python311\site-packages\dlt\extract\pipe_iterator.py", line 304, in _get_source_item
    raise ResourceExtractionError(pipe.name, gen, str(ex), "generator") from ex
dlt.extract.exceptions.ResourceExtractionError: In processing pipe `flowversionview`: extraction of resource `flowversionview` in `generator` `_resource` caused an exception: Malformed request https://orgfarm-568b3bcb1a-dev-ed.develop.my.salesforce.com/services/data/v59.0/query/?q=SELECT+Id%2C+DurableId%2C+FlowDefinitionViewId%2C+Label%2C+Description%2C+Status%2C+VersionNumber%2C+ProcessType%2C+IsTemplate%2C+RunInMode%2C+LastModifiedDate%2C+IsSwingFlow%2C+ApiVersion%2C+ApiVersionRuntime+FROM+FlowVersionView+WHERE+LastModifiedDate+%3E+2000-01-01T00%3A00%3A00Z. Response content: [{'message': 'FlowVersionView: a filter on a reified column is required [FlowDefinitionViewId,DurableId]', 'errorCode': 'MALFORMED_QUERY'}]

The above exception was the direct cause of the following exception:

Traceback (most recent call last):
  File "C:\Users\thecl\OneDrive\Desktop\creditflow-data-warehouse\etl\salesforce_pipeline.py", line 192, in run
    load_info = pipeline.run(resource())
                ^^^^^^^^^^^^^^^^^^^^^^^^
  File "C:\Users\thecl\AppData\Local\Packages\PythonSoftwareFoundation.Python.3.11_qbz5n2kfra8p0\LocalCache\local-packages\Python311\site-packages\dlt\pipeline\pipeline.py", line 237, in _wrap
    step_info = f(self, *args, **kwargs)
                ^^^^^^^^^^^^^^^^^^^^^^^^
  File "C:\Users\thecl\AppData\Local\Packages\PythonSoftwareFoundation.Python.3.11_qbz5n2kfra8p0\LocalCache\local-packages\Python311\site-packages\dlt\pipeline\pipeline.py", line 285, in _wrap
    return f(self, *args, **kwargs)
           ^^^^^^^^^^^^^^^^^^^^^^^^
  File "C:\Users\thecl\AppData\Local\Packages\PythonSoftwareFoundation.Python.3.11_qbz5n2kfra8p0\LocalCache\local-packages\Python311\site-packages\dlt\pipeline\pipeline.py", line 815, in run
    self.extract(
  File "C:\Users\thecl\AppData\Local\Packages\PythonSoftwareFoundation.Python.3.11_qbz5n2kfra8p0\LocalCache\local-packages\Python311\site-packages\dlt\pipeline\pipeline.py", line 237, in _wrap
    step_info = f(self, *args, **kwargs)
                ^^^^^^^^^^^^^^^^^^^^^^^^
  File "C:\Users\thecl\AppData\Local\Packages\PythonSoftwareFoundation.Python.3.11_qbz5n2kfra8p0\LocalCache\local-packages\Python311\site-packages\dlt\pipeline\pipeline.py", line 176, in _wrap
    return f(self, *args, **kwargs)
           ^^^^^^^^^^^^^^^^^^^^^^^^
  File "C:\Users\thecl\AppData\Local\Packages\PythonSoftwareFoundation.Python.3.11_qbz5n2kfra8p0\LocalCache\local-packages\Python311\site-packages\dlt\pipeline\pipeline.py", line 190, in _wrap
    rv = f(self, *args, **kwargs)
         ^^^^^^^^^^^^^^^^^^^^^^^^
  File "C:\Users\thecl\AppData\Local\Packages\PythonSoftwareFoundation.Python.3.11_qbz5n2kfra8p0\LocalCache\local-packages\Python311\site-packages\dlt\pipeline\pipeline.py", line 285, in _wrap
    return f(self, *args, **kwargs)
           ^^^^^^^^^^^^^^^^^^^^^^^^
  File "C:\Users\thecl\AppData\Local\Packages\PythonSoftwareFoundation.Python.3.11_qbz5n2kfra8p0\LocalCache\local-packages\Python311\site-packages\dlt\pipeline\pipeline.py", line 530, in extract
    raise PipelineStepFailed(
dlt.pipeline.exceptions.PipelineStepFailed: Pipeline execution failed at `step=extract` when processing package with `load_id=1789366683.3054025` with exception:

<class 'dlt.extract.exceptions.ResourceExtractionError'>
In processing pipe `flowversionview`: extraction of resource `flowversionview` in `generator` `_resource` caused an exception: Malformed request https://orgfarm-568b3bcb1a-dev-ed.develop.my.salesforce.com/services/data/v59.0/query/?q=SELECT+Id%2C+DurableId%2C+FlowDefinitionViewId%2C+Label%2C+Description%2C+Status%2C+VersionNumber%2C+ProcessType%2C+IsTemplate%2C+RunInMode%2C+LastModifiedDate%2C+IsSwingFlow%2C+ApiVersion%2C+ApiVersionRuntime+FROM+FlowVersionView+WHERE+LastModifiedDate+%3E+2000-01-01T00%3A00%3A00Z. Response content: [{'message': 'FlowVersionView: a filter on a reified column is required [FlowDefinitionViewId,DurableId]', 'errorCode': 'MALFORMED_QUERY'}]
2026-09-14 11:18:03,767 INFO [493/1126] Folder
2026-09-14 11:18:04,255 INFO querying Folder incrementally since 2000-01-01T00:00:00Z
2026-09-14 11:18:05,418 INFO [494/1126] FormulaFunction
2026-09-14 11:18:05,846 INFO querying FormulaFunction (full)
2026-09-14 11:18:07,438 INFO [495/1126] FormulaFunctionAllowedType
2026-09-14 11:18:07,898 INFO querying FormulaFunctionAllowedType (full)
2026-09-14 11:18:08,985 INFO [496/1126] FormulaFunctionCategory
2026-09-14 11:18:09,426 INFO querying FormulaFunctionCategory (full)
2026-09-14 11:18:10,215 INFO [497/1126] FulfillmentOrder
2026-09-14 11:18:10,868 INFO querying FulfillmentOrder incrementally since 2000-01-01T00:00:00Z
2026-09-14 11:18:11,816 INFO [498/1126] FulfillmentOrderFeed
2026-09-14 11:18:12,365 INFO querying FulfillmentOrderFeed incrementally since 2000-01-01T00:00:00Z
2026-09-14 11:18:13,138 INFO [499/1126] FulfillmentOrderItemAdjustment
2026-09-14 11:18:13,741 INFO querying FulfillmentOrderItemAdjustment incrementally since 2000-01-01T00:00:00Z
2026-09-14 11:18:14,580 INFO [500/1126] FulfillmentOrderItemAdjustmentFeed
2026-09-14 11:18:15,154 INFO querying FulfillmentOrderItemAdjustmentFeed incrementally since 2000-01-01T00:00:00Z
2026-09-14 11:18:15,942 INFO [501/1126] FulfillmentOrderItemTax
2026-09-14 11:18:16,694 INFO querying FulfillmentOrderItemTax incrementally since 2000-01-01T00:00:00Z
2026-09-14 11:18:17,568 INFO [502/1126] FulfillmentOrderItemTaxFeed
2026-09-14 11:18:18,249 INFO querying FulfillmentOrderItemTaxFeed incrementally since 2000-01-01T00:00:00Z
2026-09-14 11:18:19,041 INFO [503/1126] FulfillmentOrderLineItem
2026-09-14 11:18:19,637 INFO querying FulfillmentOrderLineItem incrementally since 2000-01-01T00:00:00Z
2026-09-14 11:18:20,416 INFO [504/1126] FulfillmentOrderLineItemFeed
2026-09-14 11:18:20,978 INFO querying FulfillmentOrderLineItemFeed incrementally since 2000-01-01T00:00:00Z
2026-09-14 11:18:21,785 INFO [505/1126] FulfillmentOrderShare
2026-09-14 11:18:22,609 INFO querying FulfillmentOrderShare incrementally since 2000-01-01T00:00:00Z
2026-09-14 11:18:23,389 INFO [506/1126] GenAiFunctionDefinition
2026-09-14 11:18:24,193 INFO querying GenAiFunctionDefinition incrementally since 2000-01-01T00:00:00Z
2026-09-14 11:18:25,059 INFO [507/1126] GenAiPlannerAttrDefinition
2026-09-14 11:18:25,562 INFO querying GenAiPlannerAttrDefinition incrementally since 2000-01-01T00:00:00Z
2026-09-14 11:18:26,315 INFO [508/1126] GenAiPlannerDefinition
2026-09-14 11:18:26,796 INFO querying GenAiPlannerDefinition incrementally since 2000-01-01T00:00:00Z
2026-09-14 11:18:27,672 INFO [509/1126] GenAiPlannerFunctionDef
2026-09-14 11:18:28,498 INFO querying GenAiPlannerFunctionDef incrementally since 2000-01-01T00:00:00Z
2026-09-14 11:18:29,267 INFO [510/1126] GenAiPluginDefinition
2026-09-14 11:18:29,831 INFO querying GenAiPluginDefinition incrementally since 2000-01-01T00:00:00Z
2026-09-14 11:18:30,628 INFO [511/1126] GenAiPluginFunctionDef
2026-09-14 11:18:31,387 INFO querying GenAiPluginFunctionDef incrementally since 2000-01-01T00:00:00Z
2026-09-14 11:18:32,196 INFO [512/1126] GrantedByLicense
2026-09-14 11:18:32,770 INFO querying GrantedByLicense incrementally since 2000-01-01T00:00:00Z
2026-09-14 11:18:33,510 INFO [513/1126] Group
2026-09-14 11:18:34,214 INFO querying Group incrementally since 2000-01-01T00:00:00Z
2026-09-14 11:18:35,392 INFO [514/1126] GroupMember
2026-09-14 11:18:35,798 INFO querying GroupMember (full)
2026-09-14 11:18:36,544 INFO [515/1126] GtwyProvPaymentMethodType
2026-09-14 11:18:37,041 INFO querying GtwyProvPaymentMethodType incrementally since 2000-01-01T00:00:00Z
2026-09-14 11:18:37,807 INFO [516/1126] Holiday
2026-09-14 11:18:38,374 INFO querying Holiday incrementally since 2000-01-01T00:00:00Z
2026-09-14 11:18:39,288 INFO [517/1126] IPAddressRange
2026-09-14 11:18:39,857 INFO querying IPAddressRange incrementally since 2000-01-01T00:00:00Z
2026-09-14 11:18:40,781 INFO [518/1126] IconDefinition
2026-09-14 11:18:41,423 INFO querying IconDefinition (full)
2026-09-14 11:18:41,784 ERROR failed to load IconDefinition, skipping and continuing with the rest
Traceback (most recent call last):
  File "C:\Users\thecl\AppData\Local\Packages\PythonSoftwareFoundation.Python.3.11_qbz5n2kfra8p0\LocalCache\local-packages\Python311\site-packages\dlt\extract\pipe_iterator.py", line 274, in _get_source_item
    pipe_item = next(gen)
                ^^^^^^^^^
  File "C:\Users\thecl\OneDrive\Desktop\creditflow-data-warehouse\etl\salesforce_pipeline.py", line 147, in _resource
    for batch in paged_records(sf, soql):
  File "C:\Users\thecl\OneDrive\Desktop\creditflow-data-warehouse\etl\salesforce_pipeline.py", line 122, in paged_records
    for record in run_query_page(sf, soql):
  File "C:\Users\thecl\AppData\Local\Packages\PythonSoftwareFoundation.Python.3.11_qbz5n2kfra8p0\LocalCache\local-packages\Python311\site-packages\simple_salesforce\api.py", line 634, in query_all_iter
    result = self.query(query,
             ^^^^^^^^^^^^^^^^^
  File "C:\Users\thecl\AppData\Local\Packages\PythonSoftwareFoundation.Python.3.11_qbz5n2kfra8p0\LocalCache\local-packages\Python311\site-packages\simple_salesforce\api.py", line 568, in query
    result = self._call_salesforce('GET',
             ^^^^^^^^^^^^^^^^^^^^^^^^^^^^
  File "C:\Users\thecl\AppData\Local\Packages\PythonSoftwareFoundation.Python.3.11_qbz5n2kfra8p0\LocalCache\local-packages\Python311\site-packages\simple_salesforce\api.py", line 787, in _call_salesforce
    exception_handler(result,
  File "C:\Users\thecl\AppData\Local\Packages\PythonSoftwareFoundation.Python.3.11_qbz5n2kfra8p0\LocalCache\local-packages\Python311\site-packages\simple_salesforce\util.py", line 89, in exception_handler
    raise exc_cls(result.url, result.status_code, name, response_content)
simple_salesforce.exceptions.SalesforceMalformedRequest: Malformed request https://orgfarm-568b3bcb1a-dev-ed.develop.my.salesforce.com/services/data/v59.0/query/?q=SELECT+Id%2C+DurableId%2C+TabDefinitionId%2C+Url%2C+ContentType%2C+Theme%2C+Height%2C+Width+FROM+IconDefinition. Response content: [{'message': 'IconDefinition: a filter on a reified column is required [TabDefinitionId,DurableId]', 'errorCode': 'MALFORMED_QUERY'}]

The above exception was the direct cause of the following exception:

Traceback (most recent call last):
  File "C:\Users\thecl\AppData\Local\Packages\PythonSoftwareFoundation.Python.3.11_qbz5n2kfra8p0\LocalCache\local-packages\Python311\site-packages\dlt\pipeline\pipeline.py", line 507, in extract
    self._extract_source(
  File "C:\Users\thecl\AppData\Local\Packages\PythonSoftwareFoundation.Python.3.11_qbz5n2kfra8p0\LocalCache\local-packages\Python311\site-packages\dlt\pipeline\pipeline.py", line 1661, in _extract_source
    load_id = extract.extract(
              ^^^^^^^^^^^^^^^^
  File "C:\Users\thecl\AppData\Local\Packages\PythonSoftwareFoundation.Python.3.11_qbz5n2kfra8p0\LocalCache\local-packages\Python311\site-packages\dlt\extract\extract.py", line 608, in extract
    self._extract_single_source(
  File "C:\Users\thecl\AppData\Local\Packages\PythonSoftwareFoundation.Python.3.11_qbz5n2kfra8p0\LocalCache\local-packages\Python311\site-packages\dlt\extract\extract.py", line 525, in _extract_single_source
    for pipe_item in pipes:
  File "C:\Users\thecl\AppData\Local\Packages\PythonSoftwareFoundation.Python.3.11_qbz5n2kfra8p0\LocalCache\local-packages\Python311\site-packages\dlt\extract\pipe_iterator.py", line 158, in __next__
    pipe_item = self._get_source_item()
                ^^^^^^^^^^^^^^^^^^^^^^^
  File "C:\Users\thecl\AppData\Local\Packages\PythonSoftwareFoundation.Python.3.11_qbz5n2kfra8p0\LocalCache\local-packages\Python311\site-packages\dlt\extract\pipe_iterator.py", line 304, in _get_source_item
    raise ResourceExtractionError(pipe.name, gen, str(ex), "generator") from ex
dlt.extract.exceptions.ResourceExtractionError: In processing pipe `icondefinition`: extraction of resource `icondefinition` in `generator` `_resource` caused an exception: Malformed request https://orgfarm-568b3bcb1a-dev-ed.develop.my.salesforce.com/services/data/v59.0/query/?q=SELECT+Id%2C+DurableId%2C+TabDefinitionId%2C+Url%2C+ContentType%2C+Theme%2C+Height%2C+Width+FROM+IconDefinition. Response content: [{'message': 'IconDefinition: a filter on a reified column is required [TabDefinitionId,DurableId]', 'errorCode': 'MALFORMED_QUERY'}]

The above exception was the direct cause of the following exception:

Traceback (most recent call last):
  File "C:\Users\thecl\OneDrive\Desktop\creditflow-data-warehouse\etl\salesforce_pipeline.py", line 192, in run
    load_info = pipeline.run(resource())
                ^^^^^^^^^^^^^^^^^^^^^^^^
  File "C:\Users\thecl\AppData\Local\Packages\PythonSoftwareFoundation.Python.3.11_qbz5n2kfra8p0\LocalCache\local-packages\Python311\site-packages\dlt\pipeline\pipeline.py", line 237, in _wrap
    step_info = f(self, *args, **kwargs)
                ^^^^^^^^^^^^^^^^^^^^^^^^
  File "C:\Users\thecl\AppData\Local\Packages\PythonSoftwareFoundation.Python.3.11_qbz5n2kfra8p0\LocalCache\local-packages\Python311\site-packages\dlt\pipeline\pipeline.py", line 285, in _wrap
    return f(self, *args, **kwargs)
           ^^^^^^^^^^^^^^^^^^^^^^^^
  File "C:\Users\thecl\AppData\Local\Packages\PythonSoftwareFoundation.Python.3.11_qbz5n2kfra8p0\LocalCache\local-packages\Python311\site-packages\dlt\pipeline\pipeline.py", line 815, in run
    self.extract(
  File "C:\Users\thecl\AppData\Local\Packages\PythonSoftwareFoundation.Python.3.11_qbz5n2kfra8p0\LocalCache\local-packages\Python311\site-packages\dlt\pipeline\pipeline.py", line 237, in _wrap
    step_info = f(self, *args, **kwargs)
                ^^^^^^^^^^^^^^^^^^^^^^^^
  File "C:\Users\thecl\AppData\Local\Packages\PythonSoftwareFoundation.Python.3.11_qbz5n2kfra8p0\LocalCache\local-packages\Python311\site-packages\dlt\pipeline\pipeline.py", line 176, in _wrap
    return f(self, *args, **kwargs)
           ^^^^^^^^^^^^^^^^^^^^^^^^
  File "C:\Users\thecl\AppData\Local\Packages\PythonSoftwareFoundation.Python.3.11_qbz5n2kfra8p0\LocalCache\local-packages\Python311\site-packages\dlt\pipeline\pipeline.py", line 190, in _wrap
    rv = f(self, *args, **kwargs)
         ^^^^^^^^^^^^^^^^^^^^^^^^
  File "C:\Users\thecl\AppData\Local\Packages\PythonSoftwareFoundation.Python.3.11_qbz5n2kfra8p0\LocalCache\local-packages\Python311\site-packages\dlt\pipeline\pipeline.py", line 285, in _wrap
    return f(self, *args, **kwargs)
           ^^^^^^^^^^^^^^^^^^^^^^^^
  File "C:\Users\thecl\AppData\Local\Packages\PythonSoftwareFoundation.Python.3.11_qbz5n2kfra8p0\LocalCache\local-packages\Python311\site-packages\dlt\pipeline\pipeline.py", line 530, in extract
    raise PipelineStepFailed(
dlt.pipeline.exceptions.PipelineStepFailed: Pipeline execution failed at `step=extract` when processing package with `load_id=1789366721.3238287` with exception:

<class 'dlt.extract.exceptions.ResourceExtractionError'>
In processing pipe `icondefinition`: extraction of resource `icondefinition` in `generator` `_resource` caused an exception: Malformed request https://orgfarm-568b3bcb1a-dev-ed.develop.my.salesforce.com/services/data/v59.0/query/?q=SELECT+Id%2C+DurableId%2C+TabDefinitionId%2C+Url%2C+ContentType%2C+Theme%2C+Height%2C+Width+FROM+IconDefinition. Response content: [{'message': 'IconDefinition: a filter on a reified column is required [TabDefinitionId,DurableId]', 'errorCode': 'MALFORMED_QUERY'}]
2026-09-14 11:18:41,786 INFO [519/1126] Idea
2026-09-14 11:18:42,399 INFO querying Idea incrementally since 2000-01-01T00:00:00Z
2026-09-14 11:18:43,202 INFO [520/1126] IdeaComment
2026-09-14 11:18:43,665 INFO querying IdeaComment (full)
2026-09-14 11:18:43,997 ERROR failed to load IdeaComment, skipping and continuing with the rest
Traceback (most recent call last):
  File "C:\Users\thecl\AppData\Local\Packages\PythonSoftwareFoundation.Python.3.11_qbz5n2kfra8p0\LocalCache\local-packages\Python311\site-packages\dlt\extract\pipe_iterator.py", line 274, in _get_source_item
    pipe_item = next(gen)
                ^^^^^^^^^
  File "C:\Users\thecl\OneDrive\Desktop\creditflow-data-warehouse\etl\salesforce_pipeline.py", line 147, in _resource
    for batch in paged_records(sf, soql):
  File "C:\Users\thecl\OneDrive\Desktop\creditflow-data-warehouse\etl\salesforce_pipeline.py", line 122, in paged_records
    for record in run_query_page(sf, soql):
  File "C:\Users\thecl\AppData\Local\Packages\PythonSoftwareFoundation.Python.3.11_qbz5n2kfra8p0\LocalCache\local-packages\Python311\site-packages\simple_salesforce\api.py", line 634, in query_all_iter
    result = self.query(query,
             ^^^^^^^^^^^^^^^^^
  File "C:\Users\thecl\AppData\Local\Packages\PythonSoftwareFoundation.Python.3.11_qbz5n2kfra8p0\LocalCache\local-packages\Python311\site-packages\simple_salesforce\api.py", line 568, in query
    result = self._call_salesforce('GET',
             ^^^^^^^^^^^^^^^^^^^^^^^^^^^^
  File "C:\Users\thecl\AppData\Local\Packages\PythonSoftwareFoundation.Python.3.11_qbz5n2kfra8p0\LocalCache\local-packages\Python311\site-packages\simple_salesforce\api.py", line 787, in _call_salesforce
    exception_handler(result,
  File "C:\Users\thecl\AppData\Local\Packages\PythonSoftwareFoundation.Python.3.11_qbz5n2kfra8p0\LocalCache\local-packages\Python311\site-packages\simple_salesforce\util.py", line 89, in exception_handler
    raise exc_cls(result.url, result.status_code, name, response_content)
simple_salesforce.exceptions.SalesforceMalformedRequest: Malformed request https://orgfarm-568b3bcb1a-dev-ed.develop.my.salesforce.com/services/data/v59.0/query/?q=SELECT+Id%2C+IdeaId%2C+CommunityId%2C+CommentBody%2C+CreatedById%2C+CreatedDate%2C+SystemModstamp%2C+IsDeleted%2C+IsHtml%2C+CreatorFullPhotoUrl%2C+CreatorSmallPhotoUrl%2C+CreatorName%2C+UpVotes+FROM+IdeaComment. Response content: [{'message': 'Implementation restriction. When querying the Idea Comment object, you must filter using the following syntax: CommunityId = [single ID], Id = [single ID], IdeaId = [single ID], Id IN [list of IDs], or IdeaId IN [list of IDs].', 'errorCode': 'MALFORMED_QUERY'}]

The above exception was the direct cause of the following exception:

Traceback (most recent call last):
  File "C:\Users\thecl\AppData\Local\Packages\PythonSoftwareFoundation.Python.3.11_qbz5n2kfra8p0\LocalCache\local-packages\Python311\site-packages\dlt\pipeline\pipeline.py", line 507, in extract
    self._extract_source(
  File "C:\Users\thecl\AppData\Local\Packages\PythonSoftwareFoundation.Python.3.11_qbz5n2kfra8p0\LocalCache\local-packages\Python311\site-packages\dlt\pipeline\pipeline.py", line 1661, in _extract_source
    load_id = extract.extract(
              ^^^^^^^^^^^^^^^^
  File "C:\Users\thecl\AppData\Local\Packages\PythonSoftwareFoundation.Python.3.11_qbz5n2kfra8p0\LocalCache\local-packages\Python311\site-packages\dlt\extract\extract.py", line 608, in extract
    self._extract_single_source(
  File "C:\Users\thecl\AppData\Local\Packages\PythonSoftwareFoundation.Python.3.11_qbz5n2kfra8p0\LocalCache\local-packages\Python311\site-packages\dlt\extract\extract.py", line 525, in _extract_single_source
    for pipe_item in pipes:
  File "C:\Users\thecl\AppData\Local\Packages\PythonSoftwareFoundation.Python.3.11_qbz5n2kfra8p0\LocalCache\local-packages\Python311\site-packages\dlt\extract\pipe_iterator.py", line 158, in __next__
    pipe_item = self._get_source_item()
                ^^^^^^^^^^^^^^^^^^^^^^^
  File "C:\Users\thecl\AppData\Local\Packages\PythonSoftwareFoundation.Python.3.11_qbz5n2kfra8p0\LocalCache\local-packages\Python311\site-packages\dlt\extract\pipe_iterator.py", line 304, in _get_source_item
    raise ResourceExtractionError(pipe.name, gen, str(ex), "generator") from ex
dlt.extract.exceptions.ResourceExtractionError: In processing pipe `ideacomment`: extraction of resource `ideacomment` in `generator` `_resource` caused an exception: Malformed request https://orgfarm-568b3bcb1a-dev-ed.develop.my.salesforce.com/services/data/v59.0/query/?q=SELECT+Id%2C+IdeaId%2C+CommunityId%2C+CommentBody%2C+CreatedById%2C+CreatedDate%2C+SystemModstamp%2C+IsDeleted%2C+IsHtml%2C+CreatorFullPhotoUrl%2C+CreatorSmallPhotoUrl%2C+CreatorName%2C+UpVotes+FROM+IdeaComment. Response content: [{'message': 'Implementation restriction. When querying the Idea Comment object, you must filter using the following syntax: CommunityId = [single ID], Id = [single ID], IdeaId = [single ID], Id IN [list of IDs], or IdeaId IN [list of IDs].', 'errorCode': 'MALFORMED_QUERY'}]

The above exception was the direct cause of the following exception:

Traceback (most recent call last):
  File "C:\Users\thecl\OneDrive\Desktop\creditflow-data-warehouse\etl\salesforce_pipeline.py", line 192, in run
    load_info = pipeline.run(resource())
                ^^^^^^^^^^^^^^^^^^^^^^^^
  File "C:\Users\thecl\AppData\Local\Packages\PythonSoftwareFoundation.Python.3.11_qbz5n2kfra8p0\LocalCache\local-packages\Python311\site-packages\dlt\pipeline\pipeline.py", line 237, in _wrap
    step_info = f(self, *args, **kwargs)
                ^^^^^^^^^^^^^^^^^^^^^^^^
  File "C:\Users\thecl\AppData\Local\Packages\PythonSoftwareFoundation.Python.3.11_qbz5n2kfra8p0\LocalCache\local-packages\Python311\site-packages\dlt\pipeline\pipeline.py", line 285, in _wrap
    return f(self, *args, **kwargs)
           ^^^^^^^^^^^^^^^^^^^^^^^^
  File "C:\Users\thecl\AppData\Local\Packages\PythonSoftwareFoundation.Python.3.11_qbz5n2kfra8p0\LocalCache\local-packages\Python311\site-packages\dlt\pipeline\pipeline.py", line 815, in run
    self.extract(
  File "C:\Users\thecl\AppData\Local\Packages\PythonSoftwareFoundation.Python.3.11_qbz5n2kfra8p0\LocalCache\local-packages\Python311\site-packages\dlt\pipeline\pipeline.py", line 237, in _wrap
    step_info = f(self, *args, **kwargs)
                ^^^^^^^^^^^^^^^^^^^^^^^^
  File "C:\Users\thecl\AppData\Local\Packages\PythonSoftwareFoundation.Python.3.11_qbz5n2kfra8p0\LocalCache\local-packages\Python311\site-packages\dlt\pipeline\pipeline.py", line 176, in _wrap
    return f(self, *args, **kwargs)
           ^^^^^^^^^^^^^^^^^^^^^^^^
  File "C:\Users\thecl\AppData\Local\Packages\PythonSoftwareFoundation.Python.3.11_qbz5n2kfra8p0\LocalCache\local-packages\Python311\site-packages\dlt\pipeline\pipeline.py", line 190, in _wrap
    rv = f(self, *args, **kwargs)
         ^^^^^^^^^^^^^^^^^^^^^^^^
  File "C:\Users\thecl\AppData\Local\Packages\PythonSoftwareFoundation.Python.3.11_qbz5n2kfra8p0\LocalCache\local-packages\Python311\site-packages\dlt\pipeline\pipeline.py", line 285, in _wrap
    return f(self, *args, **kwargs)
           ^^^^^^^^^^^^^^^^^^^^^^^^
  File "C:\Users\thecl\AppData\Local\Packages\PythonSoftwareFoundation.Python.3.11_qbz5n2kfra8p0\LocalCache\local-packages\Python311\site-packages\dlt\pipeline\pipeline.py", line 530, in extract
    raise PipelineStepFailed(
dlt.pipeline.exceptions.PipelineStepFailed: Pipeline execution failed at `step=extract` when processing package with `load_id=1789366723.647269` with exception:

<class 'dlt.extract.exceptions.ResourceExtractionError'>
In processing pipe `ideacomment`: extraction of resource `ideacomment` in `generator` `_resource` caused an exception: Malformed request https://orgfarm-568b3bcb1a-dev-ed.develop.my.salesforce.com/services/data/v59.0/query/?q=SELECT+Id%2C+IdeaId%2C+CommunityId%2C+CommentBody%2C+CreatedById%2C+CreatedDate%2C+SystemModstamp%2C+IsDeleted%2C+IsHtml%2C+CreatorFullPhotoUrl%2C+CreatorSmallPhotoUrl%2C+CreatorName%2C+UpVotes+FROM+IdeaComment. Response content: [{'message': 'Implementation restriction. When querying the Idea Comment object, you must filter using the following syntax: CommunityId = [single ID], Id = [single ID], IdeaId = [single ID], Id IN [list of IDs], or IdeaId IN [list of IDs].', 'errorCode': 'MALFORMED_QUERY'}]
2026-09-14 11:18:44,000 INFO [521/1126] IdentityProviderEventStore
2026-09-14 11:18:44,538 INFO querying IdentityProviderEventStore (full)
2026-09-14 11:18:45,053 INFO [522/1126] IdentityResolution
2026-09-14 11:18:45,668 INFO querying IdentityResolution incrementally since 2000-01-01T00:00:00Z
2026-09-14 11:18:46,652 INFO [523/1126] IdentityResolutionFeed
2026-09-14 11:18:47,218 INFO querying IdentityResolutionFeed incrementally since 2000-01-01T00:00:00Z
2026-09-14 11:18:47,976 INFO [524/1126] IdentityResolutionHistory
2026-09-14 11:18:48,399 INFO querying IdentityResolutionHistory (full)
2026-09-14 11:18:48,891 INFO [525/1126] IdentityVerificationEvent
2026-09-14 11:18:49,947 INFO querying IdentityVerificationEvent (full)
2026-09-14 11:18:50,436 INFO [526/1126] IdpEventLog
2026-09-14 11:18:50,870 INFO querying IdpEventLog (full)
2026-09-14 11:18:51,730 INFO [527/1126] IframeWhiteListUrl
2026-09-14 11:18:52,225 INFO querying IframeWhiteListUrl incrementally since 2000-01-01T00:00:00Z
2026-09-14 11:18:53,159 INFO [528/1126] Image
2026-09-14 11:18:53,743 INFO querying Image incrementally since 2000-01-01T00:00:00Z
2026-09-14 11:18:54,498 INFO [529/1126] ImageFeed
2026-09-14 11:18:55,048 INFO querying ImageFeed incrementally since 2000-01-01T00:00:00Z
2026-09-14 11:18:55,960 INFO [530/1126] ImageHistory
2026-09-14 11:18:56,476 INFO querying ImageHistory (full)
2026-09-14 11:18:57,136 INFO [531/1126] ImageShare
2026-09-14 11:18:57,788 INFO querying ImageShare incrementally since 2000-01-01T00:00:00Z
2026-09-14 11:18:58,761 INFO [532/1126] Incident
2026-09-14 11:18:59,652 INFO querying Incident incrementally since 2000-01-01T00:00:00Z
2026-09-14 11:19:00,499 INFO [533/1126] IncidentFeed
2026-09-14 11:19:01,153 INFO querying IncidentFeed incrementally since 2000-01-01T00:00:00Z
2026-09-14 11:19:01,993 INFO [534/1126] IncidentHistory
2026-09-14 11:19:02,672 INFO querying IncidentHistory (full)
2026-09-14 11:19:03,209 INFO [535/1126] IncidentRelatedItem
2026-09-14 11:19:03,772 INFO querying IncidentRelatedItem incrementally since 2000-01-01T00:00:00Z
2026-09-14 11:19:04,557 INFO [536/1126] IncidentRelatedItemFeed
2026-09-14 11:19:05,147 INFO querying IncidentRelatedItemFeed incrementally since 2000-01-01T00:00:00Z
2026-09-14 11:19:05,938 INFO [537/1126] IncidentRelatedItemHistory
2026-09-14 11:19:06,394 INFO querying IncidentRelatedItemHistory (full)
2026-09-14 11:19:06,860 INFO [538/1126] IncidentShare
2026-09-14 11:19:07,352 INFO querying IncidentShare incrementally since 2000-01-01T00:00:00Z
2026-09-14 11:19:08,160 INFO [539/1126] Individual
2026-09-14 11:19:08,761 INFO querying Individual incrementally since 2000-01-01T00:00:00Z
2026-09-14 11:19:09,709 INFO [540/1126] IndividualHistory
2026-09-14 11:19:10,163 INFO querying IndividualHistory (full)
2026-09-14 11:19:10,652 INFO [541/1126] IndividualShare
2026-09-14 11:19:11,188 INFO querying IndividualShare incrementally since 2000-01-01T00:00:00Z
2026-09-14 11:19:12,039 INFO [542/1126] InstalledMobileApp
2026-09-14 11:19:12,565 INFO querying InstalledMobileApp incrementally since 2000-01-01T00:00:00Z
2026-09-14 11:19:13,568 INFO [543/1126] InventoryItemReservation
2026-09-14 11:19:14,103 INFO querying InventoryItemReservation incrementally since 2000-01-01T00:00:00Z
2026-09-14 11:19:15,053 INFO [544/1126] InventoryReservation
2026-09-14 11:19:15,629 INFO querying InventoryReservation incrementally since 2000-01-01T00:00:00Z
2026-09-14 11:19:16,496 INFO [545/1126] InventoryReservationShare
2026-09-14 11:19:17,001 INFO querying InventoryReservationShare incrementally since 2000-01-01T00:00:00Z
2026-09-14 11:19:17,840 INFO [546/1126] Invoice
2026-09-14 11:19:18,484 INFO querying Invoice incrementally since 2000-01-01T00:00:00Z
2026-09-14 11:19:19,510 INFO [547/1126] InvoiceFeed
2026-09-14 11:19:20,085 INFO querying InvoiceFeed incrementally since 2000-01-01T00:00:00Z
2026-09-14 11:19:20,937 INFO [548/1126] InvoiceHistory
2026-09-14 11:19:21,358 INFO querying InvoiceHistory (full)
2026-09-14 11:19:21,903 INFO [549/1126] InvoiceLine
2026-09-14 11:19:22,536 INFO querying InvoiceLine incrementally since 2000-01-01T00:00:00Z
2026-09-14 11:19:23,335 INFO [550/1126] InvoiceLineFeed
2026-09-14 11:19:23,954 INFO querying InvoiceLineFeed incrementally since 2000-01-01T00:00:00Z
2026-09-14 11:19:24,704 INFO [551/1126] InvoiceLineHistory
2026-09-14 11:19:25,212 INFO querying InvoiceLineHistory (full)
2026-09-14 11:19:25,743 INFO [552/1126] InvoiceShare
2026-09-14 11:19:26,276 INFO querying InvoiceShare incrementally since 2000-01-01T00:00:00Z
2026-09-14 11:19:27,059 INFO [553/1126] KnowledgeableUser
2026-09-14 11:19:27,582 INFO querying KnowledgeableUser (full)
2026-09-14 11:19:28,112 INFO [554/1126] Lead
2026-09-14 11:19:29,099 INFO querying Lead incrementally since 2000-01-01T00:00:00Z
2026-09-14 11:19:30,384 INFO [555/1126] LeadCleanInfo
2026-09-14 11:19:31,183 INFO querying LeadCleanInfo incrementally since 2000-01-01T00:00:00Z
2026-09-14 11:19:32,003 INFO [556/1126] LeadFeed
2026-09-14 11:19:32,566 INFO querying LeadFeed incrementally since 2000-01-01T00:00:00Z
2026-09-14 11:19:33,403 INFO [557/1126] LeadHistory
2026-09-14 11:19:33,960 INFO querying LeadHistory (full)
2026-09-14 11:19:34,438 INFO [558/1126] LeadShare
2026-09-14 11:19:34,927 INFO querying LeadShare incrementally since 2000-01-01T00:00:00Z
2026-09-14 11:19:35,773 INFO [559/1126] LeadStatus
2026-09-14 11:19:36,459 INFO querying LeadStatus incrementally since 2000-01-01T00:00:00Z
2026-09-14 11:19:37,650 INFO [560/1126] LegalEntity
2026-09-14 11:19:38,396 INFO querying LegalEntity incrementally since 2000-01-01T00:00:00Z
2026-09-14 11:19:39,369 INFO [561/1126] LegalEntityFeed
2026-09-14 11:19:39,969 INFO querying LegalEntityFeed incrementally since 2000-01-01T00:00:00Z
2026-09-14 11:19:40,833 INFO [562/1126] LegalEntityHistory
2026-09-14 11:19:41,312 INFO querying LegalEntityHistory (full)
2026-09-14 11:19:41,813 INFO [563/1126] LegalEntityShare
2026-09-14 11:19:42,351 INFO querying LegalEntityShare incrementally since 2000-01-01T00:00:00Z
2026-09-14 11:19:43,219 INFO [564/1126] LicenseDefinitionCustomPermission
2026-09-14 11:19:43,773 INFO querying LicenseDefinitionCustomPermission incrementally since 2000-01-01T00:00:00Z
2026-09-14 11:19:44,618 INFO [565/1126] LightningExitByPageMetrics
2026-09-14 11:19:45,048 INFO querying LightningExitByPageMetrics (full)
2026-09-14 11:19:45,551 INFO [566/1126] LightningExperienceTheme
2026-09-14 11:19:46,107 INFO querying LightningExperienceTheme incrementally since 2000-01-01T00:00:00Z
2026-09-14 11:19:46,926 INFO [567/1126] LightningOnboardingConfig
2026-09-14 11:19:47,612 INFO querying LightningOnboardingConfig incrementally since 2000-01-01T00:00:00Z
2026-09-14 11:19:48,467 INFO [568/1126] LightningToggleMetrics
2026-09-14 11:19:48,962 INFO querying LightningToggleMetrics (full)
2026-09-14 11:19:49,513 INFO [569/1126] LightningUriEvent
2026-09-14 11:19:49,968 INFO querying LightningUriEvent (full)
2026-09-14 11:19:50,537 INFO [570/1126] LightningUsageByAppTypeMetrics
2026-09-14 11:19:50,973 INFO querying LightningUsageByAppTypeMetrics (full)
2026-09-14 11:19:51,857 INFO [571/1126] LightningUsageByBrowserMetrics
2026-09-14 11:19:52,336 INFO querying LightningUsageByBrowserMetrics (full)
2026-09-14 11:19:53,033 INFO [572/1126] LightningUsageByFlexiPageMetrics
2026-09-14 11:19:53,433 INFO querying LightningUsageByFlexiPageMetrics (full)
2026-09-14 11:19:53,888 INFO [573/1126] LightningUsageByPageMetrics
2026-09-14 11:19:54,314 INFO querying LightningUsageByPageMetrics (full)
2026-09-14 11:19:55,028 INFO [574/1126] ListEmail
2026-09-14 11:19:55,625 INFO querying ListEmail incrementally since 2000-01-01T00:00:00Z
2026-09-14 11:19:56,427 INFO [575/1126] ListEmailIndividualRecipient
2026-09-14 11:19:56,932 INFO querying ListEmailIndividualRecipient incrementally since 2000-01-01T00:00:00Z
2026-09-14 11:19:57,796 INFO [576/1126] ListEmailRecipientSource
2026-09-14 11:19:58,334 INFO querying ListEmailRecipientSource incrementally since 2000-01-01T00:00:00Z
2026-09-14 11:19:59,224 INFO [577/1126] ListEmailSentResult
2026-09-14 11:19:59,751 INFO querying ListEmailSentResult incrementally since 2000-01-01T00:00:00Z
2026-09-14 11:20:00,592 INFO [578/1126] ListEmailShare
2026-09-14 11:20:01,071 INFO querying ListEmailShare incrementally since 2000-01-01T00:00:00Z
2026-09-14 11:20:02,492 INFO [579/1126] ListView
2026-09-14 11:20:03,044 INFO querying ListView incrementally since 2000-01-01T00:00:00Z
2026-09-14 11:20:04,784 INFO [580/1126] ListViewChart
2026-09-14 11:20:07,208 INFO querying ListViewChart incrementally since 2000-01-01T00:00:00Z
2026-09-14 11:20:08,208 INFO [581/1126] ListViewChartInstance
2026-09-14 11:20:08,765 INFO querying ListViewChartInstance (full)
2026-09-14 11:20:09,143 ERROR failed to load ListViewChartInstance, skipping and continuing with the rest
Traceback (most recent call last):
  File "C:\Users\thecl\AppData\Local\Packages\PythonSoftwareFoundation.Python.3.11_qbz5n2kfra8p0\LocalCache\local-packages\Python311\site-packages\dlt\extract\pipe_iterator.py", line 274, in _get_source_item
    pipe_item = next(gen)
                ^^^^^^^^^
  File "C:\Users\thecl\OneDrive\Desktop\creditflow-data-warehouse\etl\salesforce_pipeline.py", line 147, in _resource
    for batch in paged_records(sf, soql):
  File "C:\Users\thecl\OneDrive\Desktop\creditflow-data-warehouse\etl\salesforce_pipeline.py", line 122, in paged_records
    for record in run_query_page(sf, soql):
  File "C:\Users\thecl\AppData\Local\Packages\PythonSoftwareFoundation.Python.3.11_qbz5n2kfra8p0\LocalCache\local-packages\Python311\site-packages\simple_salesforce\api.py", line 634, in query_all_iter
    result = self.query(query,
             ^^^^^^^^^^^^^^^^^
  File "C:\Users\thecl\AppData\Local\Packages\PythonSoftwareFoundation.Python.3.11_qbz5n2kfra8p0\LocalCache\local-packages\Python311\site-packages\simple_salesforce\api.py", line 568, in query
    result = self._call_salesforce('GET',
             ^^^^^^^^^^^^^^^^^^^^^^^^^^^^
  File "C:\Users\thecl\AppData\Local\Packages\PythonSoftwareFoundation.Python.3.11_qbz5n2kfra8p0\LocalCache\local-packages\Python311\site-packages\simple_salesforce\api.py", line 787, in _call_salesforce
    exception_handler(result,
  File "C:\Users\thecl\AppData\Local\Packages\PythonSoftwareFoundation.Python.3.11_qbz5n2kfra8p0\LocalCache\local-packages\Python311\site-packages\simple_salesforce\util.py", line 89, in exception_handler
    raise exc_cls(result.url, result.status_code, name, response_content)
simple_salesforce.exceptions.SalesforceMalformedRequest: Malformed request https://orgfarm-568b3bcb1a-dev-ed.develop.my.salesforce.com/services/data/v59.0/query/?q=SELECT+Id%2C+ExternalId%2C+ListViewChartId%2C+Label%2C+DeveloperName%2C+SourceEntity%2C+ListViewContextId%2C+ChartType%2C+IsLastViewed%2C+DataQuery%2C+DataQueryWithoutUserFilters%2C+IsEditable%2C+IsDeletable%2C+GroupingField%2C+AggregateField%2C+AggregateType+FROM+ListViewChartInstance. Response content: [{'message': 'Getting all ListViewChartInstances is unsupported', 'errorCode': 'EXTERNAL_OBJECT_UNSUPPORTED_EXCEPTION'}]

The above exception was the direct cause of the following exception:

Traceback (most recent call last):
  File "C:\Users\thecl\AppData\Local\Packages\PythonSoftwareFoundation.Python.3.11_qbz5n2kfra8p0\LocalCache\local-packages\Python311\site-packages\dlt\pipeline\pipeline.py", line 507, in extract
    self._extract_source(
  File "C:\Users\thecl\AppData\Local\Packages\PythonSoftwareFoundation.Python.3.11_qbz5n2kfra8p0\LocalCache\local-packages\Python311\site-packages\dlt\pipeline\pipeline.py", line 1661, in _extract_source
    load_id = extract.extract(
              ^^^^^^^^^^^^^^^^
  File "C:\Users\thecl\AppData\Local\Packages\PythonSoftwareFoundation.Python.3.11_qbz5n2kfra8p0\LocalCache\local-packages\Python311\site-packages\dlt\extract\extract.py", line 608, in extract
    self._extract_single_source(
  File "C:\Users\thecl\AppData\Local\Packages\PythonSoftwareFoundation.Python.3.11_qbz5n2kfra8p0\LocalCache\local-packages\Python311\site-packages\dlt\extract\extract.py", line 525, in _extract_single_source
    for pipe_item in pipes:
  File "C:\Users\thecl\AppData\Local\Packages\PythonSoftwareFoundation.Python.3.11_qbz5n2kfra8p0\LocalCache\local-packages\Python311\site-packages\dlt\extract\pipe_iterator.py", line 158, in __next__
    pipe_item = self._get_source_item()
                ^^^^^^^^^^^^^^^^^^^^^^^
  File "C:\Users\thecl\AppData\Local\Packages\PythonSoftwareFoundation.Python.3.11_qbz5n2kfra8p0\LocalCache\local-packages\Python311\site-packages\dlt\extract\pipe_iterator.py", line 304, in _get_source_item
    raise ResourceExtractionError(pipe.name, gen, str(ex), "generator") from ex
dlt.extract.exceptions.ResourceExtractionError: In processing pipe `listviewchartinstance`: extraction of resource `listviewchartinstance` in `generator` `_resource` caused an exception: Malformed request https://orgfarm-568b3bcb1a-dev-ed.develop.my.salesforce.com/services/data/v59.0/query/?q=SELECT+Id%2C+ExternalId%2C+ListViewChartId%2C+Label%2C+DeveloperName%2C+SourceEntity%2C+ListViewContextId%2C+ChartType%2C+IsLastViewed%2C+DataQuery%2C+DataQueryWithoutUserFilters%2C+IsEditable%2C+IsDeletable%2C+GroupingField%2C+AggregateField%2C+AggregateType+FROM+ListViewChartInstance. Response content: [{'message': 'Getting all ListViewChartInstances is unsupported', 'errorCode': 'EXTERNAL_OBJECT_UNSUPPORTED_EXCEPTION'}]

The above exception was the direct cause of the following exception:

Traceback (most recent call last):
  File "C:\Users\thecl\OneDrive\Desktop\creditflow-data-warehouse\etl\salesforce_pipeline.py", line 192, in run
    load_info = pipeline.run(resource())
                ^^^^^^^^^^^^^^^^^^^^^^^^
  File "C:\Users\thecl\AppData\Local\Packages\PythonSoftwareFoundation.Python.3.11_qbz5n2kfra8p0\LocalCache\local-packages\Python311\site-packages\dlt\pipeline\pipeline.py", line 237, in _wrap
    step_info = f(self, *args, **kwargs)
                ^^^^^^^^^^^^^^^^^^^^^^^^
  File "C:\Users\thecl\AppData\Local\Packages\PythonSoftwareFoundation.Python.3.11_qbz5n2kfra8p0\LocalCache\local-packages\Python311\site-packages\dlt\pipeline\pipeline.py", line 285, in _wrap
    return f(self, *args, **kwargs)
           ^^^^^^^^^^^^^^^^^^^^^^^^
  File "C:\Users\thecl\AppData\Local\Packages\PythonSoftwareFoundation.Python.3.11_qbz5n2kfra8p0\LocalCache\local-packages\Python311\site-packages\dlt\pipeline\pipeline.py", line 815, in run
    self.extract(
  File "C:\Users\thecl\AppData\Local\Packages\PythonSoftwareFoundation.Python.3.11_qbz5n2kfra8p0\LocalCache\local-packages\Python311\site-packages\dlt\pipeline\pipeline.py", line 237, in _wrap
    step_info = f(self, *args, **kwargs)
                ^^^^^^^^^^^^^^^^^^^^^^^^
  File "C:\Users\thecl\AppData\Local\Packages\PythonSoftwareFoundation.Python.3.11_qbz5n2kfra8p0\LocalCache\local-packages\Python311\site-packages\dlt\pipeline\pipeline.py", line 176, in _wrap
    return f(self, *args, **kwargs)
           ^^^^^^^^^^^^^^^^^^^^^^^^
  File "C:\Users\thecl\AppData\Local\Packages\PythonSoftwareFoundation.Python.3.11_qbz5n2kfra8p0\LocalCache\local-packages\Python311\site-packages\dlt\pipeline\pipeline.py", line 190, in _wrap
    rv = f(self, *args, **kwargs)
         ^^^^^^^^^^^^^^^^^^^^^^^^
  File "C:\Users\thecl\AppData\Local\Packages\PythonSoftwareFoundation.Python.3.11_qbz5n2kfra8p0\LocalCache\local-packages\Python311\site-packages\dlt\pipeline\pipeline.py", line 285, in _wrap
    return f(self, *args, **kwargs)
           ^^^^^^^^^^^^^^^^^^^^^^^^
  File "C:\Users\thecl\AppData\Local\Packages\PythonSoftwareFoundation.Python.3.11_qbz5n2kfra8p0\LocalCache\local-packages\Python311\site-packages\dlt\pipeline\pipeline.py", line 530, in extract
    raise PipelineStepFailed(
dlt.pipeline.exceptions.PipelineStepFailed: Pipeline execution failed at `step=extract` when processing package with `load_id=1789366808.7477605` with exception:

<class 'dlt.extract.exceptions.ResourceExtractionError'>
In processing pipe `listviewchartinstance`: extraction of resource `listviewchartinstance` in `generator` `_resource` caused an exception: Malformed request https://orgfarm-568b3bcb1a-dev-ed.develop.my.salesforce.com/services/data/v59.0/query/?q=SELECT+Id%2C+ExternalId%2C+ListViewChartId%2C+Label%2C+DeveloperName%2C+SourceEntity%2C+ListViewContextId%2C+ChartType%2C+IsLastViewed%2C+DataQuery%2C+DataQueryWithoutUserFilters%2C+IsEditable%2C+IsDeletable%2C+GroupingField%2C+AggregateField%2C+AggregateType+FROM+ListViewChartInstance. Response content: [{'message': 'Getting all ListViewChartInstances is unsupported', 'errorCode': 'EXTERNAL_OBJECT_UNSUPPORTED_EXCEPTION'}]
2026-09-14 11:20:09,146 INFO [582/1126] ListViewEvent
2026-09-14 11:20:09,614 INFO querying ListViewEvent (full)
2026-09-14 11:20:10,222 INFO [583/1126] LiveChatSensitiveDataRule
2026-09-14 11:20:10,842 INFO querying LiveChatSensitiveDataRule incrementally since 2000-01-01T00:00:00Z
2026-09-14 11:20:11,652 INFO [584/1126] Location
2026-09-14 11:20:12,247 INFO querying Location incrementally since 2000-01-01T00:00:00Z
2026-09-14 11:20:13,038 INFO [585/1126] LocationFeed
2026-09-14 11:20:13,701 INFO querying LocationFeed incrementally since 2000-01-01T00:00:00Z
2026-09-14 11:20:14,612 INFO [586/1126] LocationGroup
2026-09-14 11:20:15,233 INFO querying LocationGroup incrementally since 2000-01-01T00:00:00Z
2026-09-14 11:20:16,500 INFO [587/1126] LocationGroupAssignment
2026-09-14 11:20:17,032 INFO querying LocationGroupAssignment incrementally since 2000-01-01T00:00:00Z
2026-09-14 11:20:18,036 INFO [588/1126] LocationGroupFeed
2026-09-14 11:20:18,636 INFO querying LocationGroupFeed incrementally since 2000-01-01T00:00:00Z
2026-09-14 11:20:19,722 INFO [589/1126] LocationGroupHistory
2026-09-14 11:20:20,199 INFO querying LocationGroupHistory (full)
2026-09-14 11:20:20,694 INFO [590/1126] LocationGroupShare
2026-09-14 11:20:21,195 INFO querying LocationGroupShare incrementally since 2000-01-01T00:00:00Z
2026-09-14 11:20:22,074 INFO [591/1126] LocationHistory
2026-09-14 11:20:22,549 INFO querying LocationHistory (full)
2026-09-14 11:20:23,055 INFO [592/1126] LocationShare
2026-09-14 11:20:23,537 INFO querying LocationShare incrementally since 2000-01-01T00:00:00Z
2026-09-14 11:20:24,369 INFO [593/1126] LoginAsEvent
2026-09-14 11:20:24,819 INFO querying LoginAsEvent (full)
2026-09-14 11:20:25,349 INFO [594/1126] LoginEvent
2026-09-14 11:20:25,802 INFO querying LoginEvent (full)
2026-09-14 11:20:26,697 INFO [595/1126] LoginGeo
2026-09-14 11:20:27,309 INFO querying LoginGeo incrementally since 2000-01-01T00:00:00Z
2026-09-14 11:20:28,552 INFO [596/1126] LoginHistory
2026-09-14 11:20:29,015 INFO querying LoginHistory (full)
2026-09-14 11:20:29,790 INFO [597/1126] LoginIp
2026-09-14 11:20:30,460 INFO querying LoginIp (full)
2026-09-14 11:20:31,556 INFO [598/1126] LogoutEvent
2026-09-14 11:20:32,006 INFO querying LogoutEvent (full)
2026-09-14 11:20:32,640 INFO [599/1126] MLModel
2026-09-14 11:20:33,281 INFO querying MLModel incrementally since 2000-01-01T00:00:00Z
2026-09-14 11:20:34,308 INFO [600/1126] MLModelFactor
2026-09-14 11:20:35,036 INFO querying MLModelFactor incrementally since 2000-01-01T00:00:00Z
2026-09-14 11:20:37,297 INFO [601/1126] MLModelFactorComponent
2026-09-14 11:20:37,933 INFO querying MLModelFactorComponent incrementally since 2000-01-01T00:00:00Z
2026-09-14 11:20:38,805 INFO [602/1126] MLModelMetric
2026-09-14 11:20:39,324 INFO querying MLModelMetric incrementally since 2000-01-01T00:00:00Z
2026-09-14 11:20:40,177 INFO [603/1126] MLPredictionDefinition
2026-09-14 11:20:40,761 INFO querying MLPredictionDefinition incrementally since 2000-01-01T00:00:00Z
2026-09-14 11:20:41,601 INFO [604/1126] MLRecommendationDefinition
2026-09-14 11:20:42,194 INFO querying MLRecommendationDefinition incrementally since 2000-01-01T00:00:00Z
2026-09-14 11:20:43,089 INFO [605/1126] Macro
2026-09-14 11:20:43,750 INFO querying Macro incrementally since 2000-01-01T00:00:00Z
2026-09-14 11:20:44,549 INFO [606/1126] MacroHistory
2026-09-14 11:20:45,006 INFO querying MacroHistory (full)
2026-09-14 11:20:45,510 INFO [607/1126] MacroInstruction
2026-09-14 11:20:47,156 INFO querying MacroInstruction incrementally since 2000-01-01T00:00:00Z
2026-09-14 11:20:47,934 INFO [608/1126] MacroShare
2026-09-14 11:20:48,440 INFO querying MacroShare incrementally since 2000-01-01T00:00:00Z
2026-09-14 11:20:49,262 INFO [609/1126] MacroUsage
2026-09-14 11:20:49,840 INFO querying MacroUsage incrementally since 2000-01-01T00:00:00Z
2026-09-14 11:20:50,635 INFO [610/1126] MacroUsageShare
2026-09-14 11:20:51,188 INFO querying MacroUsageShare incrementally since 2000-01-01T00:00:00Z
2026-09-14 11:20:51,997 INFO [611/1126] MailmergeTemplate
2026-09-14 11:20:52,600 INFO querying MailmergeTemplate incrementally since 2000-01-01T00:00:00Z
2026-09-14 11:20:53,797 INFO [612/1126] ManagedContent
2026-09-14 11:20:54,357 INFO querying ManagedContent incrementally since 2000-01-01T00:00:00Z
2026-09-14 11:20:55,856 INFO [613/1126] ManagedContentChannel
2026-09-14 11:20:56,568 INFO querying ManagedContentChannel incrementally since 2000-01-01T00:00:00Z
2026-09-14 11:20:57,609 INFO [614/1126] ManagedContentSpace
2026-09-14 11:20:58,255 INFO querying ManagedContentSpace incrementally since 2000-01-01T00:00:00Z
2026-09-14 11:20:59,354 INFO [615/1126] ManagedContentVariant
2026-09-14 11:20:59,949 INFO querying ManagedContentVariant incrementally since 2000-01-01T00:00:00Z
2026-09-14 11:21:01,182 INFO [616/1126] MarketSegment
2026-09-14 11:21:01,919 INFO querying MarketSegment incrementally since 2000-01-01T00:00:00Z
2026-09-14 11:21:02,784 INFO [617/1126] MarketSegmentActivation
2026-09-14 11:21:03,350 INFO querying MarketSegmentActivation incrementally since 2000-01-01T00:00:00Z
2026-09-14 11:21:04,241 INFO [618/1126] MarketSegmentActivationFeed
2026-09-14 11:21:04,805 INFO querying MarketSegmentActivationFeed incrementally since 2000-01-01T00:00:00Z
2026-09-14 11:21:05,613 INFO [619/1126] MarketSegmentActivationHistory
2026-09-14 11:21:06,057 INFO querying MarketSegmentActivationHistory (full)
2026-09-14 11:21:06,620 INFO [620/1126] MarketSegmentDefMapping
2026-09-14 11:21:07,138 INFO querying MarketSegmentDefMapping incrementally since 2000-01-01T00:00:00Z
2026-09-14 11:21:07,932 INFO [621/1126] MarketSegmentFeed
2026-09-14 11:21:08,531 INFO querying MarketSegmentFeed incrementally since 2000-01-01T00:00:00Z
2026-09-14 11:21:09,532 INFO [622/1126] MarketSegmentHistory
2026-09-14 11:21:09,968 INFO querying MarketSegmentHistory (full)
2026-09-14 11:21:10,460 INFO [623/1126] MatchingInformation
2026-09-14 11:21:11,216 INFO querying MatchingInformation incrementally since 2000-01-01T00:00:00Z
2026-09-14 11:21:12,044 INFO [624/1126] MatchingRule
2026-09-14 11:21:12,598 INFO querying MatchingRule incrementally since 2000-01-01T00:00:00Z
2026-09-14 11:21:14,028 INFO [625/1126] MatchingRuleItem
2026-09-14 11:21:14,647 INFO querying MatchingRuleItem incrementally since 2000-01-01T00:00:00Z
2026-09-14 11:21:15,614 INFO [626/1126] MessagingChannel
2026-09-14 11:21:16,376 INFO querying MessagingChannel incrementally since 2000-01-01T00:00:00Z
2026-09-14 11:21:17,667 INFO [627/1126] MessagingChannelSkill
2026-09-14 11:21:18,220 INFO querying MessagingChannelSkill incrementally since 2000-01-01T00:00:00Z
2026-09-14 11:21:19,314 INFO [628/1126] MessagingConfiguration
2026-09-14 11:21:19,943 INFO querying MessagingConfiguration incrementally since 2000-01-01T00:00:00Z
2026-09-14 11:21:20,815 INFO [629/1126] MessagingDeliveryError
2026-09-14 11:21:21,426 INFO querying MessagingDeliveryError incrementally since 2000-01-01T00:00:00Z
2026-09-14 11:21:22,420 INFO [630/1126] MessagingEndUser
2026-09-14 11:21:23,165 INFO querying MessagingEndUser incrementally since 2000-01-01T00:00:00Z
2026-09-14 11:21:24,226 INFO [631/1126] MessagingEndUserHistory
2026-09-14 11:21:24,910 INFO querying MessagingEndUserHistory (full)
2026-09-14 11:21:25,379 INFO [632/1126] MessagingEndUserShare
2026-09-14 11:21:25,893 INFO querying MessagingEndUserShare incrementally since 2000-01-01T00:00:00Z
2026-09-14 11:21:27,200 INFO [633/1126] MessagingLink
2026-09-14 11:21:27,980 INFO querying MessagingLink incrementally since 2000-01-01T00:00:00Z
2026-09-14 11:21:28,996 INFO [634/1126] MessagingSession
2026-09-14 11:21:29,830 INFO querying MessagingSession incrementally since 2000-01-01T00:00:00Z
2026-09-14 11:21:31,296 INFO [635/1126] MessagingSessionFeed
2026-09-14 11:21:32,150 INFO querying MessagingSessionFeed incrementally since 2000-01-01T00:00:00Z
2026-09-14 11:21:33,474 INFO [636/1126] MessagingSessionHistory
2026-09-14 11:21:34,004 INFO querying MessagingSessionHistory (full)
2026-09-14 11:21:34,620 INFO [637/1126] MessagingSessionShare
2026-09-14 11:21:35,379 INFO querying MessagingSessionShare incrementally since 2000-01-01T00:00:00Z
2026-09-14 11:21:36,672 INFO [638/1126] MessagingTemplate
2026-09-14 11:21:37,441 INFO querying MessagingTemplate incrementally since 2000-01-01T00:00:00Z
2026-09-14 11:21:38,603 INFO [639/1126] MilestoneType
2026-09-14 11:21:39,317 INFO querying MilestoneType incrementally since 2000-01-01T00:00:00Z
2026-09-14 11:21:41,106 INFO [640/1126] MktCalculatedInsight
2026-09-14 11:22:08,711 INFO querying MktCalculatedInsight incrementally since 2000-01-01T00:00:00Z
2026-09-14 11:22:09,601 INFO [641/1126] MktCalculatedInsightFeed
2026-09-14 11:22:10,249 INFO querying MktCalculatedInsightFeed incrementally since 2000-01-01T00:00:00Z
2026-09-14 11:22:11,529 INFO [642/1126] MktCalculatedInsightHistory
2026-09-14 11:22:12,014 INFO querying MktCalculatedInsightHistory (full)
2026-09-14 11:22:12,538 INFO [643/1126] MktDataTransform
2026-09-14 11:22:13,156 INFO querying MktDataTransform incrementally since 2000-01-01T00:00:00Z
2026-09-14 11:22:14,110 INFO [644/1126] MktDataTransformFeed
2026-09-14 11:22:14,885 INFO querying MktDataTransformFeed incrementally since 2000-01-01T00:00:00Z
2026-09-14 11:22:15,961 INFO [645/1126] MktDataTransformHistory
2026-09-14 11:22:16,434 INFO querying MktDataTransformHistory (full)
2026-09-14 11:22:17,139 INFO [646/1126] MktDataTransformShare
2026-09-14 11:22:17,681 INFO querying MktDataTransformShare incrementally since 2000-01-01T00:00:00Z
2026-09-14 11:22:18,741 INFO [647/1126] MktMLModel
2026-09-14 11:22:19,796 INFO querying MktMLModel incrementally since 2000-01-01T00:00:00Z
2026-09-14 11:22:20,738 INFO [648/1126] MktMLModelFeed
2026-09-14 11:22:21,313 INFO querying MktMLModelFeed incrementally since 2000-01-01T00:00:00Z
2026-09-14 11:22:22,235 INFO [649/1126] MktMLModelHistory
2026-09-14 11:22:22,689 INFO querying MktMLModelHistory (full)
2026-09-14 11:22:23,173 INFO [650/1126] MktMLModelShare
2026-09-14 11:22:23,686 INFO querying MktMLModelShare incrementally since 2000-01-01T00:00:00Z
2026-09-14 11:22:24,561 INFO [651/1126] MktMLPredictionJob
2026-09-14 11:22:25,127 INFO querying MktMLPredictionJob incrementally since 2000-01-01T00:00:00Z
2026-09-14 11:22:25,974 INFO [652/1126] MktMLPredictionJobFeed
2026-09-14 11:22:26,708 INFO querying MktMLPredictionJobFeed incrementally since 2000-01-01T00:00:00Z
2026-09-14 11:22:27,563 INFO [653/1126] MktMLPredictionJobHistory
2026-09-14 11:22:28,122 INFO querying MktMLPredictionJobHistory (full)
2026-09-14 11:22:28,615 INFO [654/1126] MktSgmntActvtnAudAttribute
2026-09-14 11:22:29,208 INFO querying MktSgmntActvtnAudAttribute incrementally since 2000-01-01T00:00:00Z
2026-09-14 11:22:30,044 INFO [655/1126] MktSgmntActvtnContactPoint
2026-09-14 11:22:30,625 INFO querying MktSgmntActvtnContactPoint incrementally since 2000-01-01T00:00:00Z
2026-09-14 11:22:31,593 INFO [656/1126] MktSgmtActvContactPtField
2026-09-14 11:22:32,281 INFO querying MktSgmtActvContactPtField incrementally since 2000-01-01T00:00:00Z
2026-09-14 11:22:33,111 INFO [657/1126] MktSgmtActvContactPtSrc
2026-09-14 11:22:33,732 INFO querying MktSgmtActvContactPtSrc incrementally since 2000-01-01T00:00:00Z
2026-09-14 11:22:34,598 INFO [658/1126] MktSgmtActvDataSource
2026-09-14 11:22:35,413 INFO querying MktSgmtActvDataSource incrementally since 2000-01-01T00:00:00Z
2026-09-14 11:22:36,470 INFO [659/1126] MktSgmtDefCalcInsightFld
2026-09-14 11:22:37,137 INFO querying MktSgmtDefCalcInsightFld incrementally since 2000-01-01T00:00:00Z
2026-09-14 11:22:38,163 INFO [660/1126] MktSgmtDefDataMdlObjFld
2026-09-14 11:22:38,739 INFO querying MktSgmtDefDataMdlObjFld incrementally since 2000-01-01T00:00:00Z
2026-09-14 11:22:39,631 INFO [661/1126] MlFeatureValueMetric
2026-09-14 11:22:40,410 INFO querying MlFeatureValueMetric incrementally since 2000-01-01T00:00:00Z
2026-09-14 11:22:41,356 INFO [662/1126] MobileApplicationDetail
2026-09-14 11:22:42,350 INFO querying MobileApplicationDetail incrementally since 2000-01-01T00:00:00Z
2026-09-14 11:22:43,377 INFO [663/1126] MsgChannelLanguageKeyword
2026-09-14 11:22:43,980 INFO querying MsgChannelLanguageKeyword incrementally since 2000-01-01T00:00:00Z
2026-09-14 11:22:44,886 INFO [664/1126] MutingPermissionSet
2026-09-14 11:22:45,836 INFO querying MutingPermissionSet incrementally since 2000-01-01T00:00:00Z
2026-09-14 11:22:47,251 INFO [665/1126] MyDomainDiscoverableLogin
2026-09-14 11:22:47,876 INFO querying MyDomainDiscoverableLogin incrementally since 2000-01-01T00:00:00Z
2026-09-14 11:22:48,845 INFO [666/1126] NamedCredential
2026-09-14 11:22:49,898 INFO querying NamedCredential incrementally since 2000-01-01T00:00:00Z
2026-09-14 11:22:50,793 INFO [667/1126] Note
2026-09-14 11:22:51,405 INFO querying Note incrementally since 2000-01-01T00:00:00Z
2026-09-14 11:22:52,339 INFO [668/1126] OauthCustomScope
2026-09-14 11:22:52,918 INFO querying OauthCustomScope incrementally since 2000-01-01T00:00:00Z
2026-09-14 11:22:53,971 INFO [669/1126] OauthCustomScopeApp
2026-09-14 11:22:54,526 INFO querying OauthCustomScopeApp incrementally since 2000-01-01T00:00:00Z
2026-09-14 11:22:55,666 INFO [670/1126] OauthToken
2026-09-14 11:22:56,153 INFO querying OauthToken (full)
2026-09-14 11:22:56,937 INFO [671/1126] ObjectPermissions
2026-09-14 11:22:58,153 INFO querying ObjectPermissions incrementally since 2000-01-01T00:00:00Z
2026-09-14 11:23:09,928 INFO [672/1126] OmniRoutingEventStore
2026-09-14 11:23:10,447 INFO querying OmniRoutingEventStore incrementally since 2000-01-01T00:00:00Z
2026-09-14 11:23:10,795 ERROR failed to load OmniRoutingEventStore, skipping and continuing with the rest
Traceback (most recent call last):
  File "C:\Users\thecl\AppData\Local\Packages\PythonSoftwareFoundation.Python.3.11_qbz5n2kfra8p0\LocalCache\local-packages\Python311\site-packages\dlt\extract\pipe_iterator.py", line 274, in _get_source_item
    pipe_item = next(gen)
                ^^^^^^^^^
  File "C:\Users\thecl\OneDrive\Desktop\creditflow-data-warehouse\etl\salesforce_pipeline.py", line 140, in _resource
    for batch in paged_records(sf, soql):
  File "C:\Users\thecl\OneDrive\Desktop\creditflow-data-warehouse\etl\salesforce_pipeline.py", line 122, in paged_records
    for record in run_query_page(sf, soql):
  File "C:\Users\thecl\AppData\Local\Packages\PythonSoftwareFoundation.Python.3.11_qbz5n2kfra8p0\LocalCache\local-packages\Python311\site-packages\simple_salesforce\api.py", line 634, in query_all_iter
    result = self.query(query,
             ^^^^^^^^^^^^^^^^^
  File "C:\Users\thecl\AppData\Local\Packages\PythonSoftwareFoundation.Python.3.11_qbz5n2kfra8p0\LocalCache\local-packages\Python311\site-packages\simple_salesforce\api.py", line 568, in query
    result = self._call_salesforce('GET',
             ^^^^^^^^^^^^^^^^^^^^^^^^^^^^
  File "C:\Users\thecl\AppData\Local\Packages\PythonSoftwareFoundation.Python.3.11_qbz5n2kfra8p0\LocalCache\local-packages\Python311\site-packages\simple_salesforce\api.py", line 787, in _call_salesforce
    exception_handler(result,
  File "C:\Users\thecl\AppData\Local\Packages\PythonSoftwareFoundation.Python.3.11_qbz5n2kfra8p0\LocalCache\local-packages\Python311\site-packages\simple_salesforce\util.py", line 89, in exception_handler
    raise exc_cls(result.url, result.status_code, name, response_content)
simple_salesforce.exceptions.SalesforceMalformedRequest: Malformed request https://orgfarm-568b3bcb1a-dev-ed.develop.my.salesforce.com/services/data/v59.0/query/?q=SELECT+Id%2C+CreatedById%2C+CreatedDate%2C+LastModifiedById%2C+LastModifiedDate%2C+SystemModstamp%2C+UserId%2C+WorkItemId%2C+Type%2C+AgentWorkId%2C+PendingServiceRoutingId%2C+QueueId%2C+EventTime%2C+AdditionalDetail+FROM+OmniRoutingEventStore+WHERE+LastModifiedDate+%3E+2000-01-01T00%3A00%3A00Z. Response content: [{'message': "\nFROM OmniRoutingEventStore WHERE LastModifiedDate > 2000-01-01T00:00:00Z\n                                 ^\nERROR at Row:1:Column:224\nfield 'LastModifiedDate' can not be filtered in a query call", 'errorCode': 'INVALID_FIELD'}]

The above exception was the direct cause of the following exception:

Traceback (most recent call last):
  File "C:\Users\thecl\AppData\Local\Packages\PythonSoftwareFoundation.Python.3.11_qbz5n2kfra8p0\LocalCache\local-packages\Python311\site-packages\dlt\pipeline\pipeline.py", line 507, in extract
    self._extract_source(
  File "C:\Users\thecl\AppData\Local\Packages\PythonSoftwareFoundation.Python.3.11_qbz5n2kfra8p0\LocalCache\local-packages\Python311\site-packages\dlt\pipeline\pipeline.py", line 1661, in _extract_source
    load_id = extract.extract(
              ^^^^^^^^^^^^^^^^
  File "C:\Users\thecl\AppData\Local\Packages\PythonSoftwareFoundation.Python.3.11_qbz5n2kfra8p0\LocalCache\local-packages\Python311\site-packages\dlt\extract\extract.py", line 608, in extract
    self._extract_single_source(
  File "C:\Users\thecl\AppData\Local\Packages\PythonSoftwareFoundation.Python.3.11_qbz5n2kfra8p0\LocalCache\local-packages\Python311\site-packages\dlt\extract\extract.py", line 525, in _extract_single_source
    for pipe_item in pipes:
  File "C:\Users\thecl\AppData\Local\Packages\PythonSoftwareFoundation.Python.3.11_qbz5n2kfra8p0\LocalCache\local-packages\Python311\site-packages\dlt\extract\pipe_iterator.py", line 158, in __next__
    pipe_item = self._get_source_item()
                ^^^^^^^^^^^^^^^^^^^^^^^
  File "C:\Users\thecl\AppData\Local\Packages\PythonSoftwareFoundation.Python.3.11_qbz5n2kfra8p0\LocalCache\local-packages\Python311\site-packages\dlt\extract\pipe_iterator.py", line 304, in _get_source_item
    raise ResourceExtractionError(pipe.name, gen, str(ex), "generator") from ex
dlt.extract.exceptions.ResourceExtractionError: In processing pipe `omniroutingeventstore`: extraction of resource `omniroutingeventstore` in `generator` `_resource` caused an exception: Malformed request https://orgfarm-568b3bcb1a-dev-ed.develop.my.salesforce.com/services/data/v59.0/query/?q=SELECT+Id%2C+CreatedById%2C+CreatedDate%2C+LastModifiedById%2C+LastModifiedDate%2C+SystemModstamp%2C+UserId%2C+WorkItemId%2C+Type%2C+AgentWorkId%2C+PendingServiceRoutingId%2C+QueueId%2C+EventTime%2C+AdditionalDetail+FROM+OmniRoutingEventStore+WHERE+LastModifiedDate+%3E+2000-01-01T00%3A00%3A00Z. Response content: [{'message': "\nFROM OmniRoutingEventStore WHERE LastModifiedDate > 2000-01-01T00:00:00Z\n                                 ^\nERROR at Row:1:Column:224\nfield 'LastModifiedDate' can not be filtered in a query call", 'errorCode': 'INVALID_FIELD'}]

The above exception was the direct cause of the following exception:

Traceback (most recent call last):
  File "C:\Users\thecl\OneDrive\Desktop\creditflow-data-warehouse\etl\salesforce_pipeline.py", line 192, in run
    load_info = pipeline.run(resource())
                ^^^^^^^^^^^^^^^^^^^^^^^^
  File "C:\Users\thecl\AppData\Local\Packages\PythonSoftwareFoundation.Python.3.11_qbz5n2kfra8p0\LocalCache\local-packages\Python311\site-packages\dlt\pipeline\pipeline.py", line 237, in _wrap
    step_info = f(self, *args, **kwargs)
                ^^^^^^^^^^^^^^^^^^^^^^^^
  File "C:\Users\thecl\AppData\Local\Packages\PythonSoftwareFoundation.Python.3.11_qbz5n2kfra8p0\LocalCache\local-packages\Python311\site-packages\dlt\pipeline\pipeline.py", line 285, in _wrap
    return f(self, *args, **kwargs)
           ^^^^^^^^^^^^^^^^^^^^^^^^
  File "C:\Users\thecl\AppData\Local\Packages\PythonSoftwareFoundation.Python.3.11_qbz5n2kfra8p0\LocalCache\local-packages\Python311\site-packages\dlt\pipeline\pipeline.py", line 815, in run
    self.extract(
  File "C:\Users\thecl\AppData\Local\Packages\PythonSoftwareFoundation.Python.3.11_qbz5n2kfra8p0\LocalCache\local-packages\Python311\site-packages\dlt\pipeline\pipeline.py", line 237, in _wrap
    step_info = f(self, *args, **kwargs)
                ^^^^^^^^^^^^^^^^^^^^^^^^
  File "C:\Users\thecl\AppData\Local\Packages\PythonSoftwareFoundation.Python.3.11_qbz5n2kfra8p0\LocalCache\local-packages\Python311\site-packages\dlt\pipeline\pipeline.py", line 176, in _wrap
    return f(self, *args, **kwargs)
           ^^^^^^^^^^^^^^^^^^^^^^^^
  File "C:\Users\thecl\AppData\Local\Packages\PythonSoftwareFoundation.Python.3.11_qbz5n2kfra8p0\LocalCache\local-packages\Python311\site-packages\dlt\pipeline\pipeline.py", line 190, in _wrap
    rv = f(self, *args, **kwargs)
         ^^^^^^^^^^^^^^^^^^^^^^^^
  File "C:\Users\thecl\AppData\Local\Packages\PythonSoftwareFoundation.Python.3.11_qbz5n2kfra8p0\LocalCache\local-packages\Python311\site-packages\dlt\pipeline\pipeline.py", line 285, in _wrap
    return f(self, *args, **kwargs)
           ^^^^^^^^^^^^^^^^^^^^^^^^
  File "C:\Users\thecl\AppData\Local\Packages\PythonSoftwareFoundation.Python.3.11_qbz5n2kfra8p0\LocalCache\local-packages\Python311\site-packages\dlt\pipeline\pipeline.py", line 530, in extract
    raise PipelineStepFailed(
dlt.pipeline.exceptions.PipelineStepFailed: Pipeline execution failed at `step=extract` when processing package with `load_id=1789366990.370242` with exception:

<class 'dlt.extract.exceptions.ResourceExtractionError'>
In processing pipe `omniroutingeventstore`: extraction of resource `omniroutingeventstore` in `generator` `_resource` caused an exception: Malformed request https://orgfarm-568b3bcb1a-dev-ed.develop.my.salesforce.com/services/data/v59.0/query/?q=SELECT+Id%2C+CreatedById%2C+CreatedDate%2C+LastModifiedById%2C+LastModifiedDate%2C+SystemModstamp%2C+UserId%2C+WorkItemId%2C+Type%2C+AgentWorkId%2C+PendingServiceRoutingId%2C+QueueId%2C+EventTime%2C+AdditionalDetail+FROM+OmniRoutingEventStore+WHERE+LastModifiedDate+%3E+2000-01-01T00%3A00%3A00Z. Response content: [{'message': "\nFROM OmniRoutingEventStore WHERE LastModifiedDate > 2000-01-01T00:00:00Z\n                                 ^\nERROR at Row:1:Column:224\nfield 'LastModifiedDate' can not be filtered in a query call", 'errorCode': 'INVALID_FIELD'}]
2026-09-14 11:23:10,799 INFO [673/1126] OmniSupervisorConfig
2026-09-14 11:23:11,392 INFO querying OmniSupervisorConfig incrementally since 2000-01-01T00:00:00Z
2026-09-14 11:23:12,292 INFO [674/1126] OmniSupervisorConfigAction
2026-09-14 11:23:12,930 INFO querying OmniSupervisorConfigAction incrementally since 2000-01-01T00:00:00Z
2026-09-14 11:23:13,837 INFO [675/1126] OmniSupervisorConfigGroup
2026-09-14 11:23:14,442 INFO querying OmniSupervisorConfigGroup incrementally since 2000-01-01T00:00:00Z
2026-09-14 11:23:15,498 INFO [676/1126] OmniSupervisorConfigProfile
2026-09-14 11:23:16,019 INFO querying OmniSupervisorConfigProfile incrementally since 2000-01-01T00:00:00Z
2026-09-14 11:23:16,847 INFO [677/1126] OmniSupervisorConfigQueue
2026-09-14 11:23:17,371 INFO querying OmniSupervisorConfigQueue incrementally since 2000-01-01T00:00:00Z
2026-09-14 11:23:18,469 INFO [678/1126] OmniSupervisorConfigSkill
2026-09-14 11:23:19,030 INFO querying OmniSupervisorConfigSkill incrementally since 2000-01-01T00:00:00Z
2026-09-14 11:23:21,010 INFO [679/1126] OmniSupervisorConfigUser
2026-09-14 11:23:21,612 INFO querying OmniSupervisorConfigUser incrementally since 2000-01-01T00:00:00Z
2026-09-14 11:23:22,413 INFO [680/1126] OnboardingMetrics
2026-09-14 11:23:22,952 INFO querying OnboardingMetrics incrementally since 2000-01-01T00:00:00Z
2026-09-14 11:23:23,821 INFO [681/1126] OperatingHours
2026-09-14 11:23:24,448 INFO querying OperatingHours incrementally since 2000-01-01T00:00:00Z
2026-09-14 11:23:25,464 INFO [682/1126] OperatingHoursFeed
2026-09-14 11:23:25,997 INFO querying OperatingHoursFeed incrementally since 2000-01-01T00:00:00Z
2026-09-14 11:23:26,903 INFO [683/1126] OperatingHoursHoliday
2026-09-14 11:23:27,548 INFO querying OperatingHoursHoliday incrementally since 2000-01-01T00:00:00Z
2026-09-14 11:23:28,406 INFO [684/1126] OperatingHoursHolidayFeed
2026-09-14 11:23:28,940 INFO querying OperatingHoursHolidayFeed incrementally since 2000-01-01T00:00:00Z
2026-09-14 11:23:29,892 INFO [685/1126] OperatingHoursShare
2026-09-14 11:23:30,401 INFO querying OperatingHoursShare incrementally since 2000-01-01T00:00:00Z
2026-09-14 11:23:31,335 INFO [686/1126] Opportunity
2026-09-14 11:23:31,971 INFO querying Opportunity incrementally since 2000-01-01T00:00:00Z
2026-09-14 11:23:33,438 INFO [687/1126] OpportunityCompetitor
2026-09-14 11:23:33,934 INFO querying OpportunityCompetitor incrementally since 2000-01-01T00:00:00Z
2026-09-14 11:23:34,850 INFO [688/1126] OpportunityContactRole
2026-09-14 11:23:35,408 INFO querying OpportunityContactRole incrementally since 2000-01-01T00:00:00Z
2026-09-14 11:23:36,277 INFO [689/1126] OpportunityFeed
2026-09-14 11:23:36,849 INFO querying OpportunityFeed incrementally since 2000-01-01T00:00:00Z
2026-09-14 11:23:37,743 INFO [690/1126] OpportunityFieldHistory
2026-09-14 11:23:38,194 INFO querying OpportunityFieldHistory (full)
2026-09-14 11:23:38,826 INFO [691/1126] OpportunityHistory
2026-09-14 11:23:39,280 INFO querying OpportunityHistory (full)
2026-09-14 11:23:40,132 INFO [692/1126] OpportunityLineItem
2026-09-14 11:23:40,843 INFO querying OpportunityLineItem incrementally since 2000-01-01T00:00:00Z
2026-09-14 11:23:41,758 INFO [693/1126] OpportunityPartner
2026-09-14 11:23:42,322 INFO querying OpportunityPartner incrementally since 2000-01-01T00:00:00Z
2026-09-14 11:23:43,530 INFO [694/1126] OpportunityRelatedDeleteLog
2026-09-14 11:23:44,091 INFO querying OpportunityRelatedDeleteLog incrementally since 2000-01-01T00:00:00Z
2026-09-14 11:23:44,945 INFO [695/1126] OpportunityShare
2026-09-14 11:23:45,515 INFO querying OpportunityShare incrementally since 2000-01-01T00:00:00Z
2026-09-14 11:23:46,548 INFO [696/1126] OpportunityStage
2026-09-14 11:23:47,104 INFO querying OpportunityStage incrementally since 2000-01-01T00:00:00Z
2026-09-14 11:23:48,194 INFO [697/1126] Order
2026-09-14 11:23:49,087 INFO querying Order incrementally since 2000-01-01T00:00:00Z
2026-09-14 11:23:49,944 INFO [698/1126] OrderFeed
2026-09-14 11:23:50,525 INFO querying OrderFeed incrementally since 2000-01-01T00:00:00Z
2026-09-14 11:23:51,493 INFO [699/1126] OrderHistory
2026-09-14 11:23:51,966 INFO querying OrderHistory (full)
2026-09-14 11:23:52,535 INFO [700/1126] OrderItem
2026-09-14 11:23:53,122 INFO querying OrderItem incrementally since 2000-01-01T00:00:00Z
2026-09-14 11:23:54,064 INFO [701/1126] OrderItemFeed
2026-09-14 11:23:54,671 INFO querying OrderItemFeed incrementally since 2000-01-01T00:00:00Z
2026-09-14 11:23:55,734 INFO [702/1126] OrderItemHistory
2026-09-14 11:23:56,171 INFO querying OrderItemHistory (full)
2026-09-14 11:23:56,663 INFO [703/1126] OrderShare
2026-09-14 11:23:57,362 INFO querying OrderShare incrementally since 2000-01-01T00:00:00Z
2026-09-14 11:23:58,207 INFO [704/1126] OrderStatus
2026-09-14 11:23:58,723 INFO querying OrderStatus incrementally since 2000-01-01T00:00:00Z
2026-09-14 11:23:59,799 INFO [705/1126] OrgEmailAddressSecurity
2026-09-14 11:24:00,243 INFO querying OrgEmailAddressSecurity (full)
2026-09-14 11:24:00,767 INFO [706/1126] OrgMetric
2026-09-14 11:24:01,350 INFO querying OrgMetric incrementally since 2000-01-01T00:00:00Z
2026-09-14 11:24:02,233 INFO [707/1126] OrgMetricScanSummary
2026-09-14 11:24:02,819 INFO querying OrgMetricScanSummary incrementally since 2000-01-01T00:00:00Z
2026-09-14 11:24:03,705 INFO [708/1126] OrgWideEmailAddress
2026-09-14 11:24:04,252 INFO querying OrgWideEmailAddress incrementally since 2000-01-01T00:00:00Z
2026-09-14 11:24:05,095 INFO [709/1126] Organization
2026-09-14 11:24:05,967 INFO querying Organization incrementally since 2000-01-01T00:00:00Z
2026-09-14 11:24:07,047 INFO [710/1126] OutgoingEmail
2026-09-14 11:24:07,543 INFO querying OutgoingEmail (full)
2026-09-14 11:24:07,914 ERROR failed to load OutgoingEmail, skipping and continuing with the rest
Traceback (most recent call last):
  File "C:\Users\thecl\AppData\Local\Packages\PythonSoftwareFoundation.Python.3.11_qbz5n2kfra8p0\LocalCache\local-packages\Python311\site-packages\dlt\extract\pipe_iterator.py", line 274, in _get_source_item
    pipe_item = next(gen)
                ^^^^^^^^^
  File "C:\Users\thecl\OneDrive\Desktop\creditflow-data-warehouse\etl\salesforce_pipeline.py", line 147, in _resource
    for batch in paged_records(sf, soql):
  File "C:\Users\thecl\OneDrive\Desktop\creditflow-data-warehouse\etl\salesforce_pipeline.py", line 122, in paged_records
    for record in run_query_page(sf, soql):
  File "C:\Users\thecl\AppData\Local\Packages\PythonSoftwareFoundation.Python.3.11_qbz5n2kfra8p0\LocalCache\local-packages\Python311\site-packages\simple_salesforce\api.py", line 634, in query_all_iter
    result = self.query(query,
             ^^^^^^^^^^^^^^^^^
  File "C:\Users\thecl\AppData\Local\Packages\PythonSoftwareFoundation.Python.3.11_qbz5n2kfra8p0\LocalCache\local-packages\Python311\site-packages\simple_salesforce\api.py", line 568, in query
    result = self._call_salesforce('GET',
             ^^^^^^^^^^^^^^^^^^^^^^^^^^^^
  File "C:\Users\thecl\AppData\Local\Packages\PythonSoftwareFoundation.Python.3.11_qbz5n2kfra8p0\LocalCache\local-packages\Python311\site-packages\simple_salesforce\api.py", line 787, in _call_salesforce
    exception_handler(result,
  File "C:\Users\thecl\AppData\Local\Packages\PythonSoftwareFoundation.Python.3.11_qbz5n2kfra8p0\LocalCache\local-packages\Python311\site-packages\simple_salesforce\util.py", line 89, in exception_handler
    raise exc_cls(result.url, result.status_code, name, response_content)
simple_salesforce.exceptions.SalesforceMalformedRequest: Malformed request https://orgfarm-568b3bcb1a-dev-ed.develop.my.salesforce.com/services/data/v59.0/query/?q=SELECT+Id%2C+ExternalId%2C+ValidatedFromAddress%2C+ToAddress%2C+CcAddress%2C+BccAddress%2C+Subject%2C+TextBody%2C+HtmlBody%2C+RelatedToId%2C+WhoId%2C+EmailTemplateId%2C+InReplyTo%2C+References%2C+MessageId+FROM+OutgoingEmail. Response content: [{'message': 'This query is not supported on the OutgoingEmail object.', 'errorCode': 'EXTERNAL_OBJECT_UNSUPPORTED_EXCEPTION'}]

The above exception was the direct cause of the following exception:

Traceback (most recent call last):
  File "C:\Users\thecl\AppData\Local\Packages\PythonSoftwareFoundation.Python.3.11_qbz5n2kfra8p0\LocalCache\local-packages\Python311\site-packages\dlt\pipeline\pipeline.py", line 507, in extract
    self._extract_source(
  File "C:\Users\thecl\AppData\Local\Packages\PythonSoftwareFoundation.Python.3.11_qbz5n2kfra8p0\LocalCache\local-packages\Python311\site-packages\dlt\pipeline\pipeline.py", line 1661, in _extract_source
    load_id = extract.extract(
              ^^^^^^^^^^^^^^^^
  File "C:\Users\thecl\AppData\Local\Packages\PythonSoftwareFoundation.Python.3.11_qbz5n2kfra8p0\LocalCache\local-packages\Python311\site-packages\dlt\extract\extract.py", line 608, in extract
    self._extract_single_source(
  File "C:\Users\thecl\AppData\Local\Packages\PythonSoftwareFoundation.Python.3.11_qbz5n2kfra8p0\LocalCache\local-packages\Python311\site-packages\dlt\extract\extract.py", line 525, in _extract_single_source
    for pipe_item in pipes:
  File "C:\Users\thecl\AppData\Local\Packages\PythonSoftwareFoundation.Python.3.11_qbz5n2kfra8p0\LocalCache\local-packages\Python311\site-packages\dlt\extract\pipe_iterator.py", line 158, in __next__
    pipe_item = self._get_source_item()
                ^^^^^^^^^^^^^^^^^^^^^^^
  File "C:\Users\thecl\AppData\Local\Packages\PythonSoftwareFoundation.Python.3.11_qbz5n2kfra8p0\LocalCache\local-packages\Python311\site-packages\dlt\extract\pipe_iterator.py", line 304, in _get_source_item
    raise ResourceExtractionError(pipe.name, gen, str(ex), "generator") from ex
dlt.extract.exceptions.ResourceExtractionError: In processing pipe `outgoingemail`: extraction of resource `outgoingemail` in `generator` `_resource` caused an exception: Malformed request https://orgfarm-568b3bcb1a-dev-ed.develop.my.salesforce.com/services/data/v59.0/query/?q=SELECT+Id%2C+ExternalId%2C+ValidatedFromAddress%2C+ToAddress%2C+CcAddress%2C+BccAddress%2C+Subject%2C+TextBody%2C+HtmlBody%2C+RelatedToId%2C+WhoId%2C+EmailTemplateId%2C+InReplyTo%2C+References%2C+MessageId+FROM+OutgoingEmail. Response content: [{'message': 'This query is not supported on the OutgoingEmail object.', 'errorCode': 'EXTERNAL_OBJECT_UNSUPPORTED_EXCEPTION'}]

The above exception was the direct cause of the following exception:

Traceback (most recent call last):
  File "C:\Users\thecl\OneDrive\Desktop\creditflow-data-warehouse\etl\salesforce_pipeline.py", line 192, in run
    load_info = pipeline.run(resource())
                ^^^^^^^^^^^^^^^^^^^^^^^^
  File "C:\Users\thecl\AppData\Local\Packages\PythonSoftwareFoundation.Python.3.11_qbz5n2kfra8p0\LocalCache\local-packages\Python311\site-packages\dlt\pipeline\pipeline.py", line 237, in _wrap
    step_info = f(self, *args, **kwargs)
                ^^^^^^^^^^^^^^^^^^^^^^^^
  File "C:\Users\thecl\AppData\Local\Packages\PythonSoftwareFoundation.Python.3.11_qbz5n2kfra8p0\LocalCache\local-packages\Python311\site-packages\dlt\pipeline\pipeline.py", line 285, in _wrap
    return f(self, *args, **kwargs)
           ^^^^^^^^^^^^^^^^^^^^^^^^
  File "C:\Users\thecl\AppData\Local\Packages\PythonSoftwareFoundation.Python.3.11_qbz5n2kfra8p0\LocalCache\local-packages\Python311\site-packages\dlt\pipeline\pipeline.py", line 815, in run
    self.extract(
  File "C:\Users\thecl\AppData\Local\Packages\PythonSoftwareFoundation.Python.3.11_qbz5n2kfra8p0\LocalCache\local-packages\Python311\site-packages\dlt\pipeline\pipeline.py", line 237, in _wrap
    step_info = f(self, *args, **kwargs)
                ^^^^^^^^^^^^^^^^^^^^^^^^
  File "C:\Users\thecl\AppData\Local\Packages\PythonSoftwareFoundation.Python.3.11_qbz5n2kfra8p0\LocalCache\local-packages\Python311\site-packages\dlt\pipeline\pipeline.py", line 176, in _wrap
    return f(self, *args, **kwargs)
           ^^^^^^^^^^^^^^^^^^^^^^^^
  File "C:\Users\thecl\AppData\Local\Packages\PythonSoftwareFoundation.Python.3.11_qbz5n2kfra8p0\LocalCache\local-packages\Python311\site-packages\dlt\pipeline\pipeline.py", line 190, in _wrap
    rv = f(self, *args, **kwargs)
         ^^^^^^^^^^^^^^^^^^^^^^^^
  File "C:\Users\thecl\AppData\Local\Packages\PythonSoftwareFoundation.Python.3.11_qbz5n2kfra8p0\LocalCache\local-packages\Python311\site-packages\dlt\pipeline\pipeline.py", line 285, in _wrap
    return f(self, *args, **kwargs)
           ^^^^^^^^^^^^^^^^^^^^^^^^
  File "C:\Users\thecl\AppData\Local\Packages\PythonSoftwareFoundation.Python.3.11_qbz5n2kfra8p0\LocalCache\local-packages\Python311\site-packages\dlt\pipeline\pipeline.py", line 530, in extract
    raise PipelineStepFailed(
dlt.pipeline.exceptions.PipelineStepFailed: Pipeline execution failed at `step=extract` when processing package with `load_id=1789367047.5250018` with exception:

<class 'dlt.extract.exceptions.ResourceExtractionError'>
In processing pipe `outgoingemail`: extraction of resource `outgoingemail` in `generator` `_resource` caused an exception: Malformed request https://orgfarm-568b3bcb1a-dev-ed.develop.my.salesforce.com/services/data/v59.0/query/?q=SELECT+Id%2C+ExternalId%2C+ValidatedFromAddress%2C+ToAddress%2C+CcAddress%2C+BccAddress%2C+Subject%2C+TextBody%2C+HtmlBody%2C+RelatedToId%2C+WhoId%2C+EmailTemplateId%2C+InReplyTo%2C+References%2C+MessageId+FROM+OutgoingEmail. Response content: [{'message': 'This query is not supported on the OutgoingEmail object.', 'errorCode': 'EXTERNAL_OBJECT_UNSUPPORTED_EXCEPTION'}]
2026-09-14 11:24:07,916 INFO [711/1126] OutgoingEmailRelation
2026-09-14 11:24:08,371 INFO querying OutgoingEmailRelation (full)
2026-09-14 11:24:08,710 ERROR failed to load OutgoingEmailRelation, skipping and continuing with the rest
Traceback (most recent call last):
  File "C:\Users\thecl\AppData\Local\Packages\PythonSoftwareFoundation.Python.3.11_qbz5n2kfra8p0\LocalCache\local-packages\Python311\site-packages\dlt\extract\pipe_iterator.py", line 274, in _get_source_item
    pipe_item = next(gen)
                ^^^^^^^^^
  File "C:\Users\thecl\OneDrive\Desktop\creditflow-data-warehouse\etl\salesforce_pipeline.py", line 147, in _resource
    for batch in paged_records(sf, soql):
  File "C:\Users\thecl\OneDrive\Desktop\creditflow-data-warehouse\etl\salesforce_pipeline.py", line 122, in paged_records
    for record in run_query_page(sf, soql):
  File "C:\Users\thecl\AppData\Local\Packages\PythonSoftwareFoundation.Python.3.11_qbz5n2kfra8p0\LocalCache\local-packages\Python311\site-packages\simple_salesforce\api.py", line 634, in query_all_iter
    result = self.query(query,
             ^^^^^^^^^^^^^^^^^
  File "C:\Users\thecl\AppData\Local\Packages\PythonSoftwareFoundation.Python.3.11_qbz5n2kfra8p0\LocalCache\local-packages\Python311\site-packages\simple_salesforce\api.py", line 568, in query
    result = self._call_salesforce('GET',
             ^^^^^^^^^^^^^^^^^^^^^^^^^^^^
  File "C:\Users\thecl\AppData\Local\Packages\PythonSoftwareFoundation.Python.3.11_qbz5n2kfra8p0\LocalCache\local-packages\Python311\site-packages\simple_salesforce\api.py", line 787, in _call_salesforce
    exception_handler(result,
  File "C:\Users\thecl\AppData\Local\Packages\PythonSoftwareFoundation.Python.3.11_qbz5n2kfra8p0\LocalCache\local-packages\Python311\site-packages\simple_salesforce\util.py", line 89, in exception_handler
    raise exc_cls(result.url, result.status_code, name, response_content)
simple_salesforce.exceptions.SalesforceMalformedRequest: Malformed request https://orgfarm-568b3bcb1a-dev-ed.develop.my.salesforce.com/services/data/v59.0/query/?q=SELECT+Id%2C+ExternalId%2C+OutgoingEmailId%2C+RelationId%2C+RelationAddress+FROM+OutgoingEmailRelation. Response content: [{'message': 'This query is not supported on the OutgoingEmail object.', 'errorCode': 'EXTERNAL_OBJECT_UNSUPPORTED_EXCEPTION'}]

The above exception was the direct cause of the following exception:

Traceback (most recent call last):
  File "C:\Users\thecl\AppData\Local\Packages\PythonSoftwareFoundation.Python.3.11_qbz5n2kfra8p0\LocalCache\local-packages\Python311\site-packages\dlt\pipeline\pipeline.py", line 507, in extract
    self._extract_source(
  File "C:\Users\thecl\AppData\Local\Packages\PythonSoftwareFoundation.Python.3.11_qbz5n2kfra8p0\LocalCache\local-packages\Python311\site-packages\dlt\pipeline\pipeline.py", line 1661, in _extract_source
    load_id = extract.extract(
              ^^^^^^^^^^^^^^^^
  File "C:\Users\thecl\AppData\Local\Packages\PythonSoftwareFoundation.Python.3.11_qbz5n2kfra8p0\LocalCache\local-packages\Python311\site-packages\dlt\extract\extract.py", line 608, in extract
    self._extract_single_source(
  File "C:\Users\thecl\AppData\Local\Packages\PythonSoftwareFoundation.Python.3.11_qbz5n2kfra8p0\LocalCache\local-packages\Python311\site-packages\dlt\extract\extract.py", line 525, in _extract_single_source
    for pipe_item in pipes:
  File "C:\Users\thecl\AppData\Local\Packages\PythonSoftwareFoundation.Python.3.11_qbz5n2kfra8p0\LocalCache\local-packages\Python311\site-packages\dlt\extract\pipe_iterator.py", line 158, in __next__
    pipe_item = self._get_source_item()
                ^^^^^^^^^^^^^^^^^^^^^^^
  File "C:\Users\thecl\AppData\Local\Packages\PythonSoftwareFoundation.Python.3.11_qbz5n2kfra8p0\LocalCache\local-packages\Python311\site-packages\dlt\extract\pipe_iterator.py", line 304, in _get_source_item
    raise ResourceExtractionError(pipe.name, gen, str(ex), "generator") from ex
dlt.extract.exceptions.ResourceExtractionError: In processing pipe `outgoingemailrelation`: extraction of resource `outgoingemailrelation` in `generator` `_resource` caused an exception: Malformed request https://orgfarm-568b3bcb1a-dev-ed.develop.my.salesforce.com/services/data/v59.0/query/?q=SELECT+Id%2C+ExternalId%2C+OutgoingEmailId%2C+RelationId%2C+RelationAddress+FROM+OutgoingEmailRelation. Response content: [{'message': 'This query is not supported on the OutgoingEmail object.', 'errorCode': 'EXTERNAL_OBJECT_UNSUPPORTED_EXCEPTION'}]

The above exception was the direct cause of the following exception:

Traceback (most recent call last):
  File "C:\Users\thecl\OneDrive\Desktop\creditflow-data-warehouse\etl\salesforce_pipeline.py", line 192, in run
    load_info = pipeline.run(resource())
                ^^^^^^^^^^^^^^^^^^^^^^^^
  File "C:\Users\thecl\AppData\Local\Packages\PythonSoftwareFoundation.Python.3.11_qbz5n2kfra8p0\LocalCache\local-packages\Python311\site-packages\dlt\pipeline\pipeline.py", line 237, in _wrap
    step_info = f(self, *args, **kwargs)
                ^^^^^^^^^^^^^^^^^^^^^^^^
  File "C:\Users\thecl\AppData\Local\Packages\PythonSoftwareFoundation.Python.3.11_qbz5n2kfra8p0\LocalCache\local-packages\Python311\site-packages\dlt\pipeline\pipeline.py", line 285, in _wrap
    return f(self, *args, **kwargs)
           ^^^^^^^^^^^^^^^^^^^^^^^^
  File "C:\Users\thecl\AppData\Local\Packages\PythonSoftwareFoundation.Python.3.11_qbz5n2kfra8p0\LocalCache\local-packages\Python311\site-packages\dlt\pipeline\pipeline.py", line 815, in run
    self.extract(
  File "C:\Users\thecl\AppData\Local\Packages\PythonSoftwareFoundation.Python.3.11_qbz5n2kfra8p0\LocalCache\local-packages\Python311\site-packages\dlt\pipeline\pipeline.py", line 237, in _wrap
    step_info = f(self, *args, **kwargs)
                ^^^^^^^^^^^^^^^^^^^^^^^^
  File "C:\Users\thecl\AppData\Local\Packages\PythonSoftwareFoundation.Python.3.11_qbz5n2kfra8p0\LocalCache\local-packages\Python311\site-packages\dlt\pipeline\pipeline.py", line 176, in _wrap
    return f(self, *args, **kwargs)
           ^^^^^^^^^^^^^^^^^^^^^^^^
  File "C:\Users\thecl\AppData\Local\Packages\PythonSoftwareFoundation.Python.3.11_qbz5n2kfra8p0\LocalCache\local-packages\Python311\site-packages\dlt\pipeline\pipeline.py", line 190, in _wrap
    rv = f(self, *args, **kwargs)
         ^^^^^^^^^^^^^^^^^^^^^^^^
  File "C:\Users\thecl\AppData\Local\Packages\PythonSoftwareFoundation.Python.3.11_qbz5n2kfra8p0\LocalCache\local-packages\Python311\site-packages\dlt\pipeline\pipeline.py", line 285, in _wrap
    return f(self, *args, **kwargs)
           ^^^^^^^^^^^^^^^^^^^^^^^^
  File "C:\Users\thecl\AppData\Local\Packages\PythonSoftwareFoundation.Python.3.11_qbz5n2kfra8p0\LocalCache\local-packages\Python311\site-packages\dlt\pipeline\pipeline.py", line 530, in extract
    raise PipelineStepFailed(
dlt.pipeline.exceptions.PipelineStepFailed: Pipeline execution failed at `step=extract` when processing package with `load_id=1789367048.3527772` with exception:

<class 'dlt.extract.exceptions.ResourceExtractionError'>
In processing pipe `outgoingemailrelation`: extraction of resource `outgoingemailrelation` in `generator` `_resource` caused an exception: Malformed request https://orgfarm-568b3bcb1a-dev-ed.develop.my.salesforce.com/services/data/v59.0/query/?q=SELECT+Id%2C+ExternalId%2C+OutgoingEmailId%2C+RelationId%2C+RelationAddress+FROM+OutgoingEmailRelation. Response content: [{'message': 'This query is not supported on the OutgoingEmail object.', 'errorCode': 'EXTERNAL_OBJECT_UNSUPPORTED_EXCEPTION'}]
2026-09-14 11:24:08,712 INFO [712/1126] OwnerChangeOptionInfo
2026-09-14 11:24:09,171 INFO querying OwnerChangeOptionInfo (full)
2026-09-14 11:24:09,519 ERROR failed to load OwnerChangeOptionInfo, skipping and continuing with the rest
Traceback (most recent call last):
  File "C:\Users\thecl\AppData\Local\Packages\PythonSoftwareFoundation.Python.3.11_qbz5n2kfra8p0\LocalCache\local-packages\Python311\site-packages\dlt\extract\pipe_iterator.py", line 274, in _get_source_item
    pipe_item = next(gen)
                ^^^^^^^^^
  File "C:\Users\thecl\OneDrive\Desktop\creditflow-data-warehouse\etl\salesforce_pipeline.py", line 147, in _resource
    for batch in paged_records(sf, soql):
  File "C:\Users\thecl\OneDrive\Desktop\creditflow-data-warehouse\etl\salesforce_pipeline.py", line 122, in paged_records
    for record in run_query_page(sf, soql):
  File "C:\Users\thecl\AppData\Local\Packages\PythonSoftwareFoundation.Python.3.11_qbz5n2kfra8p0\LocalCache\local-packages\Python311\site-packages\simple_salesforce\api.py", line 634, in query_all_iter
    result = self.query(query,
             ^^^^^^^^^^^^^^^^^
  File "C:\Users\thecl\AppData\Local\Packages\PythonSoftwareFoundation.Python.3.11_qbz5n2kfra8p0\LocalCache\local-packages\Python311\site-packages\simple_salesforce\api.py", line 568, in query
    result = self._call_salesforce('GET',
             ^^^^^^^^^^^^^^^^^^^^^^^^^^^^
  File "C:\Users\thecl\AppData\Local\Packages\PythonSoftwareFoundation.Python.3.11_qbz5n2kfra8p0\LocalCache\local-packages\Python311\site-packages\simple_salesforce\api.py", line 787, in _call_salesforce
    exception_handler(result,
  File "C:\Users\thecl\AppData\Local\Packages\PythonSoftwareFoundation.Python.3.11_qbz5n2kfra8p0\LocalCache\local-packages\Python311\site-packages\simple_salesforce\util.py", line 89, in exception_handler
    raise exc_cls(result.url, result.status_code, name, response_content)
simple_salesforce.exceptions.SalesforceMalformedRequest: Malformed request https://orgfarm-568b3bcb1a-dev-ed.develop.my.salesforce.com/services/data/v59.0/query/?q=SELECT+Id%2C+DurableId%2C+EntityDefinitionId%2C+Name%2C+Label%2C+IsEditable%2C+DefaultValue%2C+ParentId+FROM+OwnerChangeOptionInfo. Response content: [{'message': 'OwnerChangeOptionInfo: a filter on a reified column is required [EntityDefinitionId,DurableId]', 'errorCode': 'MALFORMED_QUERY'}]

The above exception was the direct cause of the following exception:

Traceback (most recent call last):
  File "C:\Users\thecl\AppData\Local\Packages\PythonSoftwareFoundation.Python.3.11_qbz5n2kfra8p0\LocalCache\local-packages\Python311\site-packages\dlt\pipeline\pipeline.py", line 507, in extract
    self._extract_source(
  File "C:\Users\thecl\AppData\Local\Packages\PythonSoftwareFoundation.Python.3.11_qbz5n2kfra8p0\LocalCache\local-packages\Python311\site-packages\dlt\pipeline\pipeline.py", line 1661, in _extract_source
    load_id = extract.extract(
              ^^^^^^^^^^^^^^^^
  File "C:\Users\thecl\AppData\Local\Packages\PythonSoftwareFoundation.Python.3.11_qbz5n2kfra8p0\LocalCache\local-packages\Python311\site-packages\dlt\extract\extract.py", line 608, in extract
    self._extract_single_source(
  File "C:\Users\thecl\AppData\Local\Packages\PythonSoftwareFoundation.Python.3.11_qbz5n2kfra8p0\LocalCache\local-packages\Python311\site-packages\dlt\extract\extract.py", line 525, in _extract_single_source
    for pipe_item in pipes:
  File "C:\Users\thecl\AppData\Local\Packages\PythonSoftwareFoundation.Python.3.11_qbz5n2kfra8p0\LocalCache\local-packages\Python311\site-packages\dlt\extract\pipe_iterator.py", line 158, in __next__
    pipe_item = self._get_source_item()
                ^^^^^^^^^^^^^^^^^^^^^^^
  File "C:\Users\thecl\AppData\Local\Packages\PythonSoftwareFoundation.Python.3.11_qbz5n2kfra8p0\LocalCache\local-packages\Python311\site-packages\dlt\extract\pipe_iterator.py", line 304, in _get_source_item
    raise ResourceExtractionError(pipe.name, gen, str(ex), "generator") from ex
dlt.extract.exceptions.ResourceExtractionError: In processing pipe `ownerchangeoptioninfo`: extraction of resource `ownerchangeoptioninfo` in `generator` `_resource` caused an exception: Malformed request https://orgfarm-568b3bcb1a-dev-ed.develop.my.salesforce.com/services/data/v59.0/query/?q=SELECT+Id%2C+DurableId%2C+EntityDefinitionId%2C+Name%2C+Label%2C+IsEditable%2C+DefaultValue%2C+ParentId+FROM+OwnerChangeOptionInfo. Response content: [{'message': 'OwnerChangeOptionInfo: a filter on a reified column is required [EntityDefinitionId,DurableId]', 'errorCode': 'MALFORMED_QUERY'}]

The above exception was the direct cause of the following exception:

Traceback (most recent call last):
  File "C:\Users\thecl\OneDrive\Desktop\creditflow-data-warehouse\etl\salesforce_pipeline.py", line 192, in run
    load_info = pipeline.run(resource())
                ^^^^^^^^^^^^^^^^^^^^^^^^
  File "C:\Users\thecl\AppData\Local\Packages\PythonSoftwareFoundation.Python.3.11_qbz5n2kfra8p0\LocalCache\local-packages\Python311\site-packages\dlt\pipeline\pipeline.py", line 237, in _wrap
    step_info = f(self, *args, **kwargs)
                ^^^^^^^^^^^^^^^^^^^^^^^^
  File "C:\Users\thecl\AppData\Local\Packages\PythonSoftwareFoundation.Python.3.11_qbz5n2kfra8p0\LocalCache\local-packages\Python311\site-packages\dlt\pipeline\pipeline.py", line 285, in _wrap
    return f(self, *args, **kwargs)
           ^^^^^^^^^^^^^^^^^^^^^^^^
  File "C:\Users\thecl\AppData\Local\Packages\PythonSoftwareFoundation.Python.3.11_qbz5n2kfra8p0\LocalCache\local-packages\Python311\site-packages\dlt\pipeline\pipeline.py", line 815, in run
    self.extract(
  File "C:\Users\thecl\AppData\Local\Packages\PythonSoftwareFoundation.Python.3.11_qbz5n2kfra8p0\LocalCache\local-packages\Python311\site-packages\dlt\pipeline\pipeline.py", line 237, in _wrap
    step_info = f(self, *args, **kwargs)
                ^^^^^^^^^^^^^^^^^^^^^^^^
  File "C:\Users\thecl\AppData\Local\Packages\PythonSoftwareFoundation.Python.3.11_qbz5n2kfra8p0\LocalCache\local-packages\Python311\site-packages\dlt\pipeline\pipeline.py", line 176, in _wrap
    return f(self, *args, **kwargs)
           ^^^^^^^^^^^^^^^^^^^^^^^^
  File "C:\Users\thecl\AppData\Local\Packages\PythonSoftwareFoundation.Python.3.11_qbz5n2kfra8p0\LocalCache\local-packages\Python311\site-packages\dlt\pipeline\pipeline.py", line 190, in _wrap
    rv = f(self, *args, **kwargs)
         ^^^^^^^^^^^^^^^^^^^^^^^^
  File "C:\Users\thecl\AppData\Local\Packages\PythonSoftwareFoundation.Python.3.11_qbz5n2kfra8p0\LocalCache\local-packages\Python311\site-packages\dlt\pipeline\pipeline.py", line 285, in _wrap
    return f(self, *args, **kwargs)
           ^^^^^^^^^^^^^^^^^^^^^^^^
  File "C:\Users\thecl\AppData\Local\Packages\PythonSoftwareFoundation.Python.3.11_qbz5n2kfra8p0\LocalCache\local-packages\Python311\site-packages\dlt\pipeline\pipeline.py", line 530, in extract
    raise PipelineStepFailed(
dlt.pipeline.exceptions.PipelineStepFailed: Pipeline execution failed at `step=extract` when processing package with `load_id=1789367049.1537902` with exception:

<class 'dlt.extract.exceptions.ResourceExtractionError'>
In processing pipe `ownerchangeoptioninfo`: extraction of resource `ownerchangeoptioninfo` in `generator` `_resource` caused an exception: Malformed request https://orgfarm-568b3bcb1a-dev-ed.develop.my.salesforce.com/services/data/v59.0/query/?q=SELECT+Id%2C+DurableId%2C+EntityDefinitionId%2C+Name%2C+Label%2C+IsEditable%2C+DefaultValue%2C+ParentId+FROM+OwnerChangeOptionInfo. Response content: [{'message': 'OwnerChangeOptionInfo: a filter on a reified column is required [EntityDefinitionId,DurableId]', 'errorCode': 'MALFORMED_QUERY'}]
2026-09-14 11:24:09,521 INFO [713/1126] PackageLicense
2026-09-14 11:24:10,189 INFO querying PackageLicense incrementally since 2000-01-01T00:00:00Z
2026-09-14 11:24:11,492 INFO [714/1126] Participant
2026-09-14 11:24:12,070 INFO querying Participant incrementally since 2000-01-01T00:00:00Z
2026-09-14 11:24:13,002 INFO [715/1126] Partner
2026-09-14 11:24:13,611 INFO querying Partner incrementally since 2000-01-01T00:00:00Z
2026-09-14 11:24:14,539 INFO [716/1126] PartnerRole
2026-09-14 11:24:15,105 INFO querying PartnerRole incrementally since 2000-01-01T00:00:00Z
2026-09-14 11:24:16,223 INFO [717/1126] PartyConsent
2026-09-14 11:24:16,815 INFO querying PartyConsent incrementally since 2000-01-01T00:00:00Z
2026-09-14 11:24:17,770 INFO [718/1126] PartyConsentFeed
2026-09-14 11:24:18,501 INFO querying PartyConsentFeed incrementally since 2000-01-01T00:00:00Z
2026-09-14 11:24:19,576 INFO [719/1126] PartyConsentHistory
2026-09-14 11:24:20,029 INFO querying PartyConsentHistory (full)
2026-09-14 11:24:20,543 INFO [720/1126] PartyConsentShare
2026-09-14 11:24:21,134 INFO querying PartyConsentShare incrementally since 2000-01-01T00:00:00Z
2026-09-14 11:24:22,047 INFO [721/1126] Payment
2026-09-14 11:24:22,694 INFO querying Payment incrementally since 2000-01-01T00:00:00Z
2026-09-14 11:24:23,627 INFO [722/1126] PaymentAuthAdjustment
2026-09-14 11:24:24,167 INFO querying PaymentAuthAdjustment incrementally since 2000-01-01T00:00:00Z
2026-09-14 11:24:25,246 INFO [723/1126] PaymentAuthorization
2026-09-14 11:24:25,946 INFO querying PaymentAuthorization incrementally since 2000-01-01T00:00:00Z
2026-09-14 11:24:26,915 INFO [724/1126] PaymentFeed
2026-09-14 11:24:27,494 INFO querying PaymentFeed incrementally since 2000-01-01T00:00:00Z
2026-09-14 11:24:28,449 INFO [725/1126] PaymentGateway
2026-09-14 11:24:29,258 INFO querying PaymentGateway incrementally since 2000-01-01T00:00:00Z
2026-09-14 11:24:30,699 INFO [726/1126] PaymentGatewayLog
2026-09-14 11:24:31,619 INFO querying PaymentGatewayLog incrementally since 2000-01-01T00:00:00Z
2026-09-14 11:24:32,520 INFO [727/1126] PaymentGatewayProvider
2026-09-14 11:24:33,053 INFO querying PaymentGatewayProvider incrementally since 2000-01-01T00:00:00Z
2026-09-14 11:24:33,984 INFO [728/1126] PaymentGroup
2026-09-14 11:24:34,593 INFO querying PaymentGroup incrementally since 2000-01-01T00:00:00Z
2026-09-14 11:24:35,534 INFO [729/1126] PaymentLineInvoice
2026-09-14 11:24:36,102 INFO querying PaymentLineInvoice incrementally since 2000-01-01T00:00:00Z
2026-09-14 11:24:36,957 INFO [730/1126] PaymentMethod
2026-09-14 11:24:38,329 INFO querying PaymentMethod incrementally since 2000-01-01T00:00:00Z
2026-09-14 11:24:39,231 INFO [731/1126] PendingOrderSummary
2026-09-14 11:24:39,821 INFO querying PendingOrderSummary incrementally since 2000-01-01T00:00:00Z
2026-09-14 11:24:41,442 ERROR failed to load PendingOrderSummary, skipping and continuing with the rest
Traceback (most recent call last):
  File "C:\Users\thecl\AppData\Local\Packages\PythonSoftwareFoundation.Python.3.11_qbz5n2kfra8p0\LocalCache\local-packages\Python311\site-packages\dlt\extract\pipe_iterator.py", line 274, in _get_source_item
    pipe_item = next(gen)
                ^^^^^^^^^
  File "C:\Users\thecl\OneDrive\Desktop\creditflow-data-warehouse\etl\salesforce_pipeline.py", line 140, in _resource
    for batch in paged_records(sf, soql):
  File "C:\Users\thecl\OneDrive\Desktop\creditflow-data-warehouse\etl\salesforce_pipeline.py", line 122, in paged_records
    for record in run_query_page(sf, soql):
  File "C:\Users\thecl\AppData\Local\Packages\PythonSoftwareFoundation.Python.3.11_qbz5n2kfra8p0\LocalCache\local-packages\Python311\site-packages\simple_salesforce\api.py", line 634, in query_all_iter
    result = self.query(query,
             ^^^^^^^^^^^^^^^^^
  File "C:\Users\thecl\AppData\Local\Packages\PythonSoftwareFoundation.Python.3.11_qbz5n2kfra8p0\LocalCache\local-packages\Python311\site-packages\simple_salesforce\api.py", line 568, in query
    result = self._call_salesforce('GET',
             ^^^^^^^^^^^^^^^^^^^^^^^^^^^^
  File "C:\Users\thecl\AppData\Local\Packages\PythonSoftwareFoundation.Python.3.11_qbz5n2kfra8p0\LocalCache\local-packages\Python311\site-packages\simple_salesforce\api.py", line 787, in _call_salesforce
    exception_handler(result,
  File "C:\Users\thecl\AppData\Local\Packages\PythonSoftwareFoundation.Python.3.11_qbz5n2kfra8p0\LocalCache\local-packages\Python311\site-packages\simple_salesforce\util.py", line 89, in exception_handler
    raise exc_cls(result.url, result.status_code, name, response_content)
simple_salesforce.exceptions.SalesforceMalformedRequest: Malformed request https://orgfarm-568b3bcb1a-dev-ed.develop.my.salesforce.com/services/data/v59.0/query/?q=SELECT+Id%2C+ExternalId%2C+CreatedDate%2C+CreatedById%2C+LastModifiedDate%2C+LastModifiedById%2C+SystemModstamp%2C+OrderNumber%2C+AccountId%2C+BillToContactId%2C+SalesStoreId%2C+ShopperName%2C+BillingEmailAddress%2C+BillingPhoneNumber%2C+OrderedDate%2C+GrandTotalAmount%2C+Description%2C+Payload%2C+ExternalReferenceIdentifier%2C+PayloadType%2C+ProcessingInstructions+FROM+PendingOrderSummary+WHERE+LastModifiedDate+%3E+2000-01-01T00%3A00%3A00Z. Response content: [{'message': 'You are missing the EQ predicate for your key ExternalReferenceIdentifier. Include the predicate and try again.', 'errorCode': 'INVALID_QUERY_FILTER_OPERATOR'}]

The above exception was the direct cause of the following exception:

Traceback (most recent call last):
  File "C:\Users\thecl\AppData\Local\Packages\PythonSoftwareFoundation.Python.3.11_qbz5n2kfra8p0\LocalCache\local-packages\Python311\site-packages\dlt\pipeline\pipeline.py", line 507, in extract
    self._extract_source(
  File "C:\Users\thecl\AppData\Local\Packages\PythonSoftwareFoundation.Python.3.11_qbz5n2kfra8p0\LocalCache\local-packages\Python311\site-packages\dlt\pipeline\pipeline.py", line 1661, in _extract_source
    load_id = extract.extract(
              ^^^^^^^^^^^^^^^^
  File "C:\Users\thecl\AppData\Local\Packages\PythonSoftwareFoundation.Python.3.11_qbz5n2kfra8p0\LocalCache\local-packages\Python311\site-packages\dlt\extract\extract.py", line 608, in extract
    self._extract_single_source(
  File "C:\Users\thecl\AppData\Local\Packages\PythonSoftwareFoundation.Python.3.11_qbz5n2kfra8p0\LocalCache\local-packages\Python311\site-packages\dlt\extract\extract.py", line 525, in _extract_single_source
    for pipe_item in pipes:
  File "C:\Users\thecl\AppData\Local\Packages\PythonSoftwareFoundation.Python.3.11_qbz5n2kfra8p0\LocalCache\local-packages\Python311\site-packages\dlt\extract\pipe_iterator.py", line 158, in __next__
    pipe_item = self._get_source_item()
                ^^^^^^^^^^^^^^^^^^^^^^^
  File "C:\Users\thecl\AppData\Local\Packages\PythonSoftwareFoundation.Python.3.11_qbz5n2kfra8p0\LocalCache\local-packages\Python311\site-packages\dlt\extract\pipe_iterator.py", line 304, in _get_source_item
    raise ResourceExtractionError(pipe.name, gen, str(ex), "generator") from ex
dlt.extract.exceptions.ResourceExtractionError: In processing pipe `pendingordersummary`: extraction of resource `pendingordersummary` in `generator` `_resource` caused an exception: Malformed request https://orgfarm-568b3bcb1a-dev-ed.develop.my.salesforce.com/services/data/v59.0/query/?q=SELECT+Id%2C+ExternalId%2C+CreatedDate%2C+CreatedById%2C+LastModifiedDate%2C+LastModifiedById%2C+SystemModstamp%2C+OrderNumber%2C+AccountId%2C+BillToContactId%2C+SalesStoreId%2C+ShopperName%2C+BillingEmailAddress%2C+BillingPhoneNumber%2C+OrderedDate%2C+GrandTotalAmount%2C+Description%2C+Payload%2C+ExternalReferenceIdentifier%2C+PayloadType%2C+ProcessingInstructions+FROM+PendingOrderSummary+WHERE+LastModifiedDate+%3E+2000-01-01T00%3A00%3A00Z. Response content: [{'message': 'You are missing the EQ predicate for your key ExternalReferenceIdentifier. Include the predicate and try again.', 'errorCode': 'INVALID_QUERY_FILTER_OPERATOR'}]

The above exception was the direct cause of the following exception:

Traceback (most recent call last):
  File "C:\Users\thecl\OneDrive\Desktop\creditflow-data-warehouse\etl\salesforce_pipeline.py", line 192, in run
    load_info = pipeline.run(resource())
                ^^^^^^^^^^^^^^^^^^^^^^^^
  File "C:\Users\thecl\AppData\Local\Packages\PythonSoftwareFoundation.Python.3.11_qbz5n2kfra8p0\LocalCache\local-packages\Python311\site-packages\dlt\pipeline\pipeline.py", line 237, in _wrap
    step_info = f(self, *args, **kwargs)
                ^^^^^^^^^^^^^^^^^^^^^^^^
  File "C:\Users\thecl\AppData\Local\Packages\PythonSoftwareFoundation.Python.3.11_qbz5n2kfra8p0\LocalCache\local-packages\Python311\site-packages\dlt\pipeline\pipeline.py", line 285, in _wrap
    return f(self, *args, **kwargs)
           ^^^^^^^^^^^^^^^^^^^^^^^^
  File "C:\Users\thecl\AppData\Local\Packages\PythonSoftwareFoundation.Python.3.11_qbz5n2kfra8p0\LocalCache\local-packages\Python311\site-packages\dlt\pipeline\pipeline.py", line 815, in run
    self.extract(
  File "C:\Users\thecl\AppData\Local\Packages\PythonSoftwareFoundation.Python.3.11_qbz5n2kfra8p0\LocalCache\local-packages\Python311\site-packages\dlt\pipeline\pipeline.py", line 237, in _wrap
    step_info = f(self, *args, **kwargs)
                ^^^^^^^^^^^^^^^^^^^^^^^^
  File "C:\Users\thecl\AppData\Local\Packages\PythonSoftwareFoundation.Python.3.11_qbz5n2kfra8p0\LocalCache\local-packages\Python311\site-packages\dlt\pipeline\pipeline.py", line 176, in _wrap
    return f(self, *args, **kwargs)
           ^^^^^^^^^^^^^^^^^^^^^^^^
  File "C:\Users\thecl\AppData\Local\Packages\PythonSoftwareFoundation.Python.3.11_qbz5n2kfra8p0\LocalCache\local-packages\Python311\site-packages\dlt\pipeline\pipeline.py", line 190, in _wrap
    rv = f(self, *args, **kwargs)
         ^^^^^^^^^^^^^^^^^^^^^^^^
  File "C:\Users\thecl\AppData\Local\Packages\PythonSoftwareFoundation.Python.3.11_qbz5n2kfra8p0\LocalCache\local-packages\Python311\site-packages\dlt\pipeline\pipeline.py", line 285, in _wrap
    return f(self, *args, **kwargs)
           ^^^^^^^^^^^^^^^^^^^^^^^^
  File "C:\Users\thecl\AppData\Local\Packages\PythonSoftwareFoundation.Python.3.11_qbz5n2kfra8p0\LocalCache\local-packages\Python311\site-packages\dlt\pipeline\pipeline.py", line 530, in extract
    raise PipelineStepFailed(
dlt.pipeline.exceptions.PipelineStepFailed: Pipeline execution failed at `step=extract` when processing package with `load_id=1789367079.737058` with exception:

<class 'dlt.extract.exceptions.ResourceExtractionError'>
In processing pipe `pendingordersummary`: extraction of resource `pendingordersummary` in `generator` `_resource` caused an exception: Malformed request https://orgfarm-568b3bcb1a-dev-ed.develop.my.salesforce.com/services/data/v59.0/query/?q=SELECT+Id%2C+ExternalId%2C+CreatedDate%2C+CreatedById%2C+LastModifiedDate%2C+LastModifiedById%2C+SystemModstamp%2C+OrderNumber%2C+AccountId%2C+BillToContactId%2C+SalesStoreId%2C+ShopperName%2C+BillingEmailAddress%2C+BillingPhoneNumber%2C+OrderedDate%2C+GrandTotalAmount%2C+Description%2C+Payload%2C+ExternalReferenceIdentifier%2C+PayloadType%2C+ProcessingInstructions+FROM+PendingOrderSummary+WHERE+LastModifiedDate+%3E+2000-01-01T00%3A00%3A00Z. Response content: [{'message': 'You are missing the EQ predicate for your key ExternalReferenceIdentifier. Include the predicate and try again.', 'errorCode': 'INVALID_QUERY_FILTER_OPERATOR'}]
2026-09-14 11:24:41,445 INFO [732/1126] PendingServiceRouting
2026-09-14 11:24:42,101 INFO querying PendingServiceRouting incrementally since 2000-01-01T00:00:00Z
2026-09-14 11:24:43,189 INFO [733/1126] PendingServiceRoutingInteractionInfo
2026-09-14 11:24:43,793 INFO querying PendingServiceRoutingInteractionInfo incrementally since 2000-01-01T00:00:00Z
2026-09-14 11:24:44,814 INFO [734/1126] PendingServiceRoutingShare
2026-09-14 11:24:45,424 INFO querying PendingServiceRoutingShare incrementally since 2000-01-01T00:00:00Z
2026-09-14 11:24:46,340 INFO [735/1126] Period
2026-09-14 11:24:46,816 INFO querying Period (full)
2026-09-14 11:24:48,170 INFO [736/1126] PermissionSet
2026-09-14 11:24:49,072 INFO querying PermissionSet incrementally since 2000-01-01T00:00:00Z
2026-09-14 11:24:54,849 INFO [737/1126] PermissionSetAssignment
2026-09-14 11:24:55,365 INFO querying PermissionSetAssignment (full)
2026-09-14 11:24:56,216 INFO [738/1126] PermissionSetEventStore
2026-09-14 11:24:56,706 INFO querying PermissionSetEventStore (full)
2026-09-14 11:24:57,382 INFO [739/1126] PermissionSetGroup
2026-09-14 11:24:57,988 INFO querying PermissionSetGroup incrementally since 2000-01-01T00:00:00Z
2026-09-14 11:24:59,166 INFO [740/1126] PermissionSetGroupComponent
2026-09-14 11:24:59,688 INFO querying PermissionSetGroupComponent incrementally since 2000-01-01T00:00:00Z
2026-09-14 11:25:00,884 INFO [741/1126] PermissionSetLicense
2026-09-14 11:25:01,745 INFO querying PermissionSetLicense incrementally since 2000-01-01T00:00:00Z
2026-09-14 11:25:04,689 INFO [742/1126] PermissionSetLicenseAssign
2026-09-14 11:25:05,512 INFO querying PermissionSetLicenseAssign incrementally since 2000-01-01T00:00:00Z
2026-09-14 11:25:06,753 INFO [743/1126] PermissionSetTabSetting
2026-09-14 11:25:07,255 INFO querying PermissionSetTabSetting (full)
2026-09-14 11:25:28,164 INFO [744/1126] PicklistValueInfo
2026-09-14 11:25:28,696 INFO querying PicklistValueInfo (full)
2026-09-14 11:25:29,045 ERROR failed to load PicklistValueInfo, skipping and continuing with the rest
Traceback (most recent call last):
  File "C:\Users\thecl\AppData\Local\Packages\PythonSoftwareFoundation.Python.3.11_qbz5n2kfra8p0\LocalCache\local-packages\Python311\site-packages\dlt\extract\pipe_iterator.py", line 274, in _get_source_item
    pipe_item = next(gen)
                ^^^^^^^^^
  File "C:\Users\thecl\OneDrive\Desktop\creditflow-data-warehouse\etl\salesforce_pipeline.py", line 147, in _resource
    for batch in paged_records(sf, soql):
  File "C:\Users\thecl\OneDrive\Desktop\creditflow-data-warehouse\etl\salesforce_pipeline.py", line 122, in paged_records
    for record in run_query_page(sf, soql):
  File "C:\Users\thecl\AppData\Local\Packages\PythonSoftwareFoundation.Python.3.11_qbz5n2kfra8p0\LocalCache\local-packages\Python311\site-packages\simple_salesforce\api.py", line 634, in query_all_iter
    result = self.query(query,
             ^^^^^^^^^^^^^^^^^
  File "C:\Users\thecl\AppData\Local\Packages\PythonSoftwareFoundation.Python.3.11_qbz5n2kfra8p0\LocalCache\local-packages\Python311\site-packages\simple_salesforce\api.py", line 568, in query
    result = self._call_salesforce('GET',
             ^^^^^^^^^^^^^^^^^^^^^^^^^^^^
  File "C:\Users\thecl\AppData\Local\Packages\PythonSoftwareFoundation.Python.3.11_qbz5n2kfra8p0\LocalCache\local-packages\Python311\site-packages\simple_salesforce\api.py", line 787, in _call_salesforce
    exception_handler(result,
  File "C:\Users\thecl\AppData\Local\Packages\PythonSoftwareFoundation.Python.3.11_qbz5n2kfra8p0\LocalCache\local-packages\Python311\site-packages\simple_salesforce\util.py", line 89, in exception_handler
    raise exc_cls(result.url, result.status_code, name, response_content)
simple_salesforce.exceptions.SalesforceMalformedRequest: Malformed request https://orgfarm-568b3bcb1a-dev-ed.develop.my.salesforce.com/services/data/v59.0/query/?q=SELECT+Id%2C+DurableId%2C+Value%2C+Label%2C+IsDefaultValue%2C+IsActive%2C+ValidFor%2C+EntityParticleId+FROM+PicklistValueInfo. Response content: [{'message': 'PicklistValueInfo: a filter on a reified column is required [EntityParticleId,DurableId]', 'errorCode': 'MALFORMED_QUERY'}]

The above exception was the direct cause of the following exception:

Traceback (most recent call last):
  File "C:\Users\thecl\AppData\Local\Packages\PythonSoftwareFoundation.Python.3.11_qbz5n2kfra8p0\LocalCache\local-packages\Python311\site-packages\dlt\pipeline\pipeline.py", line 507, in extract
    self._extract_source(
  File "C:\Users\thecl\AppData\Local\Packages\PythonSoftwareFoundation.Python.3.11_qbz5n2kfra8p0\LocalCache\local-packages\Python311\site-packages\dlt\pipeline\pipeline.py", line 1661, in _extract_source
    load_id = extract.extract(
              ^^^^^^^^^^^^^^^^
  File "C:\Users\thecl\AppData\Local\Packages\PythonSoftwareFoundation.Python.3.11_qbz5n2kfra8p0\LocalCache\local-packages\Python311\site-packages\dlt\extract\extract.py", line 608, in extract
    self._extract_single_source(
  File "C:\Users\thecl\AppData\Local\Packages\PythonSoftwareFoundation.Python.3.11_qbz5n2kfra8p0\LocalCache\local-packages\Python311\site-packages\dlt\extract\extract.py", line 525, in _extract_single_source
    for pipe_item in pipes:
  File "C:\Users\thecl\AppData\Local\Packages\PythonSoftwareFoundation.Python.3.11_qbz5n2kfra8p0\LocalCache\local-packages\Python311\site-packages\dlt\extract\pipe_iterator.py", line 158, in __next__
    pipe_item = self._get_source_item()
                ^^^^^^^^^^^^^^^^^^^^^^^
  File "C:\Users\thecl\AppData\Local\Packages\PythonSoftwareFoundation.Python.3.11_qbz5n2kfra8p0\LocalCache\local-packages\Python311\site-packages\dlt\extract\pipe_iterator.py", line 304, in _get_source_item
    raise ResourceExtractionError(pipe.name, gen, str(ex), "generator") from ex
dlt.extract.exceptions.ResourceExtractionError: In processing pipe `picklistvalueinfo`: extraction of resource `picklistvalueinfo` in `generator` `_resource` caused an exception: Malformed request https://orgfarm-568b3bcb1a-dev-ed.develop.my.salesforce.com/services/data/v59.0/query/?q=SELECT+Id%2C+DurableId%2C+Value%2C+Label%2C+IsDefaultValue%2C+IsActive%2C+ValidFor%2C+EntityParticleId+FROM+PicklistValueInfo. Response content: [{'message': 'PicklistValueInfo: a filter on a reified column is required [EntityParticleId,DurableId]', 'errorCode': 'MALFORMED_QUERY'}]

The above exception was the direct cause of the following exception:

Traceback (most recent call last):
  File "C:\Users\thecl\OneDrive\Desktop\creditflow-data-warehouse\etl\salesforce_pipeline.py", line 192, in run
    load_info = pipeline.run(resource())
                ^^^^^^^^^^^^^^^^^^^^^^^^
  File "C:\Users\thecl\AppData\Local\Packages\PythonSoftwareFoundation.Python.3.11_qbz5n2kfra8p0\LocalCache\local-packages\Python311\site-packages\dlt\pipeline\pipeline.py", line 237, in _wrap
    step_info = f(self, *args, **kwargs)
                ^^^^^^^^^^^^^^^^^^^^^^^^
  File "C:\Users\thecl\AppData\Local\Packages\PythonSoftwareFoundation.Python.3.11_qbz5n2kfra8p0\LocalCache\local-packages\Python311\site-packages\dlt\pipeline\pipeline.py", line 285, in _wrap
    return f(self, *args, **kwargs)
           ^^^^^^^^^^^^^^^^^^^^^^^^
  File "C:\Users\thecl\AppData\Local\Packages\PythonSoftwareFoundation.Python.3.11_qbz5n2kfra8p0\LocalCache\local-packages\Python311\site-packages\dlt\pipeline\pipeline.py", line 815, in run
    self.extract(
  File "C:\Users\thecl\AppData\Local\Packages\PythonSoftwareFoundation.Python.3.11_qbz5n2kfra8p0\LocalCache\local-packages\Python311\site-packages\dlt\pipeline\pipeline.py", line 237, in _wrap
    step_info = f(self, *args, **kwargs)
                ^^^^^^^^^^^^^^^^^^^^^^^^
  File "C:\Users\thecl\AppData\Local\Packages\PythonSoftwareFoundation.Python.3.11_qbz5n2kfra8p0\LocalCache\local-packages\Python311\site-packages\dlt\pipeline\pipeline.py", line 176, in _wrap
    return f(self, *args, **kwargs)
           ^^^^^^^^^^^^^^^^^^^^^^^^
  File "C:\Users\thecl\AppData\Local\Packages\PythonSoftwareFoundation.Python.3.11_qbz5n2kfra8p0\LocalCache\local-packages\Python311\site-packages\dlt\pipeline\pipeline.py", line 190, in _wrap
    rv = f(self, *args, **kwargs)
         ^^^^^^^^^^^^^^^^^^^^^^^^
  File "C:\Users\thecl\AppData\Local\Packages\PythonSoftwareFoundation.Python.3.11_qbz5n2kfra8p0\LocalCache\local-packages\Python311\site-packages\dlt\pipeline\pipeline.py", line 285, in _wrap
    return f(self, *args, **kwargs)
           ^^^^^^^^^^^^^^^^^^^^^^^^
  File "C:\Users\thecl\AppData\Local\Packages\PythonSoftwareFoundation.Python.3.11_qbz5n2kfra8p0\LocalCache\local-packages\Python311\site-packages\dlt\pipeline\pipeline.py", line 530, in extract
    raise PipelineStepFailed(
dlt.pipeline.exceptions.PipelineStepFailed: Pipeline execution failed at `step=extract` when processing package with `load_id=1789367128.6779363` with exception:

<class 'dlt.extract.exceptions.ResourceExtractionError'>
In processing pipe `picklistvalueinfo`: extraction of resource `picklistvalueinfo` in `generator` `_resource` caused an exception: Malformed request https://orgfarm-568b3bcb1a-dev-ed.develop.my.salesforce.com/services/data/v59.0/query/?q=SELECT+Id%2C+DurableId%2C+Value%2C+Label%2C+IsDefaultValue%2C+IsActive%2C+ValidFor%2C+EntityParticleId+FROM+PicklistValueInfo. Response content: [{'message': 'PicklistValueInfo: a filter on a reified column is required [EntityParticleId,DurableId]', 'errorCode': 'MALFORMED_QUERY'}]
2026-09-14 11:25:29,046 INFO [745/1126] PipelineInspectionListView
2026-09-14 11:25:29,728 INFO querying PipelineInspectionListView incrementally since 2000-01-01T00:00:00Z
2026-09-14 11:25:31,021 INFO [746/1126] PlatformAction
2026-09-14 11:25:31,631 INFO querying PlatformAction incrementally since 2000-01-01T00:00:00Z
2026-09-14 11:25:32,087 ERROR failed to load PlatformAction, skipping and continuing with the rest
Traceback (most recent call last):
  File "C:\Users\thecl\AppData\Local\Packages\PythonSoftwareFoundation.Python.3.11_qbz5n2kfra8p0\LocalCache\local-packages\Python311\site-packages\dlt\extract\pipe_iterator.py", line 274, in _get_source_item
    pipe_item = next(gen)
                ^^^^^^^^^
  File "C:\Users\thecl\OneDrive\Desktop\creditflow-data-warehouse\etl\salesforce_pipeline.py", line 140, in _resource
    for batch in paged_records(sf, soql):
  File "C:\Users\thecl\OneDrive\Desktop\creditflow-data-warehouse\etl\salesforce_pipeline.py", line 122, in paged_records
    for record in run_query_page(sf, soql):
  File "C:\Users\thecl\AppData\Local\Packages\PythonSoftwareFoundation.Python.3.11_qbz5n2kfra8p0\LocalCache\local-packages\Python311\site-packages\simple_salesforce\api.py", line 634, in query_all_iter
    result = self.query(query,
             ^^^^^^^^^^^^^^^^^
  File "C:\Users\thecl\AppData\Local\Packages\PythonSoftwareFoundation.Python.3.11_qbz5n2kfra8p0\LocalCache\local-packages\Python311\site-packages\simple_salesforce\api.py", line 568, in query
    result = self._call_salesforce('GET',
             ^^^^^^^^^^^^^^^^^^^^^^^^^^^^
  File "C:\Users\thecl\AppData\Local\Packages\PythonSoftwareFoundation.Python.3.11_qbz5n2kfra8p0\LocalCache\local-packages\Python311\site-packages\simple_salesforce\api.py", line 787, in _call_salesforce
    exception_handler(result,
  File "C:\Users\thecl\AppData\Local\Packages\PythonSoftwareFoundation.Python.3.11_qbz5n2kfra8p0\LocalCache\local-packages\Python311\site-packages\simple_salesforce\util.py", line 89, in exception_handler
    raise exc_cls(result.url, result.status_code, name, response_content)
simple_salesforce.exceptions.SalesforceMalformedRequest: Malformed request https://orgfarm-568b3bcb1a-dev-ed.develop.my.salesforce.com/services/data/v59.0/query/?q=SELECT+Id%2C+ExternalId%2C+LastModifiedDate%2C+Label%2C+Type%2C+Subtype%2C+ApiName%2C+ActionTarget%2C+ActionTargetType%2C+ConfirmationMessage%2C+GroupId%2C+IsGroupDefault%2C+Category%2C+InvocationStatus%2C+InvokedByUserId%2C+SourceEntity%2C+ActionListContext%2C+DeviceFormat%2C+RetrievalMode%2C+IconContentType%2C+IconHeight%2C+IconWidth%2C+IconUrl%2C+IsMassAction%2C+PrimaryColor%2C+RelatedSourceEntity%2C+Section%2C+RelatedListRecordId%2C+TargetUrl%2C+TargetObject%2C+OpenType+FROM+PlatformAction+WHERE+LastModifiedDate+%3E+2000-01-01T00%3A00%3A00Z. Response content: [{'message': 'Where clause for PlatformAction supports exact matches of the SourceEntity and ActionListContext only', 'errorCode': 'EXTERNAL_OBJECT_UNSUPPORTED_EXCEPTION'}]

The above exception was the direct cause of the following exception:

Traceback (most recent call last):
  File "C:\Users\thecl\AppData\Local\Packages\PythonSoftwareFoundation.Python.3.11_qbz5n2kfra8p0\LocalCache\local-packages\Python311\site-packages\dlt\pipeline\pipeline.py", line 507, in extract
    self._extract_source(
  File "C:\Users\thecl\AppData\Local\Packages\PythonSoftwareFoundation.Python.3.11_qbz5n2kfra8p0\LocalCache\local-packages\Python311\site-packages\dlt\pipeline\pipeline.py", line 1661, in _extract_source
    load_id = extract.extract(
              ^^^^^^^^^^^^^^^^
  File "C:\Users\thecl\AppData\Local\Packages\PythonSoftwareFoundation.Python.3.11_qbz5n2kfra8p0\LocalCache\local-packages\Python311\site-packages\dlt\extract\extract.py", line 608, in extract
    self._extract_single_source(
  File "C:\Users\thecl\AppData\Local\Packages\PythonSoftwareFoundation.Python.3.11_qbz5n2kfra8p0\LocalCache\local-packages\Python311\site-packages\dlt\extract\extract.py", line 525, in _extract_single_source
    for pipe_item in pipes:
  File "C:\Users\thecl\AppData\Local\Packages\PythonSoftwareFoundation.Python.3.11_qbz5n2kfra8p0\LocalCache\local-packages\Python311\site-packages\dlt\extract\pipe_iterator.py", line 158, in __next__
    pipe_item = self._get_source_item()
                ^^^^^^^^^^^^^^^^^^^^^^^
  File "C:\Users\thecl\AppData\Local\Packages\PythonSoftwareFoundation.Python.3.11_qbz5n2kfra8p0\LocalCache\local-packages\Python311\site-packages\dlt\extract\pipe_iterator.py", line 304, in _get_source_item
    raise ResourceExtractionError(pipe.name, gen, str(ex), "generator") from ex
dlt.extract.exceptions.ResourceExtractionError: In processing pipe `platformaction`: extraction of resource `platformaction` in `generator` `_resource` caused an exception: Malformed request https://orgfarm-568b3bcb1a-dev-ed.develop.my.salesforce.com/services/data/v59.0/query/?q=SELECT+Id%2C+ExternalId%2C+LastModifiedDate%2C+Label%2C+Type%2C+Subtype%2C+ApiName%2C+ActionTarget%2C+ActionTargetType%2C+ConfirmationMessage%2C+GroupId%2C+IsGroupDefault%2C+Category%2C+InvocationStatus%2C+InvokedByUserId%2C+SourceEntity%2C+ActionListContext%2C+DeviceFormat%2C+RetrievalMode%2C+IconContentType%2C+IconHeight%2C+IconWidth%2C+IconUrl%2C+IsMassAction%2C+PrimaryColor%2C+RelatedSourceEntity%2C+Section%2C+RelatedListRecordId%2C+TargetUrl%2C+TargetObject%2C+OpenType+FROM+PlatformAction+WHERE+LastModifiedDate+%3E+2000-01-01T00%3A00%3A00Z. Response content: [{'message': 'Where clause for PlatformAction supports exact matches of the SourceEntity and ActionListContext only', 'errorCode': 'EXTERNAL_OBJECT_UNSUPPORTED_EXCEPTION'}]

The above exception was the direct cause of the following exception:

Traceback (most recent call last):
  File "C:\Users\thecl\OneDrive\Desktop\creditflow-data-warehouse\etl\salesforce_pipeline.py", line 192, in run
    load_info = pipeline.run(resource())
                ^^^^^^^^^^^^^^^^^^^^^^^^
  File "C:\Users\thecl\AppData\Local\Packages\PythonSoftwareFoundation.Python.3.11_qbz5n2kfra8p0\LocalCache\local-packages\Python311\site-packages\dlt\pipeline\pipeline.py", line 237, in _wrap
    step_info = f(self, *args, **kwargs)
                ^^^^^^^^^^^^^^^^^^^^^^^^
  File "C:\Users\thecl\AppData\Local\Packages\PythonSoftwareFoundation.Python.3.11_qbz5n2kfra8p0\LocalCache\local-packages\Python311\site-packages\dlt\pipeline\pipeline.py", line 285, in _wrap
    return f(self, *args, **kwargs)
           ^^^^^^^^^^^^^^^^^^^^^^^^
  File "C:\Users\thecl\AppData\Local\Packages\PythonSoftwareFoundation.Python.3.11_qbz5n2kfra8p0\LocalCache\local-packages\Python311\site-packages\dlt\pipeline\pipeline.py", line 815, in run
    self.extract(
  File "C:\Users\thecl\AppData\Local\Packages\PythonSoftwareFoundation.Python.3.11_qbz5n2kfra8p0\LocalCache\local-packages\Python311\site-packages\dlt\pipeline\pipeline.py", line 237, in _wrap
    step_info = f(self, *args, **kwargs)
                ^^^^^^^^^^^^^^^^^^^^^^^^
  File "C:\Users\thecl\AppData\Local\Packages\PythonSoftwareFoundation.Python.3.11_qbz5n2kfra8p0\LocalCache\local-packages\Python311\site-packages\dlt\pipeline\pipeline.py", line 176, in _wrap
    return f(self, *args, **kwargs)
           ^^^^^^^^^^^^^^^^^^^^^^^^
  File "C:\Users\thecl\AppData\Local\Packages\PythonSoftwareFoundation.Python.3.11_qbz5n2kfra8p0\LocalCache\local-packages\Python311\site-packages\dlt\pipeline\pipeline.py", line 190, in _wrap
    rv = f(self, *args, **kwargs)
         ^^^^^^^^^^^^^^^^^^^^^^^^
  File "C:\Users\thecl\AppData\Local\Packages\PythonSoftwareFoundation.Python.3.11_qbz5n2kfra8p0\LocalCache\local-packages\Python311\site-packages\dlt\pipeline\pipeline.py", line 285, in _wrap
    return f(self, *args, **kwargs)
           ^^^^^^^^^^^^^^^^^^^^^^^^
  File "C:\Users\thecl\AppData\Local\Packages\PythonSoftwareFoundation.Python.3.11_qbz5n2kfra8p0\LocalCache\local-packages\Python311\site-packages\dlt\pipeline\pipeline.py", line 530, in extract
    raise PipelineStepFailed(
dlt.pipeline.exceptions.PipelineStepFailed: Pipeline execution failed at `step=extract` when processing package with `load_id=1789367131.5583143` with exception:

<class 'dlt.extract.exceptions.ResourceExtractionError'>
In processing pipe `platformaction`: extraction of resource `platformaction` in `generator` `_resource` caused an exception: Malformed request https://orgfarm-568b3bcb1a-dev-ed.develop.my.salesforce.com/services/data/v59.0/query/?q=SELECT+Id%2C+ExternalId%2C+LastModifiedDate%2C+Label%2C+Type%2C+Subtype%2C+ApiName%2C+ActionTarget%2C+ActionTargetType%2C+ConfirmationMessage%2C+GroupId%2C+IsGroupDefault%2C+Category%2C+InvocationStatus%2C+InvokedByUserId%2C+SourceEntity%2C+ActionListContext%2C+DeviceFormat%2C+RetrievalMode%2C+IconContentType%2C+IconHeight%2C+IconWidth%2C+IconUrl%2C+IsMassAction%2C+PrimaryColor%2C+RelatedSourceEntity%2C+Section%2C+RelatedListRecordId%2C+TargetUrl%2C+TargetObject%2C+OpenType+FROM+PlatformAction+WHERE+LastModifiedDate+%3E+2000-01-01T00%3A00%3A00Z. Response content: [{'message': 'Where clause for PlatformAction supports exact matches of the SourceEntity and ActionListContext only', 'errorCode': 'EXTERNAL_OBJECT_UNSUPPORTED_EXCEPTION'}]
2026-09-14 11:25:32,089 INFO [747/1126] PlatformCachePartition
2026-09-14 11:25:32,738 INFO querying PlatformCachePartition incrementally since 2000-01-01T00:00:00Z
2026-09-14 11:25:34,182 INFO [748/1126] PlatformCachePartitionType
2026-09-14 11:25:34,809 INFO querying PlatformCachePartitionType incrementally since 2000-01-01T00:00:00Z
2026-09-14 11:25:35,944 INFO [749/1126] PlatformEventUsageMetric
2026-09-14 11:25:36,475 INFO querying PlatformEventUsageMetric (full)
2026-09-14 11:25:37,351 INFO [750/1126] PresenceConfigDeclineReason
2026-09-14 11:25:37,953 INFO querying PresenceConfigDeclineReason incrementally since 2000-01-01T00:00:00Z
2026-09-14 11:25:39,404 INFO [751/1126] PresenceDeclineReason
2026-09-14 11:25:40,030 INFO querying PresenceDeclineReason incrementally since 2000-01-01T00:00:00Z
2026-09-14 11:25:41,103 INFO [752/1126] PresenceUserConfig
2026-09-14 11:25:41,683 INFO querying PresenceUserConfig incrementally since 2000-01-01T00:00:00Z
2026-09-14 11:25:42,953 INFO [753/1126] PresenceUserConfigProfile
2026-09-14 11:25:43,616 INFO querying PresenceUserConfigProfile incrementally since 2000-01-01T00:00:00Z
2026-09-14 11:25:44,933 INFO [754/1126] PresenceUserConfigUser
2026-09-14 11:25:45,543 INFO querying PresenceUserConfigUser incrementally since 2000-01-01T00:00:00Z
2026-09-14 11:25:46,688 INFO [755/1126] Pricebook2
2026-09-14 11:25:47,363 INFO querying Pricebook2 incrementally since 2000-01-01T00:00:00Z
2026-09-14 11:25:48,713 INFO [756/1126] Pricebook2History
2026-09-14 11:25:49,222 INFO querying Pricebook2History (full)
2026-09-14 11:25:49,753 INFO [757/1126] PricebookEntry
2026-09-14 11:25:50,399 INFO querying PricebookEntry incrementally since 2000-01-01T00:00:00Z
2026-09-14 11:25:51,727 INFO [758/1126] PricebookEntryHistory
2026-09-14 11:25:52,240 INFO querying PricebookEntryHistory (full)
2026-09-14 11:25:52,773 INFO [759/1126] PrivacyJobSession
2026-09-14 11:25:54,375 INFO querying PrivacyJobSession incrementally since 2000-01-01T00:00:00Z
2026-09-14 11:25:55,495 INFO [760/1126] PrivacyJobSessionShare
2026-09-14 11:25:56,082 INFO querying PrivacyJobSessionShare incrementally since 2000-01-01T00:00:00Z
2026-09-14 11:25:57,089 INFO [761/1126] PrivacyObjectSession
2026-09-14 11:25:57,811 INFO querying PrivacyObjectSession incrementally since 2000-01-01T00:00:00Z
2026-09-14 11:25:58,789 INFO [762/1126] PrivacyObjectSessionShare
2026-09-14 11:25:59,935 INFO querying PrivacyObjectSessionShare incrementally since 2000-01-01T00:00:00Z
2026-09-14 11:26:01,034 INFO [763/1126] PrivacyPolicy
2026-09-14 11:26:01,666 INFO querying PrivacyPolicy incrementally since 2000-01-01T00:00:00Z
2026-09-14 11:26:02,651 INFO [764/1126] PrivacyPolicyDefinition
2026-09-14 11:26:03,207 INFO querying PrivacyPolicyDefinition incrementally since 2000-01-01T00:00:00Z
2026-09-14 11:26:04,253 INFO [765/1126] PrivacyRTBFRequest
2026-09-14 11:26:04,896 INFO querying PrivacyRTBFRequest incrementally since 2000-01-01T00:00:00Z
2026-09-14 11:26:05,914 INFO [766/1126] PrivacyRTBFRequestFeed
2026-09-14 11:26:07,136 INFO querying PrivacyRTBFRequestFeed incrementally since 2000-01-01T00:00:00Z
2026-09-14 11:26:08,127 INFO [767/1126] PrivacyRTBFRequestHistory
2026-09-14 11:26:08,620 INFO querying PrivacyRTBFRequestHistory (full)
2026-09-14 11:26:09,288 INFO [768/1126] PrivacyRTBFRequestShare
2026-09-14 11:26:10,199 INFO querying PrivacyRTBFRequestShare incrementally since 2000-01-01T00:00:00Z
2026-09-14 11:26:11,174 INFO [769/1126] PrivacySessionRecordFailure
2026-09-14 11:26:11,791 INFO querying PrivacySessionRecordFailure incrementally since 2000-01-01T00:00:00Z
2026-09-14 11:26:12,839 INFO [770/1126] PrivacySessionRecordFailureShare
2026-09-14 11:26:13,412 INFO querying PrivacySessionRecordFailureShare incrementally since 2000-01-01T00:00:00Z
2026-09-14 11:26:14,426 INFO [771/1126] Problem
2026-09-14 11:26:15,066 INFO querying Problem incrementally since 2000-01-01T00:00:00Z
2026-09-14 11:26:16,020 INFO [772/1126] ProblemFeed
2026-09-14 11:26:16,643 INFO querying ProblemFeed incrementally since 2000-01-01T00:00:00Z
2026-09-14 11:26:17,627 INFO [773/1126] ProblemHistory
2026-09-14 11:26:18,133 INFO querying ProblemHistory (full)
2026-09-14 11:26:18,651 INFO [774/1126] ProblemIncident
2026-09-14 11:26:19,328 INFO querying ProblemIncident incrementally since 2000-01-01T00:00:00Z
2026-09-14 11:26:20,288 INFO [775/1126] ProblemIncidentFeed
2026-09-14 11:26:21,029 INFO querying ProblemIncidentFeed incrementally since 2000-01-01T00:00:00Z
2026-09-14 11:26:22,202 INFO [776/1126] ProblemIncidentHistory
2026-09-14 11:26:22,677 INFO querying ProblemIncidentHistory (full)
2026-09-14 11:26:23,308 INFO [777/1126] ProblemRelatedItem
2026-09-14 11:26:23,935 INFO querying ProblemRelatedItem incrementally since 2000-01-01T00:00:00Z
2026-09-14 11:26:25,056 INFO [778/1126] ProblemRelatedItemFeed
2026-09-14 11:26:25,632 INFO querying ProblemRelatedItemFeed incrementally since 2000-01-01T00:00:00Z
2026-09-14 11:26:26,701 INFO [779/1126] ProblemRelatedItemHistory
2026-09-14 11:26:27,176 INFO querying ProblemRelatedItemHistory (full)
2026-09-14 11:26:27,724 INFO [780/1126] ProblemShare
2026-09-14 11:26:28,344 INFO querying ProblemShare incrementally since 2000-01-01T00:00:00Z
2026-09-14 11:26:29,304 INFO [781/1126] ProcessDefinition
2026-09-14 11:26:29,889 INFO querying ProcessDefinition incrementally since 2000-01-01T00:00:00Z
2026-09-14 11:26:30,953 INFO [782/1126] ProcessException
2026-09-14 11:26:31,575 INFO querying ProcessException incrementally since 2000-01-01T00:00:00Z
2026-09-14 11:26:32,611 INFO [783/1126] ProcessExceptionShare
2026-09-14 11:26:33,218 INFO querying ProcessExceptionShare incrementally since 2000-01-01T00:00:00Z
2026-09-14 11:26:34,157 INFO [784/1126] ProcessFlowMigration
2026-09-14 11:26:34,872 INFO querying ProcessFlowMigration incrementally since 2000-01-01T00:00:00Z
2026-09-14 11:26:35,892 INFO [785/1126] ProcessInstance
2026-09-14 11:26:36,486 INFO querying ProcessInstance incrementally since 2000-01-01T00:00:00Z
2026-09-14 11:26:37,445 INFO [786/1126] ProcessInstanceNode
2026-09-14 11:26:38,058 INFO querying ProcessInstanceNode incrementally since 2000-01-01T00:00:00Z
2026-09-14 11:26:39,085 INFO [787/1126] ProcessInstanceStep
2026-09-14 11:26:39,644 INFO querying ProcessInstanceStep (full)
2026-09-14 11:26:40,208 INFO [788/1126] ProcessInstanceWorkitem
2026-09-14 11:26:40,744 INFO querying ProcessInstanceWorkitem (full)
2026-09-14 11:26:41,956 INFO [789/1126] ProcessNode
2026-09-14 11:26:42,441 INFO querying ProcessNode (full)
2026-09-14 11:26:42,959 INFO [790/1126] Product2
2026-09-14 11:26:43,604 INFO querying Product2 incrementally since 2000-01-01T00:00:00Z
2026-09-14 11:26:44,885 INFO [791/1126] Product2Feed
2026-09-14 11:26:45,519 INFO querying Product2Feed incrementally since 2000-01-01T00:00:00Z
2026-09-14 11:26:46,584 INFO [792/1126] Product2History
2026-09-14 11:26:47,397 INFO querying Product2History (full)
2026-09-14 11:26:47,968 INFO [793/1126] ProductAttribute
2026-09-14 11:26:48,574 INFO querying ProductAttribute incrementally since 2000-01-01T00:00:00Z
2026-09-14 11:26:49,507 INFO [794/1126] ProductAttributeSet
2026-09-14 11:26:50,087 INFO querying ProductAttributeSet incrementally since 2000-01-01T00:00:00Z
2026-09-14 11:26:51,061 INFO [795/1126] ProductAttributeSetItem
2026-09-14 11:26:52,614 INFO querying ProductAttributeSetItem incrementally since 2000-01-01T00:00:00Z
2026-09-14 11:26:53,554 INFO [796/1126] ProductAttributeSetProduct
2026-09-14 11:26:54,153 INFO querying ProductAttributeSetProduct incrementally since 2000-01-01T00:00:00Z
2026-09-14 11:26:55,432 INFO [797/1126] ProductCatalog
2026-09-14 11:26:56,073 INFO querying ProductCatalog incrementally since 2000-01-01T00:00:00Z
2026-09-14 11:26:57,807 INFO [798/1126] ProductCatalogFeed
2026-09-14 11:26:58,436 INFO querying ProductCatalogFeed incrementally since 2000-01-01T00:00:00Z
2026-09-14 11:26:59,394 INFO [799/1126] ProductCatalogHistory
2026-09-14 11:26:59,877 INFO querying ProductCatalogHistory (full)
2026-09-14 11:27:00,395 INFO [800/1126] ProductCatalogShare
2026-09-14 11:27:00,976 INFO querying ProductCatalogShare incrementally since 2000-01-01T00:00:00Z
2026-09-14 11:27:02,089 INFO [801/1126] ProductCategory
2026-09-14 11:27:02,723 INFO querying ProductCategory incrementally since 2000-01-01T00:00:00Z
2026-09-14 11:27:03,727 INFO [802/1126] ProductCategoryFeed
2026-09-14 11:27:04,282 INFO querying ProductCategoryFeed incrementally since 2000-01-01T00:00:00Z
2026-09-14 11:27:05,244 INFO [803/1126] ProductCategoryHistory
2026-09-14 11:27:05,717 INFO querying ProductCategoryHistory (full)
2026-09-14 11:27:06,428 INFO [804/1126] ProductCategoryProduct
2026-09-14 11:27:07,596 INFO querying ProductCategoryProduct incrementally since 2000-01-01T00:00:00Z
2026-09-14 11:27:08,591 INFO [805/1126] ProductCategoryProductHistory
2026-09-14 11:27:09,205 INFO querying ProductCategoryProductHistory (full)
2026-09-14 11:27:09,761 INFO [806/1126] ProductConsumptionSchedule
2026-09-14 11:27:10,407 INFO querying ProductConsumptionSchedule incrementally since 2000-01-01T00:00:00Z
2026-09-14 11:27:11,489 INFO [807/1126] ProductEntitlementTemplate
2026-09-14 11:27:12,057 INFO querying ProductEntitlementTemplate (full)
2026-09-14 11:27:12,590 INFO [808/1126] Profile
2026-09-14 11:27:13,420 INFO querying Profile incrementally since 2000-01-01T00:00:00Z
2026-09-14 11:27:15,648 INFO [809/1126] Promotion
2026-09-14 11:27:16,278 INFO querying Promotion incrementally since 2000-01-01T00:00:00Z
2026-09-14 11:27:17,297 INFO [810/1126] PromotionFeed
2026-09-14 11:27:17,942 INFO querying PromotionFeed incrementally since 2000-01-01T00:00:00Z
2026-09-14 11:27:18,991 INFO [811/1126] PromotionHistory
2026-09-14 11:27:19,677 INFO querying PromotionHistory (full)
2026-09-14 11:27:20,265 INFO [812/1126] PromotionLineItemRule
2026-09-14 11:27:20,985 INFO querying PromotionLineItemRule incrementally since 2000-01-01T00:00:00Z
2026-09-14 11:27:21,973 INFO [813/1126] PromotionLineItemRuleShare
2026-09-14 11:27:22,570 INFO querying PromotionLineItemRuleShare incrementally since 2000-01-01T00:00:00Z
2026-09-14 11:27:23,607 INFO [814/1126] PromotionMarketSegment
2026-09-14 11:27:24,333 INFO querying PromotionMarketSegment incrementally since 2000-01-01T00:00:00Z
2026-09-14 11:27:25,399 INFO [815/1126] PromotionMarketSegmentFeed
2026-09-14 11:27:26,021 INFO querying PromotionMarketSegmentFeed incrementally since 2000-01-01T00:00:00Z
2026-09-14 11:27:27,219 INFO [816/1126] PromotionMarketSegmentHistory
2026-09-14 11:27:27,733 INFO querying PromotionMarketSegmentHistory (full)
2026-09-14 11:27:28,281 INFO [817/1126] PromotionQualifier
2026-09-14 11:27:28,928 INFO querying PromotionQualifier incrementally since 2000-01-01T00:00:00Z
2026-09-14 11:27:30,140 INFO [818/1126] PromotionQualifierFeed
2026-09-14 11:27:30,918 INFO querying PromotionQualifierFeed incrementally since 2000-01-01T00:00:00Z
2026-09-14 11:27:31,946 INFO [819/1126] PromotionQualifierHistory
2026-09-14 11:27:32,439 INFO querying PromotionQualifierHistory (full)
2026-09-14 11:27:33,012 INFO [820/1126] PromotionSegment
2026-09-14 11:27:33,714 INFO querying PromotionSegment incrementally since 2000-01-01T00:00:00Z
2026-09-14 11:27:34,753 INFO [821/1126] PromotionSegmentBuyerGroup
2026-09-14 11:27:35,429 INFO querying PromotionSegmentBuyerGroup incrementally since 2000-01-01T00:00:00Z
2026-09-14 11:27:36,461 INFO [822/1126] PromotionSegmentBuyerGroupFeed
2026-09-14 11:27:37,096 INFO querying PromotionSegmentBuyerGroupFeed incrementally since 2000-01-01T00:00:00Z
2026-09-14 11:27:38,104 INFO [823/1126] PromotionSegmentBuyerGroupHistory
2026-09-14 11:27:38,779 INFO querying PromotionSegmentBuyerGroupHistory (full)
2026-09-14 11:27:39,339 INFO [824/1126] PromotionSegmentFeed
2026-09-14 11:27:40,102 INFO querying PromotionSegmentFeed incrementally since 2000-01-01T00:00:00Z
2026-09-14 11:27:41,090 INFO [825/1126] PromotionSegmentHistory
2026-09-14 11:27:41,575 INFO querying PromotionSegmentHistory (full)
2026-09-14 11:27:42,141 INFO [826/1126] PromotionSegmentSalesStore
2026-09-14 11:27:42,834 INFO querying PromotionSegmentSalesStore incrementally since 2000-01-01T00:00:00Z
2026-09-14 11:27:43,932 INFO [827/1126] PromotionSegmentSalesStoreFeed
2026-09-14 11:27:44,582 INFO querying PromotionSegmentSalesStoreFeed incrementally since 2000-01-01T00:00:00Z
2026-09-14 11:27:45,708 INFO [828/1126] PromotionSegmentSalesStoreHistory
2026-09-14 11:27:46,205 INFO querying PromotionSegmentSalesStoreHistory (full)
2026-09-14 11:27:46,865 INFO [829/1126] PromotionSegmentShare
2026-09-14 11:27:47,472 INFO querying PromotionSegmentShare incrementally since 2000-01-01T00:00:00Z
2026-09-14 11:27:48,594 INFO [830/1126] PromotionShare
2026-09-14 11:27:49,241 INFO querying PromotionShare incrementally since 2000-01-01T00:00:00Z
2026-09-14 11:27:51,253 INFO [831/1126] PromotionTarget
2026-09-14 11:27:51,875 INFO querying PromotionTarget incrementally since 2000-01-01T00:00:00Z
2026-09-14 11:27:52,899 INFO [832/1126] PromotionTargetFeed
2026-09-14 11:27:53,609 INFO querying PromotionTargetFeed incrementally since 2000-01-01T00:00:00Z
2026-09-14 11:27:54,622 INFO [833/1126] PromotionTargetHistory
2026-09-14 11:27:55,130 INFO querying PromotionTargetHistory (full)
2026-09-14 11:27:55,680 INFO [834/1126] PromotionTier
2026-09-14 11:27:56,383 INFO querying PromotionTier incrementally since 2000-01-01T00:00:00Z
2026-09-14 11:27:57,370 INFO [835/1126] PromotionTierFeed
2026-09-14 11:27:58,060 INFO querying PromotionTierFeed incrementally since 2000-01-01T00:00:00Z
2026-09-14 11:27:59,045 INFO [836/1126] PromotionTierHistory
2026-09-14 11:27:59,567 INFO querying PromotionTierHistory (full)
2026-09-14 11:28:00,401 INFO [837/1126] Prompt
2026-09-14 11:28:00,937 INFO querying Prompt incrementally since 2000-01-01T00:00:00Z
2026-09-14 11:28:01,905 INFO [838/1126] PromptAction
2026-09-14 11:28:02,535 INFO querying PromptAction incrementally since 2000-01-01T00:00:00Z
2026-09-14 11:28:03,552 INFO [839/1126] PromptActionShare
2026-09-14 11:28:04,156 INFO querying PromptActionShare incrementally since 2000-01-01T00:00:00Z
2026-09-14 11:28:05,643 INFO [840/1126] PromptError
2026-09-14 11:28:06,257 INFO querying PromptError incrementally since 2000-01-01T00:00:00Z
2026-09-14 11:28:08,196 INFO [841/1126] PromptErrorShare
2026-09-14 11:28:08,754 INFO querying PromptErrorShare incrementally since 2000-01-01T00:00:00Z
2026-09-14 11:28:09,786 INFO [842/1126] PromptLocalization
2026-09-14 11:28:10,379 INFO querying PromptLocalization incrementally since 2000-01-01T00:00:00Z
2026-09-14 11:28:11,388 INFO [843/1126] PromptVersion
2026-09-14 11:28:12,627 INFO querying PromptVersion incrementally since 2000-01-01T00:00:00Z
2026-09-14 11:28:13,675 INFO [844/1126] PromptVersionLocalization
2026-09-14 11:28:14,284 INFO querying PromptVersionLocalization incrementally since 2000-01-01T00:00:00Z
2026-09-14 11:28:15,309 INFO [845/1126] Publisher
2026-09-14 11:28:15,879 INFO querying Publisher (full)
2026-09-14 11:28:16,817 INFO [846/1126] PushTopic
2026-09-14 11:28:17,467 INFO querying PushTopic incrementally since 2000-01-01T00:00:00Z
2026-09-14 11:28:18,497 INFO [847/1126] QueueRoutingConfig
2026-09-14 11:28:19,068 INFO querying QueueRoutingConfig incrementally since 2000-01-01T00:00:00Z
2026-09-14 11:28:20,129 INFO [848/1126] QueueSobject
2026-09-14 11:28:20,645 INFO querying QueueSobject (full)
2026-09-14 11:28:21,178 INFO [849/1126] QuickText
2026-09-14 11:28:21,834 INFO querying QuickText incrementally since 2000-01-01T00:00:00Z
2026-09-14 11:28:22,838 INFO [850/1126] QuickTextHistory
2026-09-14 11:28:23,375 INFO querying QuickTextHistory (full)
2026-09-14 11:28:23,969 INFO [851/1126] QuickTextShare
2026-09-14 11:28:25,196 INFO querying QuickTextShare incrementally since 2000-01-01T00:00:00Z
2026-09-14 11:28:26,375 INFO [852/1126] QuickTextUsage
2026-09-14 11:28:27,008 INFO querying QuickTextUsage incrementally since 2000-01-01T00:00:00Z
2026-09-14 11:28:28,084 INFO [853/1126] QuickTextUsageShare
2026-09-14 11:28:28,661 INFO querying QuickTextUsageShare incrementally since 2000-01-01T00:00:00Z
2026-09-14 11:28:29,887 INFO [854/1126] RecentlyViewed
2026-09-14 11:28:30,438 INFO querying RecentlyViewed (full)
2026-09-14 11:28:31,588 INFO [855/1126] Recommendation
2026-09-14 11:28:32,167 INFO querying Recommendation incrementally since 2000-01-01T00:00:00Z
2026-09-14 11:28:33,296 INFO [856/1126] RecommendationResponse
2026-09-14 11:28:33,900 INFO querying RecommendationResponse incrementally since 2000-01-01T00:00:00Z
2026-09-14 11:28:34,963 INFO [857/1126] RecordAction
2026-09-14 11:28:35,935 INFO querying RecordAction incrementally since 2000-01-01T00:00:00Z
2026-09-14 11:28:37,032 INFO [858/1126] RecordActionHistory
2026-09-14 11:28:37,618 INFO querying RecordActionHistory incrementally since 2000-01-01T00:00:00Z
2026-09-14 11:28:37,995 ERROR failed to load RecordActionHistory, skipping and continuing with the rest
Traceback (most recent call last):
  File "C:\Users\thecl\AppData\Local\Packages\PythonSoftwareFoundation.Python.3.11_qbz5n2kfra8p0\LocalCache\local-packages\Python311\site-packages\dlt\extract\pipe_iterator.py", line 274, in _get_source_item
    pipe_item = next(gen)
                ^^^^^^^^^
  File "C:\Users\thecl\OneDrive\Desktop\creditflow-data-warehouse\etl\salesforce_pipeline.py", line 140, in _resource
    for batch in paged_records(sf, soql):
  File "C:\Users\thecl\OneDrive\Desktop\creditflow-data-warehouse\etl\salesforce_pipeline.py", line 122, in paged_records
    for record in run_query_page(sf, soql):
  File "C:\Users\thecl\AppData\Local\Packages\PythonSoftwareFoundation.Python.3.11_qbz5n2kfra8p0\LocalCache\local-packages\Python311\site-packages\simple_salesforce\api.py", line 634, in query_all_iter
    result = self.query(query,
             ^^^^^^^^^^^^^^^^^
  File "C:\Users\thecl\AppData\Local\Packages\PythonSoftwareFoundation.Python.3.11_qbz5n2kfra8p0\LocalCache\local-packages\Python311\site-packages\simple_salesforce\api.py", line 568, in query
    result = self._call_salesforce('GET',
             ^^^^^^^^^^^^^^^^^^^^^^^^^^^^
  File "C:\Users\thecl\AppData\Local\Packages\PythonSoftwareFoundation.Python.3.11_qbz5n2kfra8p0\LocalCache\local-packages\Python311\site-packages\simple_salesforce\api.py", line 787, in _call_salesforce
    exception_handler(result,
  File "C:\Users\thecl\AppData\Local\Packages\PythonSoftwareFoundation.Python.3.11_qbz5n2kfra8p0\LocalCache\local-packages\Python311\site-packages\simple_salesforce\util.py", line 89, in exception_handler
    raise exc_cls(result.url, result.status_code, name, response_content)
simple_salesforce.exceptions.SalesforceMalformedRequest: Malformed request https://orgfarm-568b3bcb1a-dev-ed.develop.my.salesforce.com/services/data/v59.0/query/?q=SELECT+Id%2C+CreatedById%2C+CreatedDate%2C+LastModifiedById%2C+LastModifiedDate%2C+SystemModstamp%2C+ParentRecordId%2C+ActionDefinitionApiName%2C+ActionDefinitionLabel%2C+ActionType%2C+State%2C+UserId%2C+RecordActionId%2C+LoggedTime%2C+Pinned%2C+IsMandatory+FROM+RecordActionHistory+WHERE+LastModifiedDate+%3E+2000-01-01T00%3A00%3A00Z. Response content: [{'message': "\nFROM RecordActionHistory WHERE LastModifiedDate > 2000-01-01T00:00:00Z\n                               ^\nERROR at Row:1:Column:260\nfield 'LastModifiedDate' can not be filtered in a query call", 'errorCode': 'INVALID_FIELD'}]

The above exception was the direct cause of the following exception:

Traceback (most recent call last):
  File "C:\Users\thecl\AppData\Local\Packages\PythonSoftwareFoundation.Python.3.11_qbz5n2kfra8p0\LocalCache\local-packages\Python311\site-packages\dlt\pipeline\pipeline.py", line 507, in extract
    self._extract_source(
  File "C:\Users\thecl\AppData\Local\Packages\PythonSoftwareFoundation.Python.3.11_qbz5n2kfra8p0\LocalCache\local-packages\Python311\site-packages\dlt\pipeline\pipeline.py", line 1661, in _extract_source
    load_id = extract.extract(
              ^^^^^^^^^^^^^^^^
  File "C:\Users\thecl\AppData\Local\Packages\PythonSoftwareFoundation.Python.3.11_qbz5n2kfra8p0\LocalCache\local-packages\Python311\site-packages\dlt\extract\extract.py", line 608, in extract
    self._extract_single_source(
  File "C:\Users\thecl\AppData\Local\Packages\PythonSoftwareFoundation.Python.3.11_qbz5n2kfra8p0\LocalCache\local-packages\Python311\site-packages\dlt\extract\extract.py", line 525, in _extract_single_source
    for pipe_item in pipes:
  File "C:\Users\thecl\AppData\Local\Packages\PythonSoftwareFoundation.Python.3.11_qbz5n2kfra8p0\LocalCache\local-packages\Python311\site-packages\dlt\extract\pipe_iterator.py", line 158, in __next__
    pipe_item = self._get_source_item()
                ^^^^^^^^^^^^^^^^^^^^^^^
  File "C:\Users\thecl\AppData\Local\Packages\PythonSoftwareFoundation.Python.3.11_qbz5n2kfra8p0\LocalCache\local-packages\Python311\site-packages\dlt\extract\pipe_iterator.py", line 304, in _get_source_item
    raise ResourceExtractionError(pipe.name, gen, str(ex), "generator") from ex
dlt.extract.exceptions.ResourceExtractionError: In processing pipe `recordactionhistory`: extraction of resource `recordactionhistory` in `generator` `_resource` caused an exception: Malformed request https://orgfarm-568b3bcb1a-dev-ed.develop.my.salesforce.com/services/data/v59.0/query/?q=SELECT+Id%2C+CreatedById%2C+CreatedDate%2C+LastModifiedById%2C+LastModifiedDate%2C+SystemModstamp%2C+ParentRecordId%2C+ActionDefinitionApiName%2C+ActionDefinitionLabel%2C+ActionType%2C+State%2C+UserId%2C+RecordActionId%2C+LoggedTime%2C+Pinned%2C+IsMandatory+FROM+RecordActionHistory+WHERE+LastModifiedDate+%3E+2000-01-01T00%3A00%3A00Z. Response content: [{'message': "\nFROM RecordActionHistory WHERE LastModifiedDate > 2000-01-01T00:00:00Z\n                               ^\nERROR at Row:1:Column:260\nfield 'LastModifiedDate' can not be filtered in a query call", 'errorCode': 'INVALID_FIELD'}]

The above exception was the direct cause of the following exception:

Traceback (most recent call last):
  File "C:\Users\thecl\OneDrive\Desktop\creditflow-data-warehouse\etl\salesforce_pipeline.py", line 192, in run
    load_info = pipeline.run(resource())
                ^^^^^^^^^^^^^^^^^^^^^^^^
  File "C:\Users\thecl\AppData\Local\Packages\PythonSoftwareFoundation.Python.3.11_qbz5n2kfra8p0\LocalCache\local-packages\Python311\site-packages\dlt\pipeline\pipeline.py", line 237, in _wrap
    step_info = f(self, *args, **kwargs)
                ^^^^^^^^^^^^^^^^^^^^^^^^
  File "C:\Users\thecl\AppData\Local\Packages\PythonSoftwareFoundation.Python.3.11_qbz5n2kfra8p0\LocalCache\local-packages\Python311\site-packages\dlt\pipeline\pipeline.py", line 285, in _wrap
    return f(self, *args, **kwargs)
           ^^^^^^^^^^^^^^^^^^^^^^^^
  File "C:\Users\thecl\AppData\Local\Packages\PythonSoftwareFoundation.Python.3.11_qbz5n2kfra8p0\LocalCache\local-packages\Python311\site-packages\dlt\pipeline\pipeline.py", line 815, in run
    self.extract(
  File "C:\Users\thecl\AppData\Local\Packages\PythonSoftwareFoundation.Python.3.11_qbz5n2kfra8p0\LocalCache\local-packages\Python311\site-packages\dlt\pipeline\pipeline.py", line 237, in _wrap
    step_info = f(self, *args, **kwargs)
                ^^^^^^^^^^^^^^^^^^^^^^^^
  File "C:\Users\thecl\AppData\Local\Packages\PythonSoftwareFoundation.Python.3.11_qbz5n2kfra8p0\LocalCache\local-packages\Python311\site-packages\dlt\pipeline\pipeline.py", line 176, in _wrap
    return f(self, *args, **kwargs)
           ^^^^^^^^^^^^^^^^^^^^^^^^
  File "C:\Users\thecl\AppData\Local\Packages\PythonSoftwareFoundation.Python.3.11_qbz5n2kfra8p0\LocalCache\local-packages\Python311\site-packages\dlt\pipeline\pipeline.py", line 190, in _wrap
    rv = f(self, *args, **kwargs)
         ^^^^^^^^^^^^^^^^^^^^^^^^
  File "C:\Users\thecl\AppData\Local\Packages\PythonSoftwareFoundation.Python.3.11_qbz5n2kfra8p0\LocalCache\local-packages\Python311\site-packages\dlt\pipeline\pipeline.py", line 285, in _wrap
    return f(self, *args, **kwargs)
           ^^^^^^^^^^^^^^^^^^^^^^^^
  File "C:\Users\thecl\AppData\Local\Packages\PythonSoftwareFoundation.Python.3.11_qbz5n2kfra8p0\LocalCache\local-packages\Python311\site-packages\dlt\pipeline\pipeline.py", line 530, in extract
    raise PipelineStepFailed(
dlt.pipeline.exceptions.PipelineStepFailed: Pipeline execution failed at `step=extract` when processing package with `load_id=1789367317.5722814` with exception:

<class 'dlt.extract.exceptions.ResourceExtractionError'>
In processing pipe `recordactionhistory`: extraction of resource `recordactionhistory` in `generator` `_resource` caused an exception: Malformed request https://orgfarm-568b3bcb1a-dev-ed.develop.my.salesforce.com/services/data/v59.0/query/?q=SELECT+Id%2C+CreatedById%2C+CreatedDate%2C+LastModifiedById%2C+LastModifiedDate%2C+SystemModstamp%2C+ParentRecordId%2C+ActionDefinitionApiName%2C+ActionDefinitionLabel%2C+ActionType%2C+State%2C+UserId%2C+RecordActionId%2C+LoggedTime%2C+Pinned%2C+IsMandatory+FROM+RecordActionHistory+WHERE+LastModifiedDate+%3E+2000-01-01T00%3A00%3A00Z. Response content: [{'message': "\nFROM RecordActionHistory WHERE LastModifiedDate > 2000-01-01T00:00:00Z\n                               ^\nERROR at Row:1:Column:260\nfield 'LastModifiedDate' can not be filtered in a query call", 'errorCode': 'INVALID_FIELD'}]
2026-09-14 11:28:37,995 INFO [859/1126] RecordType
2026-09-14 11:28:38,687 INFO querying RecordType incrementally since 2000-01-01T00:00:00Z
2026-09-14 11:28:39,797 INFO [860/1126] RecordTypeLocalization
2026-09-14 11:28:40,417 INFO querying RecordTypeLocalization incrementally since 2000-01-01T00:00:00Z
2026-09-14 11:28:41,437 INFO [861/1126] RedirectWhitelistUrl
2026-09-14 11:28:42,356 INFO querying RedirectWhitelistUrl incrementally since 2000-01-01T00:00:00Z
2026-09-14 11:28:43,387 INFO [862/1126] Refund
2026-09-14 11:28:44,659 INFO querying Refund incrementally since 2000-01-01T00:00:00Z
2026-09-14 11:28:45,726 INFO [863/1126] RefundLinePayment
2026-09-14 11:28:46,352 INFO querying RefundLinePayment incrementally since 2000-01-01T00:00:00Z
2026-09-14 11:28:47,387 INFO [864/1126] RelatedListColumnDefinition
2026-09-14 11:28:47,922 INFO querying RelatedListColumnDefinition (full)
2026-09-14 11:28:48,280 ERROR failed to load RelatedListColumnDefinition, skipping and continuing with the rest
Traceback (most recent call last):
  File "C:\Users\thecl\AppData\Local\Packages\PythonSoftwareFoundation.Python.3.11_qbz5n2kfra8p0\LocalCache\local-packages\Python311\site-packages\dlt\extract\pipe_iterator.py", line 274, in _get_source_item
    pipe_item = next(gen)
                ^^^^^^^^^
  File "C:\Users\thecl\OneDrive\Desktop\creditflow-data-warehouse\etl\salesforce_pipeline.py", line 147, in _resource
    for batch in paged_records(sf, soql):
  File "C:\Users\thecl\OneDrive\Desktop\creditflow-data-warehouse\etl\salesforce_pipeline.py", line 122, in paged_records
    for record in run_query_page(sf, soql):
  File "C:\Users\thecl\AppData\Local\Packages\PythonSoftwareFoundation.Python.3.11_qbz5n2kfra8p0\LocalCache\local-packages\Python311\site-packages\simple_salesforce\api.py", line 634, in query_all_iter
    result = self.query(query,
             ^^^^^^^^^^^^^^^^^
  File "C:\Users\thecl\AppData\Local\Packages\PythonSoftwareFoundation.Python.3.11_qbz5n2kfra8p0\LocalCache\local-packages\Python311\site-packages\simple_salesforce\api.py", line 568, in query
    result = self._call_salesforce('GET',
             ^^^^^^^^^^^^^^^^^^^^^^^^^^^^
  File "C:\Users\thecl\AppData\Local\Packages\PythonSoftwareFoundation.Python.3.11_qbz5n2kfra8p0\LocalCache\local-packages\Python311\site-packages\simple_salesforce\api.py", line 787, in _call_salesforce
    exception_handler(result,
  File "C:\Users\thecl\AppData\Local\Packages\PythonSoftwareFoundation.Python.3.11_qbz5n2kfra8p0\LocalCache\local-packages\Python311\site-packages\simple_salesforce\util.py", line 89, in exception_handler
    raise exc_cls(result.url, result.status_code, name, response_content)
simple_salesforce.exceptions.SalesforceMalformedRequest: Malformed request https://orgfarm-568b3bcb1a-dev-ed.develop.my.salesforce.com/services/data/v59.0/query/?q=SELECT+Id%2C+DurableId%2C+RelatedListDefinitionId%2C+FieldDefinitionId%2C+Label%2C+ColumnSoql%2C+Alias%2C+LookupId%2C+DataType%2C+IsDescribable%2C+IsDefault+FROM+RelatedListColumnDefinition. Response content: [{'message': 'RelatedListColumnDefinition: a filter on a reified column is required [RelatedListDefinitionId,DurableId]', 'errorCode': 'MALFORMED_QUERY'}]

The above exception was the direct cause of the following exception:

Traceback (most recent call last):
  File "C:\Users\thecl\AppData\Local\Packages\PythonSoftwareFoundation.Python.3.11_qbz5n2kfra8p0\LocalCache\local-packages\Python311\site-packages\dlt\pipeline\pipeline.py", line 507, in extract
    self._extract_source(
  File "C:\Users\thecl\AppData\Local\Packages\PythonSoftwareFoundation.Python.3.11_qbz5n2kfra8p0\LocalCache\local-packages\Python311\site-packages\dlt\pipeline\pipeline.py", line 1661, in _extract_source
    load_id = extract.extract(
              ^^^^^^^^^^^^^^^^
  File "C:\Users\thecl\AppData\Local\Packages\PythonSoftwareFoundation.Python.3.11_qbz5n2kfra8p0\LocalCache\local-packages\Python311\site-packages\dlt\extract\extract.py", line 608, in extract
    self._extract_single_source(
  File "C:\Users\thecl\AppData\Local\Packages\PythonSoftwareFoundation.Python.3.11_qbz5n2kfra8p0\LocalCache\local-packages\Python311\site-packages\dlt\extract\extract.py", line 525, in _extract_single_source
    for pipe_item in pipes:
  File "C:\Users\thecl\AppData\Local\Packages\PythonSoftwareFoundation.Python.3.11_qbz5n2kfra8p0\LocalCache\local-packages\Python311\site-packages\dlt\extract\pipe_iterator.py", line 158, in __next__
    pipe_item = self._get_source_item()
                ^^^^^^^^^^^^^^^^^^^^^^^
  File "C:\Users\thecl\AppData\Local\Packages\PythonSoftwareFoundation.Python.3.11_qbz5n2kfra8p0\LocalCache\local-packages\Python311\site-packages\dlt\extract\pipe_iterator.py", line 304, in _get_source_item
    raise ResourceExtractionError(pipe.name, gen, str(ex), "generator") from ex
dlt.extract.exceptions.ResourceExtractionError: In processing pipe `relatedlistcolumndefinition`: extraction of resource `relatedlistcolumndefinition` in `generator` `_resource` caused an exception: Malformed request https://orgfarm-568b3bcb1a-dev-ed.develop.my.salesforce.com/services/data/v59.0/query/?q=SELECT+Id%2C+DurableId%2C+RelatedListDefinitionId%2C+FieldDefinitionId%2C+Label%2C+ColumnSoql%2C+Alias%2C+LookupId%2C+DataType%2C+IsDescribable%2C+IsDefault+FROM+RelatedListColumnDefinition. Response content: [{'message': 'RelatedListColumnDefinition: a filter on a reified column is required [RelatedListDefinitionId,DurableId]', 'errorCode': 'MALFORMED_QUERY'}]

The above exception was the direct cause of the following exception:

Traceback (most recent call last):
  File "C:\Users\thecl\OneDrive\Desktop\creditflow-data-warehouse\etl\salesforce_pipeline.py", line 192, in run
    load_info = pipeline.run(resource())
                ^^^^^^^^^^^^^^^^^^^^^^^^
  File "C:\Users\thecl\AppData\Local\Packages\PythonSoftwareFoundation.Python.3.11_qbz5n2kfra8p0\LocalCache\local-packages\Python311\site-packages\dlt\pipeline\pipeline.py", line 237, in _wrap
    step_info = f(self, *args, **kwargs)
                ^^^^^^^^^^^^^^^^^^^^^^^^
  File "C:\Users\thecl\AppData\Local\Packages\PythonSoftwareFoundation.Python.3.11_qbz5n2kfra8p0\LocalCache\local-packages\Python311\site-packages\dlt\pipeline\pipeline.py", line 285, in _wrap
    return f(self, *args, **kwargs)
           ^^^^^^^^^^^^^^^^^^^^^^^^
  File "C:\Users\thecl\AppData\Local\Packages\PythonSoftwareFoundation.Python.3.11_qbz5n2kfra8p0\LocalCache\local-packages\Python311\site-packages\dlt\pipeline\pipeline.py", line 815, in run
    self.extract(
  File "C:\Users\thecl\AppData\Local\Packages\PythonSoftwareFoundation.Python.3.11_qbz5n2kfra8p0\LocalCache\local-packages\Python311\site-packages\dlt\pipeline\pipeline.py", line 237, in _wrap
    step_info = f(self, *args, **kwargs)
                ^^^^^^^^^^^^^^^^^^^^^^^^
  File "C:\Users\thecl\AppData\Local\Packages\PythonSoftwareFoundation.Python.3.11_qbz5n2kfra8p0\LocalCache\local-packages\Python311\site-packages\dlt\pipeline\pipeline.py", line 176, in _wrap
    return f(self, *args, **kwargs)
           ^^^^^^^^^^^^^^^^^^^^^^^^
  File "C:\Users\thecl\AppData\Local\Packages\PythonSoftwareFoundation.Python.3.11_qbz5n2kfra8p0\LocalCache\local-packages\Python311\site-packages\dlt\pipeline\pipeline.py", line 190, in _wrap
    rv = f(self, *args, **kwargs)
         ^^^^^^^^^^^^^^^^^^^^^^^^
  File "C:\Users\thecl\AppData\Local\Packages\PythonSoftwareFoundation.Python.3.11_qbz5n2kfra8p0\LocalCache\local-packages\Python311\site-packages\dlt\pipeline\pipeline.py", line 285, in _wrap
    return f(self, *args, **kwargs)
           ^^^^^^^^^^^^^^^^^^^^^^^^
  File "C:\Users\thecl\AppData\Local\Packages\PythonSoftwareFoundation.Python.3.11_qbz5n2kfra8p0\LocalCache\local-packages\Python311\site-packages\dlt\pipeline\pipeline.py", line 530, in extract
    raise PipelineStepFailed(
dlt.pipeline.exceptions.PipelineStepFailed: Pipeline execution failed at `step=extract` when processing package with `load_id=1789367327.9163084` with exception:

<class 'dlt.extract.exceptions.ResourceExtractionError'>
In processing pipe `relatedlistcolumndefinition`: extraction of resource `relatedlistcolumndefinition` in `generator` `_resource` caused an exception: Malformed request https://orgfarm-568b3bcb1a-dev-ed.develop.my.salesforce.com/services/data/v59.0/query/?q=SELECT+Id%2C+DurableId%2C+RelatedListDefinitionId%2C+FieldDefinitionId%2C+Label%2C+ColumnSoql%2C+Alias%2C+LookupId%2C+DataType%2C+IsDescribable%2C+IsDefault+FROM+RelatedListColumnDefinition. Response content: [{'message': 'RelatedListColumnDefinition: a filter on a reified column is required [RelatedListDefinitionId,DurableId]', 'errorCode': 'MALFORMED_QUERY'}]
2026-09-14 11:28:48,280 INFO [865/1126] RelatedListDefinition
2026-09-14 11:28:48,784 INFO querying RelatedListDefinition (full)
2026-09-14 11:28:49,140 ERROR failed to load RelatedListDefinition, skipping and continuing with the rest
Traceback (most recent call last):
  File "C:\Users\thecl\AppData\Local\Packages\PythonSoftwareFoundation.Python.3.11_qbz5n2kfra8p0\LocalCache\local-packages\Python311\site-packages\dlt\extract\pipe_iterator.py", line 274, in _get_source_item
    pipe_item = next(gen)
                ^^^^^^^^^
  File "C:\Users\thecl\OneDrive\Desktop\creditflow-data-warehouse\etl\salesforce_pipeline.py", line 147, in _resource
    for batch in paged_records(sf, soql):
  File "C:\Users\thecl\OneDrive\Desktop\creditflow-data-warehouse\etl\salesforce_pipeline.py", line 122, in paged_records
    for record in run_query_page(sf, soql):
  File "C:\Users\thecl\AppData\Local\Packages\PythonSoftwareFoundation.Python.3.11_qbz5n2kfra8p0\LocalCache\local-packages\Python311\site-packages\simple_salesforce\api.py", line 634, in query_all_iter
    result = self.query(query,
             ^^^^^^^^^^^^^^^^^
  File "C:\Users\thecl\AppData\Local\Packages\PythonSoftwareFoundation.Python.3.11_qbz5n2kfra8p0\LocalCache\local-packages\Python311\site-packages\simple_salesforce\api.py", line 568, in query
    result = self._call_salesforce('GET',
             ^^^^^^^^^^^^^^^^^^^^^^^^^^^^
  File "C:\Users\thecl\AppData\Local\Packages\PythonSoftwareFoundation.Python.3.11_qbz5n2kfra8p0\LocalCache\local-packages\Python311\site-packages\simple_salesforce\api.py", line 787, in _call_salesforce
    exception_handler(result,
  File "C:\Users\thecl\AppData\Local\Packages\PythonSoftwareFoundation.Python.3.11_qbz5n2kfra8p0\LocalCache\local-packages\Python311\site-packages\simple_salesforce\util.py", line 89, in exception_handler
    raise exc_cls(result.url, result.status_code, name, response_content)
simple_salesforce.exceptions.SalesforceMalformedRequest: Malformed request https://orgfarm-568b3bcb1a-dev-ed.develop.my.salesforce.com/services/data/v59.0/query/?q=SELECT+Id%2C+DurableId%2C+EntityDefinitionId%2C+ParentEntityDefinitionId%2C+Label%2C+RelatedListId%2C+RelatedListName%2C+DefaultSort%2C+IsLayoutable%2C+IsDescribable%2C+IsCustomizable+FROM+RelatedListDefinition. Response content: [{'message': 'RelatedListDefinition: a filter on a reified column is required [ParentEntityDefinitionId,DurableId]', 'errorCode': 'MALFORMED_QUERY'}]

The above exception was the direct cause of the following exception:

Traceback (most recent call last):
  File "C:\Users\thecl\AppData\Local\Packages\PythonSoftwareFoundation.Python.3.11_qbz5n2kfra8p0\LocalCache\local-packages\Python311\site-packages\dlt\pipeline\pipeline.py", line 507, in extract
    self._extract_source(
  File "C:\Users\thecl\AppData\Local\Packages\PythonSoftwareFoundation.Python.3.11_qbz5n2kfra8p0\LocalCache\local-packages\Python311\site-packages\dlt\pipeline\pipeline.py", line 1661, in _extract_source
    load_id = extract.extract(
              ^^^^^^^^^^^^^^^^
  File "C:\Users\thecl\AppData\Local\Packages\PythonSoftwareFoundation.Python.3.11_qbz5n2kfra8p0\LocalCache\local-packages\Python311\site-packages\dlt\extract\extract.py", line 608, in extract
    self._extract_single_source(
  File "C:\Users\thecl\AppData\Local\Packages\PythonSoftwareFoundation.Python.3.11_qbz5n2kfra8p0\LocalCache\local-packages\Python311\site-packages\dlt\extract\extract.py", line 525, in _extract_single_source
    for pipe_item in pipes:
  File "C:\Users\thecl\AppData\Local\Packages\PythonSoftwareFoundation.Python.3.11_qbz5n2kfra8p0\LocalCache\local-packages\Python311\site-packages\dlt\extract\pipe_iterator.py", line 158, in __next__
    pipe_item = self._get_source_item()
                ^^^^^^^^^^^^^^^^^^^^^^^
  File "C:\Users\thecl\AppData\Local\Packages\PythonSoftwareFoundation.Python.3.11_qbz5n2kfra8p0\LocalCache\local-packages\Python311\site-packages\dlt\extract\pipe_iterator.py", line 304, in _get_source_item
    raise ResourceExtractionError(pipe.name, gen, str(ex), "generator") from ex
dlt.extract.exceptions.ResourceExtractionError: In processing pipe `relatedlistdefinition`: extraction of resource `relatedlistdefinition` in `generator` `_resource` caused an exception: Malformed request https://orgfarm-568b3bcb1a-dev-ed.develop.my.salesforce.com/services/data/v59.0/query/?q=SELECT+Id%2C+DurableId%2C+EntityDefinitionId%2C+ParentEntityDefinitionId%2C+Label%2C+RelatedListId%2C+RelatedListName%2C+DefaultSort%2C+IsLayoutable%2C+IsDescribable%2C+IsCustomizable+FROM+RelatedListDefinition. Response content: [{'message': 'RelatedListDefinition: a filter on a reified column is required [ParentEntityDefinitionId,DurableId]', 'errorCode': 'MALFORMED_QUERY'}]

The above exception was the direct cause of the following exception:

Traceback (most recent call last):
  File "C:\Users\thecl\OneDrive\Desktop\creditflow-data-warehouse\etl\salesforce_pipeline.py", line 192, in run
    load_info = pipeline.run(resource())
                ^^^^^^^^^^^^^^^^^^^^^^^^
  File "C:\Users\thecl\AppData\Local\Packages\PythonSoftwareFoundation.Python.3.11_qbz5n2kfra8p0\LocalCache\local-packages\Python311\site-packages\dlt\pipeline\pipeline.py", line 237, in _wrap
    step_info = f(self, *args, **kwargs)
                ^^^^^^^^^^^^^^^^^^^^^^^^
  File "C:\Users\thecl\AppData\Local\Packages\PythonSoftwareFoundation.Python.3.11_qbz5n2kfra8p0\LocalCache\local-packages\Python311\site-packages\dlt\pipeline\pipeline.py", line 285, in _wrap
    return f(self, *args, **kwargs)
           ^^^^^^^^^^^^^^^^^^^^^^^^
  File "C:\Users\thecl\AppData\Local\Packages\PythonSoftwareFoundation.Python.3.11_qbz5n2kfra8p0\LocalCache\local-packages\Python311\site-packages\dlt\pipeline\pipeline.py", line 815, in run
    self.extract(
  File "C:\Users\thecl\AppData\Local\Packages\PythonSoftwareFoundation.Python.3.11_qbz5n2kfra8p0\LocalCache\local-packages\Python311\site-packages\dlt\pipeline\pipeline.py", line 237, in _wrap
    step_info = f(self, *args, **kwargs)
                ^^^^^^^^^^^^^^^^^^^^^^^^
  File "C:\Users\thecl\AppData\Local\Packages\PythonSoftwareFoundation.Python.3.11_qbz5n2kfra8p0\LocalCache\local-packages\Python311\site-packages\dlt\pipeline\pipeline.py", line 176, in _wrap
    return f(self, *args, **kwargs)
           ^^^^^^^^^^^^^^^^^^^^^^^^
  File "C:\Users\thecl\AppData\Local\Packages\PythonSoftwareFoundation.Python.3.11_qbz5n2kfra8p0\LocalCache\local-packages\Python311\site-packages\dlt\pipeline\pipeline.py", line 190, in _wrap
    rv = f(self, *args, **kwargs)
         ^^^^^^^^^^^^^^^^^^^^^^^^
  File "C:\Users\thecl\AppData\Local\Packages\PythonSoftwareFoundation.Python.3.11_qbz5n2kfra8p0\LocalCache\local-packages\Python311\site-packages\dlt\pipeline\pipeline.py", line 285, in _wrap
    return f(self, *args, **kwargs)
           ^^^^^^^^^^^^^^^^^^^^^^^^
  File "C:\Users\thecl\AppData\Local\Packages\PythonSoftwareFoundation.Python.3.11_qbz5n2kfra8p0\LocalCache\local-packages\Python311\site-packages\dlt\pipeline\pipeline.py", line 530, in extract
    raise PipelineStepFailed(
dlt.pipeline.exceptions.PipelineStepFailed: Pipeline execution failed at `step=extract` when processing package with `load_id=1789367328.7735643` with exception:

<class 'dlt.extract.exceptions.ResourceExtractionError'>
In processing pipe `relatedlistdefinition`: extraction of resource `relatedlistdefinition` in `generator` `_resource` caused an exception: Malformed request https://orgfarm-568b3bcb1a-dev-ed.develop.my.salesforce.com/services/data/v59.0/query/?q=SELECT+Id%2C+DurableId%2C+EntityDefinitionId%2C+ParentEntityDefinitionId%2C+Label%2C+RelatedListId%2C+RelatedListName%2C+DefaultSort%2C+IsLayoutable%2C+IsDescribable%2C+IsCustomizable+FROM+RelatedListDefinition. Response content: [{'message': 'RelatedListDefinition: a filter on a reified column is required [ParentEntityDefinitionId,DurableId]', 'errorCode': 'MALFORMED_QUERY'}]
2026-09-14 11:28:49,140 INFO [866/1126] RelationshipDomain
2026-09-14 11:28:49,687 INFO querying RelationshipDomain (full)
2026-09-14 11:28:50,109 ERROR failed to load RelationshipDomain, skipping and continuing with the rest
Traceback (most recent call last):
  File "C:\Users\thecl\AppData\Local\Packages\PythonSoftwareFoundation.Python.3.11_qbz5n2kfra8p0\LocalCache\local-packages\Python311\site-packages\dlt\extract\pipe_iterator.py", line 274, in _get_source_item
    pipe_item = next(gen)
                ^^^^^^^^^
  File "C:\Users\thecl\OneDrive\Desktop\creditflow-data-warehouse\etl\salesforce_pipeline.py", line 147, in _resource
    for batch in paged_records(sf, soql):
  File "C:\Users\thecl\OneDrive\Desktop\creditflow-data-warehouse\etl\salesforce_pipeline.py", line 122, in paged_records
    for record in run_query_page(sf, soql):
  File "C:\Users\thecl\AppData\Local\Packages\PythonSoftwareFoundation.Python.3.11_qbz5n2kfra8p0\LocalCache\local-packages\Python311\site-packages\simple_salesforce\api.py", line 634, in query_all_iter
    result = self.query(query,
             ^^^^^^^^^^^^^^^^^
  File "C:\Users\thecl\AppData\Local\Packages\PythonSoftwareFoundation.Python.3.11_qbz5n2kfra8p0\LocalCache\local-packages\Python311\site-packages\simple_salesforce\api.py", line 568, in query
    result = self._call_salesforce('GET',
             ^^^^^^^^^^^^^^^^^^^^^^^^^^^^
  File "C:\Users\thecl\AppData\Local\Packages\PythonSoftwareFoundation.Python.3.11_qbz5n2kfra8p0\LocalCache\local-packages\Python311\site-packages\simple_salesforce\api.py", line 787, in _call_salesforce
    exception_handler(result,
  File "C:\Users\thecl\AppData\Local\Packages\PythonSoftwareFoundation.Python.3.11_qbz5n2kfra8p0\LocalCache\local-packages\Python311\site-packages\simple_salesforce\util.py", line 89, in exception_handler
    raise exc_cls(result.url, result.status_code, name, response_content)
simple_salesforce.exceptions.SalesforceMalformedRequest: Malformed request https://orgfarm-568b3bcb1a-dev-ed.develop.my.salesforce.com/services/data/v59.0/query/?q=SELECT+Id%2C+DurableId%2C+ParentSobjectId%2C+ChildSobjectId%2C+FieldId%2C+RelationshipInfoId%2C+RelationshipName%2C+IsCascadeDelete%2C+IsDeprecatedAndHidden%2C+IsRestrictedDelete%2C+JunctionIdListNames+FROM+RelationshipDomain. Response content: [{'message': 'RelationshipDomain: a filter on a reified column is required [ParentSobjectId,ChildSobjectId,FieldId,RelationshipInfoId,DurableId]', 'errorCode': 'MALFORMED_QUERY'}]

The above exception was the direct cause of the following exception:

Traceback (most recent call last):
  File "C:\Users\thecl\AppData\Local\Packages\PythonSoftwareFoundation.Python.3.11_qbz5n2kfra8p0\LocalCache\local-packages\Python311\site-packages\dlt\pipeline\pipeline.py", line 507, in extract
    self._extract_source(
  File "C:\Users\thecl\AppData\Local\Packages\PythonSoftwareFoundation.Python.3.11_qbz5n2kfra8p0\LocalCache\local-packages\Python311\site-packages\dlt\pipeline\pipeline.py", line 1661, in _extract_source
    load_id = extract.extract(
              ^^^^^^^^^^^^^^^^
  File "C:\Users\thecl\AppData\Local\Packages\PythonSoftwareFoundation.Python.3.11_qbz5n2kfra8p0\LocalCache\local-packages\Python311\site-packages\dlt\extract\extract.py", line 608, in extract
    self._extract_single_source(
  File "C:\Users\thecl\AppData\Local\Packages\PythonSoftwareFoundation.Python.3.11_qbz5n2kfra8p0\LocalCache\local-packages\Python311\site-packages\dlt\extract\extract.py", line 525, in _extract_single_source
    for pipe_item in pipes:
  File "C:\Users\thecl\AppData\Local\Packages\PythonSoftwareFoundation.Python.3.11_qbz5n2kfra8p0\LocalCache\local-packages\Python311\site-packages\dlt\extract\pipe_iterator.py", line 158, in __next__
    pipe_item = self._get_source_item()
                ^^^^^^^^^^^^^^^^^^^^^^^
  File "C:\Users\thecl\AppData\Local\Packages\PythonSoftwareFoundation.Python.3.11_qbz5n2kfra8p0\LocalCache\local-packages\Python311\site-packages\dlt\extract\pipe_iterator.py", line 304, in _get_source_item
    raise ResourceExtractionError(pipe.name, gen, str(ex), "generator") from ex
dlt.extract.exceptions.ResourceExtractionError: In processing pipe `relationshipdomain`: extraction of resource `relationshipdomain` in `generator` `_resource` caused an exception: Malformed request https://orgfarm-568b3bcb1a-dev-ed.develop.my.salesforce.com/services/data/v59.0/query/?q=SELECT+Id%2C+DurableId%2C+ParentSobjectId%2C+ChildSobjectId%2C+FieldId%2C+RelationshipInfoId%2C+RelationshipName%2C+IsCascadeDelete%2C+IsDeprecatedAndHidden%2C+IsRestrictedDelete%2C+JunctionIdListNames+FROM+RelationshipDomain. Response content: [{'message': 'RelationshipDomain: a filter on a reified column is required [ParentSobjectId,ChildSobjectId,FieldId,RelationshipInfoId,DurableId]', 'errorCode': 'MALFORMED_QUERY'}]

The above exception was the direct cause of the following exception:

Traceback (most recent call last):
  File "C:\Users\thecl\OneDrive\Desktop\creditflow-data-warehouse\etl\salesforce_pipeline.py", line 192, in run
    load_info = pipeline.run(resource())
                ^^^^^^^^^^^^^^^^^^^^^^^^
  File "C:\Users\thecl\AppData\Local\Packages\PythonSoftwareFoundation.Python.3.11_qbz5n2kfra8p0\LocalCache\local-packages\Python311\site-packages\dlt\pipeline\pipeline.py", line 237, in _wrap
    step_info = f(self, *args, **kwargs)
                ^^^^^^^^^^^^^^^^^^^^^^^^
  File "C:\Users\thecl\AppData\Local\Packages\PythonSoftwareFoundation.Python.3.11_qbz5n2kfra8p0\LocalCache\local-packages\Python311\site-packages\dlt\pipeline\pipeline.py", line 285, in _wrap
    return f(self, *args, **kwargs)
           ^^^^^^^^^^^^^^^^^^^^^^^^
  File "C:\Users\thecl\AppData\Local\Packages\PythonSoftwareFoundation.Python.3.11_qbz5n2kfra8p0\LocalCache\local-packages\Python311\site-packages\dlt\pipeline\pipeline.py", line 815, in run
    self.extract(
  File "C:\Users\thecl\AppData\Local\Packages\PythonSoftwareFoundation.Python.3.11_qbz5n2kfra8p0\LocalCache\local-packages\Python311\site-packages\dlt\pipeline\pipeline.py", line 237, in _wrap
    step_info = f(self, *args, **kwargs)
                ^^^^^^^^^^^^^^^^^^^^^^^^
  File "C:\Users\thecl\AppData\Local\Packages\PythonSoftwareFoundation.Python.3.11_qbz5n2kfra8p0\LocalCache\local-packages\Python311\site-packages\dlt\pipeline\pipeline.py", line 176, in _wrap
    return f(self, *args, **kwargs)
           ^^^^^^^^^^^^^^^^^^^^^^^^
  File "C:\Users\thecl\AppData\Local\Packages\PythonSoftwareFoundation.Python.3.11_qbz5n2kfra8p0\LocalCache\local-packages\Python311\site-packages\dlt\pipeline\pipeline.py", line 190, in _wrap
    rv = f(self, *args, **kwargs)
         ^^^^^^^^^^^^^^^^^^^^^^^^
  File "C:\Users\thecl\AppData\Local\Packages\PythonSoftwareFoundation.Python.3.11_qbz5n2kfra8p0\LocalCache\local-packages\Python311\site-packages\dlt\pipeline\pipeline.py", line 285, in _wrap
    return f(self, *args, **kwargs)
           ^^^^^^^^^^^^^^^^^^^^^^^^
  File "C:\Users\thecl\AppData\Local\Packages\PythonSoftwareFoundation.Python.3.11_qbz5n2kfra8p0\LocalCache\local-packages\Python311\site-packages\dlt\pipeline\pipeline.py", line 530, in extract
    raise PipelineStepFailed(
dlt.pipeline.exceptions.PipelineStepFailed: Pipeline execution failed at `step=extract` when processing package with `load_id=1789367329.6683552` with exception:

<class 'dlt.extract.exceptions.ResourceExtractionError'>
In processing pipe `relationshipdomain`: extraction of resource `relationshipdomain` in `generator` `_resource` caused an exception: Malformed request https://orgfarm-568b3bcb1a-dev-ed.develop.my.salesforce.com/services/data/v59.0/query/?q=SELECT+Id%2C+DurableId%2C+ParentSobjectId%2C+ChildSobjectId%2C+FieldId%2C+RelationshipInfoId%2C+RelationshipName%2C+IsCascadeDelete%2C+IsDeprecatedAndHidden%2C+IsRestrictedDelete%2C+JunctionIdListNames+FROM+RelationshipDomain. Response content: [{'message': 'RelationshipDomain: a filter on a reified column is required [ParentSobjectId,ChildSobjectId,FieldId,RelationshipInfoId,DurableId]', 'errorCode': 'MALFORMED_QUERY'}]
2026-09-14 11:28:50,109 INFO [867/1126] RelationshipInfo
2026-09-14 11:28:50,622 INFO querying RelationshipInfo (full)
2026-09-14 11:28:51,759 ERROR failed to load RelationshipInfo, skipping and continuing with the rest
Traceback (most recent call last):
  File "C:\Users\thecl\AppData\Local\Packages\PythonSoftwareFoundation.Python.3.11_qbz5n2kfra8p0\LocalCache\local-packages\Python311\site-packages\dlt\extract\pipe_iterator.py", line 274, in _get_source_item
    pipe_item = next(gen)
                ^^^^^^^^^
  File "C:\Users\thecl\OneDrive\Desktop\creditflow-data-warehouse\etl\salesforce_pipeline.py", line 147, in _resource
    for batch in paged_records(sf, soql):
  File "C:\Users\thecl\OneDrive\Desktop\creditflow-data-warehouse\etl\salesforce_pipeline.py", line 122, in paged_records
    for record in run_query_page(sf, soql):
  File "C:\Users\thecl\AppData\Local\Packages\PythonSoftwareFoundation.Python.3.11_qbz5n2kfra8p0\LocalCache\local-packages\Python311\site-packages\simple_salesforce\api.py", line 634, in query_all_iter
    result = self.query(query,
             ^^^^^^^^^^^^^^^^^
  File "C:\Users\thecl\AppData\Local\Packages\PythonSoftwareFoundation.Python.3.11_qbz5n2kfra8p0\LocalCache\local-packages\Python311\site-packages\simple_salesforce\api.py", line 568, in query
    result = self._call_salesforce('GET',
             ^^^^^^^^^^^^^^^^^^^^^^^^^^^^
  File "C:\Users\thecl\AppData\Local\Packages\PythonSoftwareFoundation.Python.3.11_qbz5n2kfra8p0\LocalCache\local-packages\Python311\site-packages\simple_salesforce\api.py", line 787, in _call_salesforce
    exception_handler(result,
  File "C:\Users\thecl\AppData\Local\Packages\PythonSoftwareFoundation.Python.3.11_qbz5n2kfra8p0\LocalCache\local-packages\Python311\site-packages\simple_salesforce\util.py", line 89, in exception_handler
    raise exc_cls(result.url, result.status_code, name, response_content)
simple_salesforce.exceptions.SalesforceMalformedRequest: Malformed request https://orgfarm-568b3bcb1a-dev-ed.develop.my.salesforce.com/services/data/v59.0/query/?q=SELECT+Id%2C+DurableId%2C+ChildSobjectId%2C+FieldId%2C+IsCascadeDelete%2C+IsDeprecatedAndHidden%2C+IsRestrictedDelete%2C+JunctionIdListNames+FROM+RelationshipInfo. Response content: [{'message': 'RelationshipInfo: a filter on a reified column is required [FieldId,ChildSobjectId,DurableId]', 'errorCode': 'MALFORMED_QUERY'}]

The above exception was the direct cause of the following exception:

Traceback (most recent call last):
  File "C:\Users\thecl\AppData\Local\Packages\PythonSoftwareFoundation.Python.3.11_qbz5n2kfra8p0\LocalCache\local-packages\Python311\site-packages\dlt\pipeline\pipeline.py", line 507, in extract
    self._extract_source(
  File "C:\Users\thecl\AppData\Local\Packages\PythonSoftwareFoundation.Python.3.11_qbz5n2kfra8p0\LocalCache\local-packages\Python311\site-packages\dlt\pipeline\pipeline.py", line 1661, in _extract_source
    load_id = extract.extract(
              ^^^^^^^^^^^^^^^^
  File "C:\Users\thecl\AppData\Local\Packages\PythonSoftwareFoundation.Python.3.11_qbz5n2kfra8p0\LocalCache\local-packages\Python311\site-packages\dlt\extract\extract.py", line 608, in extract
    self._extract_single_source(
  File "C:\Users\thecl\AppData\Local\Packages\PythonSoftwareFoundation.Python.3.11_qbz5n2kfra8p0\LocalCache\local-packages\Python311\site-packages\dlt\extract\extract.py", line 525, in _extract_single_source
    for pipe_item in pipes:
  File "C:\Users\thecl\AppData\Local\Packages\PythonSoftwareFoundation.Python.3.11_qbz5n2kfra8p0\LocalCache\local-packages\Python311\site-packages\dlt\extract\pipe_iterator.py", line 158, in __next__
    pipe_item = self._get_source_item()
                ^^^^^^^^^^^^^^^^^^^^^^^
  File "C:\Users\thecl\AppData\Local\Packages\PythonSoftwareFoundation.Python.3.11_qbz5n2kfra8p0\LocalCache\local-packages\Python311\site-packages\dlt\extract\pipe_iterator.py", line 304, in _get_source_item
    raise ResourceExtractionError(pipe.name, gen, str(ex), "generator") from ex
dlt.extract.exceptions.ResourceExtractionError: In processing pipe `relationshipinfo`: extraction of resource `relationshipinfo` in `generator` `_resource` caused an exception: Malformed request https://orgfarm-568b3bcb1a-dev-ed.develop.my.salesforce.com/services/data/v59.0/query/?q=SELECT+Id%2C+DurableId%2C+ChildSobjectId%2C+FieldId%2C+IsCascadeDelete%2C+IsDeprecatedAndHidden%2C+IsRestrictedDelete%2C+JunctionIdListNames+FROM+RelationshipInfo. Response content: [{'message': 'RelationshipInfo: a filter on a reified column is required [FieldId,ChildSobjectId,DurableId]', 'errorCode': 'MALFORMED_QUERY'}]

The above exception was the direct cause of the following exception:

Traceback (most recent call last):
  File "C:\Users\thecl\OneDrive\Desktop\creditflow-data-warehouse\etl\salesforce_pipeline.py", line 192, in run
    load_info = pipeline.run(resource())
                ^^^^^^^^^^^^^^^^^^^^^^^^
  File "C:\Users\thecl\AppData\Local\Packages\PythonSoftwareFoundation.Python.3.11_qbz5n2kfra8p0\LocalCache\local-packages\Python311\site-packages\dlt\pipeline\pipeline.py", line 237, in _wrap
    step_info = f(self, *args, **kwargs)
                ^^^^^^^^^^^^^^^^^^^^^^^^
  File "C:\Users\thecl\AppData\Local\Packages\PythonSoftwareFoundation.Python.3.11_qbz5n2kfra8p0\LocalCache\local-packages\Python311\site-packages\dlt\pipeline\pipeline.py", line 285, in _wrap
    return f(self, *args, **kwargs)
           ^^^^^^^^^^^^^^^^^^^^^^^^
  File "C:\Users\thecl\AppData\Local\Packages\PythonSoftwareFoundation.Python.3.11_qbz5n2kfra8p0\LocalCache\local-packages\Python311\site-packages\dlt\pipeline\pipeline.py", line 815, in run
    self.extract(
  File "C:\Users\thecl\AppData\Local\Packages\PythonSoftwareFoundation.Python.3.11_qbz5n2kfra8p0\LocalCache\local-packages\Python311\site-packages\dlt\pipeline\pipeline.py", line 237, in _wrap
    step_info = f(self, *args, **kwargs)
                ^^^^^^^^^^^^^^^^^^^^^^^^
  File "C:\Users\thecl\AppData\Local\Packages\PythonSoftwareFoundation.Python.3.11_qbz5n2kfra8p0\LocalCache\local-packages\Python311\site-packages\dlt\pipeline\pipeline.py", line 176, in _wrap
    return f(self, *args, **kwargs)
           ^^^^^^^^^^^^^^^^^^^^^^^^
  File "C:\Users\thecl\AppData\Local\Packages\PythonSoftwareFoundation.Python.3.11_qbz5n2kfra8p0\LocalCache\local-packages\Python311\site-packages\dlt\pipeline\pipeline.py", line 190, in _wrap
    rv = f(self, *args, **kwargs)
         ^^^^^^^^^^^^^^^^^^^^^^^^
  File "C:\Users\thecl\AppData\Local\Packages\PythonSoftwareFoundation.Python.3.11_qbz5n2kfra8p0\LocalCache\local-packages\Python311\site-packages\dlt\pipeline\pipeline.py", line 285, in _wrap
    return f(self, *args, **kwargs)
           ^^^^^^^^^^^^^^^^^^^^^^^^
  File "C:\Users\thecl\AppData\Local\Packages\PythonSoftwareFoundation.Python.3.11_qbz5n2kfra8p0\LocalCache\local-packages\Python311\site-packages\dlt\pipeline\pipeline.py", line 530, in extract
    raise PipelineStepFailed(
dlt.pipeline.exceptions.PipelineStepFailed: Pipeline execution failed at `step=extract` when processing package with `load_id=1789367330.6147091` with exception:

<class 'dlt.extract.exceptions.ResourceExtractionError'>
In processing pipe `relationshipinfo`: extraction of resource `relationshipinfo` in `generator` `_resource` caused an exception: Malformed request https://orgfarm-568b3bcb1a-dev-ed.develop.my.salesforce.com/services/data/v59.0/query/?q=SELECT+Id%2C+DurableId%2C+ChildSobjectId%2C+FieldId%2C+IsCascadeDelete%2C+IsDeprecatedAndHidden%2C+IsRestrictedDelete%2C+JunctionIdListNames+FROM+RelationshipInfo. Response content: [{'message': 'RelationshipInfo: a filter on a reified column is required [FieldId,ChildSobjectId,DurableId]', 'errorCode': 'MALFORMED_QUERY'}]
2026-09-14 11:28:51,759 INFO [868/1126] Report
2026-09-14 11:28:52,385 INFO querying Report incrementally since 2000-01-01T00:00:00Z
2026-09-14 11:28:54,055 INFO [869/1126] ReportAnomalyEventStore
2026-09-14 11:28:54,733 INFO querying ReportAnomalyEventStore incrementally since 2000-01-01T00:00:00Z
2026-09-14 11:28:55,751 INFO [870/1126] ReportAnomalyEventStoreFeed
2026-09-14 11:28:56,471 INFO querying ReportAnomalyEventStoreFeed incrementally since 2000-01-01T00:00:00Z
2026-09-14 11:28:57,529 INFO [871/1126] ReportEvent
2026-09-14 11:28:58,049 INFO querying ReportEvent (full)
2026-09-14 11:28:58,831 INFO [872/1126] ReportFeed
2026-09-14 11:28:59,442 INFO querying ReportFeed incrementally since 2000-01-01T00:00:00Z
2026-09-14 11:29:00,493 INFO [873/1126] ReportLocalization
2026-09-14 11:29:01,056 INFO querying ReportLocalization incrementally since 2000-01-01T00:00:00Z
2026-09-14 11:29:02,123 INFO [874/1126] ResourceAbsence
2026-09-14 11:29:02,800 INFO querying ResourceAbsence incrementally since 2000-01-01T00:00:00Z
2026-09-14 11:29:03,867 INFO [875/1126] ResourceAbsenceFeed
2026-09-14 11:29:04,450 INFO querying ResourceAbsenceFeed incrementally since 2000-01-01T00:00:00Z
2026-09-14 11:29:05,457 INFO [876/1126] ResourceAbsenceHistory
2026-09-14 11:29:06,018 INFO querying ResourceAbsenceHistory (full)
2026-09-14 11:29:06,569 INFO [877/1126] ResourcePreference
2026-09-14 11:29:07,217 INFO querying ResourcePreference incrementally since 2000-01-01T00:00:00Z
2026-09-14 11:29:08,406 INFO [878/1126] ResourcePreferenceFeed
2026-09-14 11:29:08,983 INFO querying ResourcePreferenceFeed incrementally since 2000-01-01T00:00:00Z
2026-09-14 11:29:10,010 INFO [879/1126] ResourcePreferenceHistory
2026-09-14 11:29:10,552 INFO querying ResourcePreferenceHistory (full)
2026-09-14 11:29:11,133 INFO [880/1126] ReturnOrder
2026-09-14 11:29:11,793 INFO querying ReturnOrder incrementally since 2000-01-01T00:00:00Z
2026-09-14 11:29:12,845 INFO [881/1126] ReturnOrderFeed
2026-09-14 11:29:13,458 INFO querying ReturnOrderFeed incrementally since 2000-01-01T00:00:00Z
2026-09-14 11:29:14,508 INFO [882/1126] ReturnOrderHistory
2026-09-14 11:29:15,013 INFO querying ReturnOrderHistory (full)
2026-09-14 11:29:15,594 INFO [883/1126] ReturnOrderItemAdjustment
2026-09-14 11:29:16,215 INFO querying ReturnOrderItemAdjustment incrementally since 2000-01-01T00:00:00Z
2026-09-14 11:29:17,320 INFO [884/1126] ReturnOrderItemTax
2026-09-14 11:29:17,923 INFO querying ReturnOrderItemTax incrementally since 2000-01-01T00:00:00Z
2026-09-14 11:29:18,937 INFO [885/1126] ReturnOrderLineItem
2026-09-14 11:29:19,897 INFO querying ReturnOrderLineItem incrementally since 2000-01-01T00:00:00Z
2026-09-14 11:29:20,943 INFO [886/1126] ReturnOrderLineItemFeed
2026-09-14 11:29:21,555 INFO querying ReturnOrderLineItemFeed incrementally since 2000-01-01T00:00:00Z
2026-09-14 11:29:22,631 INFO [887/1126] ReturnOrderLineItemHistory
2026-09-14 11:29:23,189 INFO querying ReturnOrderLineItemHistory (full)
2026-09-14 11:29:23,766 INFO [888/1126] ReturnOrderShare
2026-09-14 11:29:24,395 INFO querying ReturnOrderShare incrementally since 2000-01-01T00:00:00Z
2026-09-14 11:29:25,431 INFO [889/1126] SPSamlAttributes
2026-09-14 11:29:26,001 INFO querying SPSamlAttributes incrementally since 2000-01-01T00:00:00Z
2026-09-14 11:29:27,031 INFO [890/1126] SalesStore
2026-09-14 11:29:27,549 INFO querying SalesStore (full)
2026-09-14 11:29:28,099 INFO [891/1126] SamlSsoConfig
2026-09-14 11:29:28,825 INFO querying SamlSsoConfig incrementally since 2000-01-01T00:00:00Z
2026-09-14 11:29:29,889 INFO [892/1126] Scontrol
2026-09-14 11:29:30,443 INFO querying Scontrol incrementally since 2000-01-01T00:00:00Z
2026-09-14 11:29:31,476 INFO [893/1126] ScontrolLocalization
2026-09-14 11:29:32,059 INFO querying ScontrolLocalization incrementally since 2000-01-01T00:00:00Z
2026-09-14 11:29:33,325 INFO [894/1126] Scorecard
2026-09-14 11:29:33,970 INFO querying Scorecard incrementally since 2000-01-01T00:00:00Z
2026-09-14 11:29:34,989 INFO [895/1126] ScorecardAssociation
2026-09-14 11:29:35,762 INFO querying ScorecardAssociation incrementally since 2000-01-01T00:00:00Z
2026-09-14 11:29:36,764 INFO [896/1126] ScorecardMetric
2026-09-14 11:29:37,396 INFO querying ScorecardMetric incrementally since 2000-01-01T00:00:00Z
2026-09-14 11:29:38,481 INFO [897/1126] ScorecardShare
2026-09-14 11:29:39,046 INFO querying ScorecardShare incrementally since 2000-01-01T00:00:00Z
2026-09-14 11:29:40,117 INFO [898/1126] SearchLayout
2026-09-14 11:29:40,711 INFO querying SearchLayout incrementally since 2000-01-01T00:00:00Z
2026-09-14 11:29:41,091 ERROR failed to load SearchLayout, skipping and continuing with the rest
Traceback (most recent call last):
  File "C:\Users\thecl\AppData\Local\Packages\PythonSoftwareFoundation.Python.3.11_qbz5n2kfra8p0\LocalCache\local-packages\Python311\site-packages\dlt\extract\pipe_iterator.py", line 274, in _get_source_item
    pipe_item = next(gen)
                ^^^^^^^^^
  File "C:\Users\thecl\OneDrive\Desktop\creditflow-data-warehouse\etl\salesforce_pipeline.py", line 140, in _resource
    for batch in paged_records(sf, soql):
  File "C:\Users\thecl\OneDrive\Desktop\creditflow-data-warehouse\etl\salesforce_pipeline.py", line 122, in paged_records
    for record in run_query_page(sf, soql):
  File "C:\Users\thecl\AppData\Local\Packages\PythonSoftwareFoundation.Python.3.11_qbz5n2kfra8p0\LocalCache\local-packages\Python311\site-packages\simple_salesforce\api.py", line 634, in query_all_iter
    result = self.query(query,
             ^^^^^^^^^^^^^^^^^
  File "C:\Users\thecl\AppData\Local\Packages\PythonSoftwareFoundation.Python.3.11_qbz5n2kfra8p0\LocalCache\local-packages\Python311\site-packages\simple_salesforce\api.py", line 568, in query
    result = self._call_salesforce('GET',
             ^^^^^^^^^^^^^^^^^^^^^^^^^^^^
  File "C:\Users\thecl\AppData\Local\Packages\PythonSoftwareFoundation.Python.3.11_qbz5n2kfra8p0\LocalCache\local-packages\Python311\site-packages\simple_salesforce\api.py", line 787, in _call_salesforce
    exception_handler(result,
  File "C:\Users\thecl\AppData\Local\Packages\PythonSoftwareFoundation.Python.3.11_qbz5n2kfra8p0\LocalCache\local-packages\Python311\site-packages\simple_salesforce\util.py", line 89, in exception_handler
    raise exc_cls(result.url, result.status_code, name, response_content)
simple_salesforce.exceptions.SalesforceMalformedRequest: Malformed request https://orgfarm-568b3bcb1a-dev-ed.develop.my.salesforce.com/services/data/v59.0/query/?q=SELECT+Id%2C+DurableId%2C+Label%2C+LayoutType%2C+LastModifiedDate%2C+LastModifiedById%2C+EntityDefinitionId%2C+FieldsDisplayed%2C+ButtonsDisplayed%2C+Profile%2C+ProfileName%2C+ListLayout+FROM+SearchLayout+WHERE+LastModifiedDate+%3E+2000-01-01T00%3A00%3A00Z. Response content: [{'message': 'SearchLayout: a filter on a reified column is required [EntityDefinitionId,DurableId]', 'errorCode': 'MALFORMED_QUERY'}]

The above exception was the direct cause of the following exception:

Traceback (most recent call last):
  File "C:\Users\thecl\AppData\Local\Packages\PythonSoftwareFoundation.Python.3.11_qbz5n2kfra8p0\LocalCache\local-packages\Python311\site-packages\dlt\pipeline\pipeline.py", line 507, in extract
    self._extract_source(
  File "C:\Users\thecl\AppData\Local\Packages\PythonSoftwareFoundation.Python.3.11_qbz5n2kfra8p0\LocalCache\local-packages\Python311\site-packages\dlt\pipeline\pipeline.py", line 1661, in _extract_source
    load_id = extract.extract(
              ^^^^^^^^^^^^^^^^
  File "C:\Users\thecl\AppData\Local\Packages\PythonSoftwareFoundation.Python.3.11_qbz5n2kfra8p0\LocalCache\local-packages\Python311\site-packages\dlt\extract\extract.py", line 608, in extract
    self._extract_single_source(
  File "C:\Users\thecl\AppData\Local\Packages\PythonSoftwareFoundation.Python.3.11_qbz5n2kfra8p0\LocalCache\local-packages\Python311\site-packages\dlt\extract\extract.py", line 525, in _extract_single_source
    for pipe_item in pipes:
  File "C:\Users\thecl\AppData\Local\Packages\PythonSoftwareFoundation.Python.3.11_qbz5n2kfra8p0\LocalCache\local-packages\Python311\site-packages\dlt\extract\pipe_iterator.py", line 158, in __next__
    pipe_item = self._get_source_item()
                ^^^^^^^^^^^^^^^^^^^^^^^
  File "C:\Users\thecl\AppData\Local\Packages\PythonSoftwareFoundation.Python.3.11_qbz5n2kfra8p0\LocalCache\local-packages\Python311\site-packages\dlt\extract\pipe_iterator.py", line 304, in _get_source_item
    raise ResourceExtractionError(pipe.name, gen, str(ex), "generator") from ex
dlt.extract.exceptions.ResourceExtractionError: In processing pipe `searchlayout`: extraction of resource `searchlayout` in `generator` `_resource` caused an exception: Malformed request https://orgfarm-568b3bcb1a-dev-ed.develop.my.salesforce.com/services/data/v59.0/query/?q=SELECT+Id%2C+DurableId%2C+Label%2C+LayoutType%2C+LastModifiedDate%2C+LastModifiedById%2C+EntityDefinitionId%2C+FieldsDisplayed%2C+ButtonsDisplayed%2C+Profile%2C+ProfileName%2C+ListLayout+FROM+SearchLayout+WHERE+LastModifiedDate+%3E+2000-01-01T00%3A00%3A00Z. Response content: [{'message': 'SearchLayout: a filter on a reified column is required [EntityDefinitionId,DurableId]', 'errorCode': 'MALFORMED_QUERY'}]

The above exception was the direct cause of the following exception:

Traceback (most recent call last):
  File "C:\Users\thecl\OneDrive\Desktop\creditflow-data-warehouse\etl\salesforce_pipeline.py", line 192, in run
    load_info = pipeline.run(resource())
                ^^^^^^^^^^^^^^^^^^^^^^^^
  File "C:\Users\thecl\AppData\Local\Packages\PythonSoftwareFoundation.Python.3.11_qbz5n2kfra8p0\LocalCache\local-packages\Python311\site-packages\dlt\pipeline\pipeline.py", line 237, in _wrap
    step_info = f(self, *args, **kwargs)
                ^^^^^^^^^^^^^^^^^^^^^^^^
  File "C:\Users\thecl\AppData\Local\Packages\PythonSoftwareFoundation.Python.3.11_qbz5n2kfra8p0\LocalCache\local-packages\Python311\site-packages\dlt\pipeline\pipeline.py", line 285, in _wrap
    return f(self, *args, **kwargs)
           ^^^^^^^^^^^^^^^^^^^^^^^^
  File "C:\Users\thecl\AppData\Local\Packages\PythonSoftwareFoundation.Python.3.11_qbz5n2kfra8p0\LocalCache\local-packages\Python311\site-packages\dlt\pipeline\pipeline.py", line 815, in run
    self.extract(
  File "C:\Users\thecl\AppData\Local\Packages\PythonSoftwareFoundation.Python.3.11_qbz5n2kfra8p0\LocalCache\local-packages\Python311\site-packages\dlt\pipeline\pipeline.py", line 237, in _wrap
    step_info = f(self, *args, **kwargs)
                ^^^^^^^^^^^^^^^^^^^^^^^^
  File "C:\Users\thecl\AppData\Local\Packages\PythonSoftwareFoundation.Python.3.11_qbz5n2kfra8p0\LocalCache\local-packages\Python311\site-packages\dlt\pipeline\pipeline.py", line 176, in _wrap
    return f(self, *args, **kwargs)
           ^^^^^^^^^^^^^^^^^^^^^^^^
  File "C:\Users\thecl\AppData\Local\Packages\PythonSoftwareFoundation.Python.3.11_qbz5n2kfra8p0\LocalCache\local-packages\Python311\site-packages\dlt\pipeline\pipeline.py", line 190, in _wrap
    rv = f(self, *args, **kwargs)
         ^^^^^^^^^^^^^^^^^^^^^^^^
  File "C:\Users\thecl\AppData\Local\Packages\PythonSoftwareFoundation.Python.3.11_qbz5n2kfra8p0\LocalCache\local-packages\Python311\site-packages\dlt\pipeline\pipeline.py", line 285, in _wrap
    return f(self, *args, **kwargs)
           ^^^^^^^^^^^^^^^^^^^^^^^^
  File "C:\Users\thecl\AppData\Local\Packages\PythonSoftwareFoundation.Python.3.11_qbz5n2kfra8p0\LocalCache\local-packages\Python311\site-packages\dlt\pipeline\pipeline.py", line 530, in extract
    raise PipelineStepFailed(
dlt.pipeline.exceptions.PipelineStepFailed: Pipeline execution failed at `step=extract` when processing package with `load_id=1789367380.6609583` with exception:

<class 'dlt.extract.exceptions.ResourceExtractionError'>
In processing pipe `searchlayout`: extraction of resource `searchlayout` in `generator` `_resource` caused an exception: Malformed request https://orgfarm-568b3bcb1a-dev-ed.develop.my.salesforce.com/services/data/v59.0/query/?q=SELECT+Id%2C+DurableId%2C+Label%2C+LayoutType%2C+LastModifiedDate%2C+LastModifiedById%2C+EntityDefinitionId%2C+FieldsDisplayed%2C+ButtonsDisplayed%2C+Profile%2C+ProfileName%2C+ListLayout+FROM+SearchLayout+WHERE+LastModifiedDate+%3E+2000-01-01T00%3A00%3A00Z. Response content: [{'message': 'SearchLayout: a filter on a reified column is required [EntityDefinitionId,DurableId]', 'errorCode': 'MALFORMED_QUERY'}]
2026-09-14 11:29:41,091 INFO [899/1126] SearchPromotionRule
2026-09-14 11:29:41,669 INFO querying SearchPromotionRule incrementally since 2000-01-01T00:00:00Z
2026-09-14 11:29:42,728 INFO [900/1126] SecurityCustomBaseline
2026-09-14 11:29:43,286 INFO querying SecurityCustomBaseline incrementally since 2000-01-01T00:00:00Z
2026-09-14 11:29:44,342 INFO [901/1126] Seller
2026-09-14 11:29:45,225 INFO querying Seller incrementally since 2000-01-01T00:00:00Z
2026-09-14 11:29:46,245 INFO [902/1126] SellerHistory
2026-09-14 11:29:46,760 INFO querying SellerHistory (full)
2026-09-14 11:29:47,335 INFO [903/1126] SellerShare
2026-09-14 11:29:47,895 INFO querying SellerShare incrementally since 2000-01-01T00:00:00Z
2026-09-14 11:29:49,532 INFO [904/1126] ServiceAppointment
2026-09-14 11:29:50,514 INFO querying ServiceAppointment incrementally since 2000-01-01T00:00:00Z
2026-09-14 11:29:51,564 INFO [905/1126] ServiceAppointmentFeed
2026-09-14 11:29:52,195 INFO querying ServiceAppointmentFeed incrementally since 2000-01-01T00:00:00Z
2026-09-14 11:29:53,213 INFO [906/1126] ServiceAppointmentHistory
2026-09-14 11:29:53,716 INFO querying ServiceAppointmentHistory (full)
2026-09-14 11:29:54,332 INFO [907/1126] ServiceAppointmentShare
2026-09-14 11:29:54,916 INFO querying ServiceAppointmentShare incrementally since 2000-01-01T00:00:00Z
2026-09-14 11:29:56,012 INFO [908/1126] ServiceAppointmentStatus
2026-09-14 11:29:56,726 INFO querying ServiceAppointmentStatus incrementally since 2000-01-01T00:00:00Z
2026-09-14 11:29:58,206 INFO [909/1126] ServiceChannel
2026-09-14 11:29:59,456 INFO querying ServiceChannel incrementally since 2000-01-01T00:00:00Z
2026-09-14 11:30:01,060 INFO [910/1126] ServiceChannelStatus
2026-09-14 11:30:02,329 INFO querying ServiceChannelStatus incrementally since 2000-01-01T00:00:00Z
2026-09-14 11:30:03,676 INFO [911/1126] ServiceContract
2026-09-14 11:30:04,717 INFO querying ServiceContract incrementally since 2000-01-01T00:00:00Z
2026-09-14 11:30:06,017 INFO [912/1126] ServiceContractFeed
2026-09-14 11:30:06,854 INFO querying ServiceContractFeed incrementally since 2000-01-01T00:00:00Z
2026-09-14 11:30:07,997 INFO [913/1126] ServiceContractHistory
2026-09-14 11:30:08,495 INFO querying ServiceContractHistory (full)
2026-09-14 11:30:09,060 INFO [914/1126] ServiceContractShare
2026-09-14 11:30:09,707 INFO querying ServiceContractShare incrementally since 2000-01-01T00:00:00Z
2026-09-14 11:30:10,873 INFO [915/1126] ServicePresenceStatus
2026-09-14 11:30:11,453 INFO querying ServicePresenceStatus incrementally since 2000-01-01T00:00:00Z
2026-09-14 11:30:12,579 INFO [916/1126] ServiceResource
2026-09-14 11:30:13,301 INFO querying ServiceResource incrementally since 2000-01-01T00:00:00Z
2026-09-14 11:30:14,368 INFO [917/1126] ServiceResourceFeed
2026-09-14 11:30:15,043 INFO querying ServiceResourceFeed incrementally since 2000-01-01T00:00:00Z
2026-09-14 11:30:16,309 INFO [918/1126] ServiceResourceHistory
2026-09-14 11:30:16,834 INFO querying ServiceResourceHistory (full)
2026-09-14 11:30:17,516 INFO [919/1126] ServiceResourceShare
2026-09-14 11:30:18,152 INFO querying ServiceResourceShare incrementally since 2000-01-01T00:00:00Z
2026-09-14 11:30:19,350 INFO [920/1126] ServiceResourceSkill
2026-09-14 11:30:20,081 INFO querying ServiceResourceSkill incrementally since 2000-01-01T00:00:00Z
2026-09-14 11:30:21,243 INFO [921/1126] ServiceResourceSkillFeed
2026-09-14 11:30:21,875 INFO querying ServiceResourceSkillFeed incrementally since 2000-01-01T00:00:00Z
2026-09-14 11:30:23,080 INFO [922/1126] ServiceResourceSkillHistory
2026-09-14 11:30:23,630 INFO querying ServiceResourceSkillHistory (full)
2026-09-14 11:30:24,256 INFO [923/1126] ServiceSetupProvisioning
2026-09-14 11:30:25,151 INFO querying ServiceSetupProvisioning incrementally since 2000-01-01T00:00:00Z
2026-09-14 11:30:26,517 INFO [924/1126] ServiceTerritory
2026-09-14 11:30:27,490 INFO querying ServiceTerritory incrementally since 2000-01-01T00:00:00Z
2026-09-14 11:30:28,600 INFO [925/1126] ServiceTerritoryFeed
2026-09-14 11:30:29,248 INFO querying ServiceTerritoryFeed incrementally since 2000-01-01T00:00:00Z
2026-09-14 11:30:30,441 INFO [926/1126] ServiceTerritoryHistory
2026-09-14 11:30:31,130 INFO querying ServiceTerritoryHistory (full)
2026-09-14 11:30:31,758 INFO [927/1126] ServiceTerritoryMember
2026-09-14 11:30:32,515 INFO querying ServiceTerritoryMember incrementally since 2000-01-01T00:00:00Z
2026-09-14 11:30:33,767 INFO [928/1126] ServiceTerritoryMemberFeed
2026-09-14 11:30:34,459 INFO querying ServiceTerritoryMemberFeed incrementally since 2000-01-01T00:00:00Z
2026-09-14 11:30:35,574 INFO [929/1126] ServiceTerritoryMemberHistory
2026-09-14 11:30:36,336 INFO querying ServiceTerritoryMemberHistory (full)
2026-09-14 11:30:36,986 INFO [930/1126] ServiceTerritoryShare
2026-09-14 11:30:37,615 INFO querying ServiceTerritoryShare incrementally since 2000-01-01T00:00:00Z
2026-09-14 11:30:38,681 INFO [931/1126] ServiceTerritoryWorkType
2026-09-14 11:30:39,395 INFO querying ServiceTerritoryWorkType incrementally since 2000-01-01T00:00:00Z
2026-09-14 11:30:40,424 INFO [932/1126] ServiceTerritoryWorkTypeFeed
2026-09-14 11:30:41,057 INFO querying ServiceTerritoryWorkTypeFeed incrementally since 2000-01-01T00:00:00Z
2026-09-14 11:30:42,093 INFO [933/1126] ServiceTerritoryWorkTypeHistory
2026-09-14 11:30:42,631 INFO querying ServiceTerritoryWorkTypeHistory (full)
2026-09-14 11:30:43,211 INFO [934/1126] SessionHijackingEventStore
2026-09-14 11:30:43,860 INFO querying SessionHijackingEventStore incrementally since 2000-01-01T00:00:00Z
2026-09-14 11:30:44,930 INFO [935/1126] SessionHijackingEventStoreFeed
2026-09-14 11:30:45,525 INFO querying SessionHijackingEventStoreFeed incrementally since 2000-01-01T00:00:00Z
2026-09-14 11:30:46,597 INFO [936/1126] SessionPermSetActivation
2026-09-14 11:30:47,251 INFO querying SessionPermSetActivation incrementally since 2000-01-01T00:00:00Z
2026-09-14 11:30:48,366 INFO [937/1126] SetupAssistantStep
2026-09-14 11:30:49,057 INFO querying SetupAssistantStep incrementally since 2000-01-01T00:00:00Z
2026-09-14 11:30:50,197 INFO [938/1126] SetupAuditTrail
2026-09-14 11:30:50,794 INFO querying SetupAuditTrail (full)
2026-09-14 11:30:51,854 INFO [939/1126] SetupEntityAccess
2026-09-14 11:30:52,399 INFO querying SetupEntityAccess (full)
2026-09-14 11:30:54,142 INFO [940/1126] Shift
2026-09-14 11:30:54,791 INFO querying Shift incrementally since 2000-01-01T00:00:00Z
2026-09-14 11:30:55,914 INFO [941/1126] ShiftEngagementChannel
2026-09-14 11:30:56,573 INFO querying ShiftEngagementChannel incrementally since 2000-01-01T00:00:00Z
2026-09-14 11:30:57,688 INFO [942/1126] ShiftEngagementChannelFeed
2026-09-14 11:30:58,575 INFO querying ShiftEngagementChannelFeed incrementally since 2000-01-01T00:00:00Z
2026-09-14 11:30:59,638 INFO [943/1126] ShiftEngagementChannelHistory
2026-09-14 11:31:00,228 INFO querying ShiftEngagementChannelHistory (full)
2026-09-14 11:31:00,811 INFO [944/1126] ShiftFeed
2026-09-14 11:31:01,439 INFO querying ShiftFeed incrementally since 2000-01-01T00:00:00Z
2026-09-14 11:31:02,824 INFO [945/1126] ShiftHistory
2026-09-14 11:31:03,379 INFO querying ShiftHistory (full)
2026-09-14 11:31:04,124 INFO [946/1126] ShiftShare
2026-09-14 11:31:04,689 INFO querying ShiftShare incrementally since 2000-01-01T00:00:00Z
2026-09-14 11:31:05,804 INFO [947/1126] ShiftStatus
2026-09-14 11:31:06,388 INFO querying ShiftStatus incrementally since 2000-01-01T00:00:00Z
2026-09-14 11:31:07,663 INFO [948/1126] ShiftWorkTopic
2026-09-14 11:31:08,297 INFO querying ShiftWorkTopic incrementally since 2000-01-01T00:00:00Z
2026-09-14 11:31:09,381 INFO [949/1126] ShiftWorkTopicFeed
2026-09-14 11:31:10,368 INFO querying ShiftWorkTopicFeed incrementally since 2000-01-01T00:00:00Z
2026-09-14 11:31:11,452 INFO [950/1126] ShiftWorkTopicHistory
2026-09-14 11:31:12,018 INFO querying ShiftWorkTopicHistory (full)
2026-09-14 11:31:12,614 INFO [951/1126] Shipment
2026-09-14 11:31:13,261 INFO querying Shipment incrementally since 2000-01-01T00:00:00Z
2026-09-14 11:31:14,327 INFO [952/1126] ShipmentFeed
2026-09-14 11:31:15,108 INFO querying ShipmentFeed incrementally since 2000-01-01T00:00:00Z
2026-09-14 11:31:16,175 INFO [953/1126] ShipmentHistory
2026-09-14 11:31:16,757 INFO querying ShipmentHistory (full)
2026-09-14 11:31:17,339 INFO [954/1126] ShipmentItem
2026-09-14 11:31:18,032 INFO querying ShipmentItem incrementally since 2000-01-01T00:00:00Z
2026-09-14 11:31:19,082 INFO [955/1126] ShipmentItemFeed
2026-09-14 11:31:19,716 INFO querying ShipmentItemFeed incrementally since 2000-01-01T00:00:00Z
2026-09-14 11:31:20,746 INFO [956/1126] ShipmentItemHistory
2026-09-14 11:31:21,390 INFO querying ShipmentItemHistory (full)
2026-09-14 11:31:22,031 INFO [957/1126] ShipmentShare
2026-09-14 11:31:22,628 INFO querying ShipmentShare incrementally since 2000-01-01T00:00:00Z
2026-09-14 11:31:23,742 INFO [958/1126] ShippingConfigurationSet
2026-09-14 11:31:24,534 INFO querying ShippingConfigurationSet incrementally since 2000-01-01T00:00:00Z
2026-09-14 11:31:25,563 INFO [959/1126] ShippingConfigurationSetShare
2026-09-14 11:31:26,299 INFO querying ShippingConfigurationSetShare incrementally since 2000-01-01T00:00:00Z
2026-09-14 11:31:27,288 INFO [960/1126] ShippingRateArea
2026-09-14 11:31:27,980 INFO querying ShippingRateArea incrementally since 2000-01-01T00:00:00Z
2026-09-14 11:31:29,048 INFO [961/1126] ShippingRateGroup
2026-09-14 11:31:29,697 INFO querying ShippingRateGroup incrementally since 2000-01-01T00:00:00Z
2026-09-14 11:31:30,821 INFO [962/1126] Site
2026-09-14 11:31:31,652 INFO querying Site incrementally since 2000-01-01T00:00:00Z
2026-09-14 11:31:32,711 INFO [963/1126] SiteDetail
2026-09-14 11:31:33,222 INFO querying SiteDetail (full)
2026-09-14 11:31:33,588 ERROR failed to load SiteDetail, skipping and continuing with the rest
Traceback (most recent call last):
  File "C:\Users\thecl\AppData\Local\Packages\PythonSoftwareFoundation.Python.3.11_qbz5n2kfra8p0\LocalCache\local-packages\Python311\site-packages\dlt\extract\pipe_iterator.py", line 274, in _get_source_item
    pipe_item = next(gen)
                ^^^^^^^^^
  File "C:\Users\thecl\OneDrive\Desktop\creditflow-data-warehouse\etl\salesforce_pipeline.py", line 147, in _resource
    for batch in paged_records(sf, soql):
  File "C:\Users\thecl\OneDrive\Desktop\creditflow-data-warehouse\etl\salesforce_pipeline.py", line 122, in paged_records
    for record in run_query_page(sf, soql):
  File "C:\Users\thecl\AppData\Local\Packages\PythonSoftwareFoundation.Python.3.11_qbz5n2kfra8p0\LocalCache\local-packages\Python311\site-packages\simple_salesforce\api.py", line 634, in query_all_iter
    result = self.query(query,
             ^^^^^^^^^^^^^^^^^
  File "C:\Users\thecl\AppData\Local\Packages\PythonSoftwareFoundation.Python.3.11_qbz5n2kfra8p0\LocalCache\local-packages\Python311\site-packages\simple_salesforce\api.py", line 568, in query
    result = self._call_salesforce('GET',
             ^^^^^^^^^^^^^^^^^^^^^^^^^^^^
  File "C:\Users\thecl\AppData\Local\Packages\PythonSoftwareFoundation.Python.3.11_qbz5n2kfra8p0\LocalCache\local-packages\Python311\site-packages\simple_salesforce\api.py", line 787, in _call_salesforce
    exception_handler(result,
  File "C:\Users\thecl\AppData\Local\Packages\PythonSoftwareFoundation.Python.3.11_qbz5n2kfra8p0\LocalCache\local-packages\Python311\site-packages\simple_salesforce\util.py", line 89, in exception_handler
    raise exc_cls(result.url, result.status_code, name, response_content)
simple_salesforce.exceptions.SalesforceMalformedRequest: Malformed request https://orgfarm-568b3bcb1a-dev-ed.develop.my.salesforce.com/services/data/v59.0/query/?q=SELECT+Id%2C+DurableId%2C+IsRegistrationEnabled%2C+SecureUrl+FROM+SiteDetail. Response content: [{'message': 'SiteDetail: a filter on a reified column is required [DurableId]', 'errorCode': 'MALFORMED_QUERY'}]

The above exception was the direct cause of the following exception:

Traceback (most recent call last):
  File "C:\Users\thecl\AppData\Local\Packages\PythonSoftwareFoundation.Python.3.11_qbz5n2kfra8p0\LocalCache\local-packages\Python311\site-packages\dlt\pipeline\pipeline.py", line 507, in extract
    self._extract_source(
  File "C:\Users\thecl\AppData\Local\Packages\PythonSoftwareFoundation.Python.3.11_qbz5n2kfra8p0\LocalCache\local-packages\Python311\site-packages\dlt\pipeline\pipeline.py", line 1661, in _extract_source
    load_id = extract.extract(
              ^^^^^^^^^^^^^^^^
  File "C:\Users\thecl\AppData\Local\Packages\PythonSoftwareFoundation.Python.3.11_qbz5n2kfra8p0\LocalCache\local-packages\Python311\site-packages\dlt\extract\extract.py", line 608, in extract
    self._extract_single_source(
  File "C:\Users\thecl\AppData\Local\Packages\PythonSoftwareFoundation.Python.3.11_qbz5n2kfra8p0\LocalCache\local-packages\Python311\site-packages\dlt\extract\extract.py", line 525, in _extract_single_source
    for pipe_item in pipes:
  File "C:\Users\thecl\AppData\Local\Packages\PythonSoftwareFoundation.Python.3.11_qbz5n2kfra8p0\LocalCache\local-packages\Python311\site-packages\dlt\extract\pipe_iterator.py", line 158, in __next__
    pipe_item = self._get_source_item()
                ^^^^^^^^^^^^^^^^^^^^^^^
  File "C:\Users\thecl\AppData\Local\Packages\PythonSoftwareFoundation.Python.3.11_qbz5n2kfra8p0\LocalCache\local-packages\Python311\site-packages\dlt\extract\pipe_iterator.py", line 304, in _get_source_item
    raise ResourceExtractionError(pipe.name, gen, str(ex), "generator") from ex
dlt.extract.exceptions.ResourceExtractionError: In processing pipe `sitedetail`: extraction of resource `sitedetail` in `generator` `_resource` caused an exception: Malformed request https://orgfarm-568b3bcb1a-dev-ed.develop.my.salesforce.com/services/data/v59.0/query/?q=SELECT+Id%2C+DurableId%2C+IsRegistrationEnabled%2C+SecureUrl+FROM+SiteDetail. Response content: [{'message': 'SiteDetail: a filter on a reified column is required [DurableId]', 'errorCode': 'MALFORMED_QUERY'}]

The above exception was the direct cause of the following exception:

Traceback (most recent call last):
  File "C:\Users\thecl\OneDrive\Desktop\creditflow-data-warehouse\etl\salesforce_pipeline.py", line 192, in run
    load_info = pipeline.run(resource())
                ^^^^^^^^^^^^^^^^^^^^^^^^
  File "C:\Users\thecl\AppData\Local\Packages\PythonSoftwareFoundation.Python.3.11_qbz5n2kfra8p0\LocalCache\local-packages\Python311\site-packages\dlt\pipeline\pipeline.py", line 237, in _wrap
    step_info = f(self, *args, **kwargs)
                ^^^^^^^^^^^^^^^^^^^^^^^^
  File "C:\Users\thecl\AppData\Local\Packages\PythonSoftwareFoundation.Python.3.11_qbz5n2kfra8p0\LocalCache\local-packages\Python311\site-packages\dlt\pipeline\pipeline.py", line 285, in _wrap
    return f(self, *args, **kwargs)
           ^^^^^^^^^^^^^^^^^^^^^^^^
  File "C:\Users\thecl\AppData\Local\Packages\PythonSoftwareFoundation.Python.3.11_qbz5n2kfra8p0\LocalCache\local-packages\Python311\site-packages\dlt\pipeline\pipeline.py", line 815, in run
    self.extract(
  File "C:\Users\thecl\AppData\Local\Packages\PythonSoftwareFoundation.Python.3.11_qbz5n2kfra8p0\LocalCache\local-packages\Python311\site-packages\dlt\pipeline\pipeline.py", line 237, in _wrap
    step_info = f(self, *args, **kwargs)
                ^^^^^^^^^^^^^^^^^^^^^^^^
  File "C:\Users\thecl\AppData\Local\Packages\PythonSoftwareFoundation.Python.3.11_qbz5n2kfra8p0\LocalCache\local-packages\Python311\site-packages\dlt\pipeline\pipeline.py", line 176, in _wrap
    return f(self, *args, **kwargs)
           ^^^^^^^^^^^^^^^^^^^^^^^^
  File "C:\Users\thecl\AppData\Local\Packages\PythonSoftwareFoundation.Python.3.11_qbz5n2kfra8p0\LocalCache\local-packages\Python311\site-packages\dlt\pipeline\pipeline.py", line 190, in _wrap
    rv = f(self, *args, **kwargs)
         ^^^^^^^^^^^^^^^^^^^^^^^^
  File "C:\Users\thecl\AppData\Local\Packages\PythonSoftwareFoundation.Python.3.11_qbz5n2kfra8p0\LocalCache\local-packages\Python311\site-packages\dlt\pipeline\pipeline.py", line 285, in _wrap
    return f(self, *args, **kwargs)
           ^^^^^^^^^^^^^^^^^^^^^^^^
  File "C:\Users\thecl\AppData\Local\Packages\PythonSoftwareFoundation.Python.3.11_qbz5n2kfra8p0\LocalCache\local-packages\Python311\site-packages\dlt\pipeline\pipeline.py", line 530, in extract
    raise PipelineStepFailed(
dlt.pipeline.exceptions.PipelineStepFailed: Pipeline execution failed at `step=extract` when processing package with `load_id=1789367493.2157996` with exception:

<class 'dlt.extract.exceptions.ResourceExtractionError'>
In processing pipe `sitedetail`: extraction of resource `sitedetail` in `generator` `_resource` caused an exception: Malformed request https://orgfarm-568b3bcb1a-dev-ed.develop.my.salesforce.com/services/data/v59.0/query/?q=SELECT+Id%2C+DurableId%2C+IsRegistrationEnabled%2C+SecureUrl+FROM+SiteDetail. Response content: [{'message': 'SiteDetail: a filter on a reified column is required [DurableId]', 'errorCode': 'MALFORMED_QUERY'}]
2026-09-14 11:31:33,588 INFO [964/1126] SiteFeed
2026-09-14 11:31:34,211 INFO querying SiteFeed incrementally since 2000-01-01T00:00:00Z
2026-09-14 11:31:35,388 INFO [965/1126] SiteHistory
2026-09-14 11:31:35,905 INFO querying SiteHistory (full)
2026-09-14 11:31:36,471 INFO [966/1126] SiteIframeWhiteListUrl
2026-09-14 11:31:37,069 INFO querying SiteIframeWhiteListUrl incrementally since 2000-01-01T00:00:00Z
2026-09-14 11:31:38,146 INFO [967/1126] SiteRedirectMapping
2026-09-14 11:31:38,732 INFO querying SiteRedirectMapping incrementally since 2000-01-01T00:00:00Z
2026-09-14 11:31:39,815 INFO [968/1126] Skill
2026-09-14 11:31:40,419 INFO querying Skill incrementally since 2000-01-01T00:00:00Z
2026-09-14 11:31:41,472 INFO [969/1126] SkillRequirement
2026-09-14 11:31:42,210 INFO querying SkillRequirement incrementally since 2000-01-01T00:00:00Z
2026-09-14 11:31:43,365 INFO [970/1126] SkillRequirementFeed
2026-09-14 11:31:43,975 INFO querying SkillRequirementFeed incrementally since 2000-01-01T00:00:00Z
2026-09-14 11:31:45,049 INFO [971/1126] SkillRequirementHistory
2026-09-14 11:31:45,563 INFO querying SkillRequirementHistory (full)
2026-09-14 11:31:46,096 INFO [972/1126] SkillType
2026-09-14 11:31:46,756 INFO querying SkillType incrementally since 2000-01-01T00:00:00Z
2026-09-14 11:31:47,900 INFO [973/1126] SlaProcess
2026-09-14 11:31:48,572 INFO querying SlaProcess incrementally since 2000-01-01T00:00:00Z
2026-09-14 11:31:49,895 INFO [974/1126] Solution
2026-09-14 11:31:50,644 INFO querying Solution incrementally since 2000-01-01T00:00:00Z
2026-09-14 11:31:51,980 INFO [975/1126] SolutionFeed
2026-09-14 11:31:52,657 INFO querying SolutionFeed incrementally since 2000-01-01T00:00:00Z
2026-09-14 11:31:53,726 INFO [976/1126] SolutionHistory
2026-09-14 11:31:54,259 INFO querying SolutionHistory (full)
2026-09-14 11:31:55,058 INFO [977/1126] SolutionStatus
2026-09-14 11:31:55,653 INFO querying SolutionStatus incrementally since 2000-01-01T00:00:00Z
2026-09-14 11:31:56,943 INFO [978/1126] Stamp
2026-09-14 11:31:57,550 INFO querying Stamp incrementally since 2000-01-01T00:00:00Z
2026-09-14 11:31:58,631 INFO [979/1126] StampAssignment
2026-09-14 11:31:59,197 INFO querying StampAssignment incrementally since 2000-01-01T00:00:00Z
2026-09-14 11:32:00,291 INFO [980/1126] StampLocalization
2026-09-14 11:32:00,877 INFO querying StampLocalization incrementally since 2000-01-01T00:00:00Z
2026-09-14 11:32:02,024 INFO [981/1126] StandardShippingRate
2026-09-14 11:32:02,690 INFO querying StandardShippingRate incrementally since 2000-01-01T00:00:00Z
2026-09-14 11:32:03,738 INFO [982/1126] StaticResource
2026-09-14 11:32:04,322 INFO querying StaticResource incrementally since 2000-01-01T00:00:00Z
2026-09-14 11:32:05,391 INFO [983/1126] StreamingChannel
2026-09-14 11:32:06,056 INFO querying StreamingChannel incrementally since 2000-01-01T00:00:00Z
2026-09-14 11:32:07,109 INFO [984/1126] StreamingChannelShare
2026-09-14 11:32:07,815 INFO querying StreamingChannelShare incrementally since 2000-01-01T00:00:00Z
2026-09-14 11:32:08,919 INFO [985/1126] TabDefinition
2026-09-14 11:32:09,434 INFO querying TabDefinition (full)
2026-09-14 11:32:10,468 INFO [986/1126] TableauHostMapping
2026-09-14 11:32:11,149 INFO querying TableauHostMapping incrementally since 2000-01-01T00:00:00Z
2026-09-14 11:32:12,166 INFO [987/1126] TableauHostMappingShare
2026-09-14 11:32:12,823 INFO querying TableauHostMappingShare incrementally since 2000-01-01T00:00:00Z
2026-09-14 11:32:13,997 INFO [988/1126] Task
2026-09-14 11:32:14,690 INFO querying Task incrementally since 2000-01-01T00:00:00Z
2026-09-14 11:32:15,838 INFO [989/1126] TaskFeed
2026-09-14 11:32:16,469 INFO querying TaskFeed incrementally since 2000-01-01T00:00:00Z
2026-09-14 11:32:17,545 INFO [990/1126] TaskPriority
2026-09-14 11:32:18,220 INFO querying TaskPriority incrementally since 2000-01-01T00:00:00Z
2026-09-14 11:32:19,698 INFO [991/1126] TaskStatus
2026-09-14 11:32:20,337 INFO querying TaskStatus incrementally since 2000-01-01T00:00:00Z
2026-09-14 11:32:21,706 INFO [992/1126] TenantUsageEntitlement
2026-09-14 11:32:22,310 INFO querying TenantUsageEntitlement incrementally since 2000-01-01T00:00:00Z
2026-09-14 11:32:23,793 INFO [993/1126] TestSuiteMembership
2026-09-14 11:32:24,495 INFO querying TestSuiteMembership incrementally since 2000-01-01T00:00:00Z
2026-09-14 11:32:25,627 INFO [994/1126] ThirdPartyAccountLink
2026-09-14 11:32:26,177 INFO querying ThirdPartyAccountLink (full)
2026-09-14 11:32:26,743 INFO [995/1126] ThreatDetectionFeedback
2026-09-14 11:32:27,434 INFO querying ThreatDetectionFeedback incrementally since 2000-01-01T00:00:00Z
2026-09-14 11:32:28,492 INFO [996/1126] ThreatDetectionFeedbackFeed
2026-09-14 11:32:29,150 INFO querying ThreatDetectionFeedbackFeed incrementally since 2000-01-01T00:00:00Z
2026-09-14 11:32:30,218 INFO [997/1126] TimeSlot
2026-09-14 11:32:30,932 INFO querying TimeSlot incrementally since 2000-01-01T00:00:00Z
2026-09-14 11:32:32,048 INFO [998/1126] TodayGoal
2026-09-14 11:32:32,854 INFO querying TodayGoal incrementally since 2000-01-01T00:00:00Z
2026-09-14 11:32:33,917 INFO [999/1126] TodayGoalShare
2026-09-14 11:32:34,488 INFO querying TodayGoalShare incrementally since 2000-01-01T00:00:00Z
2026-09-14 11:32:35,741 INFO [1000/1126] Topic
2026-09-14 11:32:36,560 INFO querying Topic (full)
2026-09-14 11:32:37,124 INFO [1001/1126] TopicAssignment
2026-09-14 11:32:37,708 INFO querying TopicAssignment (full)
2026-09-14 11:32:38,309 INFO [1002/1126] TopicFeed
2026-09-14 11:32:38,970 INFO querying TopicFeed incrementally since 2000-01-01T00:00:00Z
2026-09-14 11:32:40,062 INFO [1003/1126] TopicLocalization
2026-09-14 11:32:40,683 INFO querying TopicLocalization incrementally since 2000-01-01T00:00:00Z
2026-09-14 11:32:41,764 INFO [1004/1126] TopicUserEvent
2026-09-14 11:32:42,306 INFO querying TopicUserEvent (full)
2026-09-14 11:32:43,004 INFO [1005/1126] TransactionSecurityPolicy
2026-09-14 11:32:43,757 INFO querying TransactionSecurityPolicy incrementally since 2000-01-01T00:00:00Z
2026-09-14 11:32:45,080 INFO [1006/1126] Translation
2026-09-14 11:32:45,663 INFO querying Translation incrementally since 2000-01-01T00:00:00Z
2026-09-14 11:32:46,973 INFO [1007/1126] UiFormulaCriterion
2026-09-14 11:32:47,571 INFO querying UiFormulaCriterion incrementally since 2000-01-01T00:00:00Z
2026-09-14 11:32:48,861 INFO [1008/1126] UiFormulaRule
2026-09-14 11:32:49,516 INFO querying UiFormulaRule incrementally since 2000-01-01T00:00:00Z
2026-09-14 11:32:50,824 INFO [1009/1126] UndecidedEventRelation
2026-09-14 11:32:51,460 INFO querying UndecidedEventRelation incrementally since 2000-01-01T00:00:00Z
2026-09-14 11:32:52,607 INFO [1010/1126] UriEvent
2026-09-14 11:32:53,283 INFO querying UriEvent (full)
2026-09-14 11:32:53,915 INFO [1011/1126] User
2026-09-14 11:32:55,354 INFO querying User incrementally since 2000-01-01T00:00:00Z
2026-09-14 11:32:56,908 INFO [1012/1126] UserAppInfo
2026-09-14 11:32:57,553 INFO querying UserAppInfo incrementally since 2000-01-01T00:00:00Z
2026-09-14 11:32:58,906 INFO [1013/1126] UserAppMenuCustomization
2026-09-14 11:32:59,594 INFO querying UserAppMenuCustomization incrementally since 2000-01-01T00:00:00Z
2026-09-14 11:33:00,659 INFO [1014/1126] UserAppMenuCustomizationShare
2026-09-14 11:33:01,416 INFO querying UserAppMenuCustomizationShare incrementally since 2000-01-01T00:00:00Z
2026-09-14 11:33:02,562 INFO [1015/1126] UserAppMenuItem
2026-09-14 11:33:03,117 INFO querying UserAppMenuItem (full)
2026-09-14 11:33:04,174 INFO [1016/1126] UserDefinedLabel
2026-09-14 11:33:04,944 INFO querying UserDefinedLabel incrementally since 2000-01-01T00:00:00Z
2026-09-14 11:33:06,092 INFO [1017/1126] UserDefinedLabelAssignment
2026-09-14 11:33:06,754 INFO querying UserDefinedLabelAssignment incrementally since 2000-01-01T00:00:00Z
2026-09-14 11:33:07,899 INFO [1018/1126] UserDefinedLabelAssignmentShare
2026-09-14 11:33:08,521 INFO querying UserDefinedLabelAssignmentShare incrementally since 2000-01-01T00:00:00Z
2026-09-14 11:33:09,719 INFO [1019/1126] UserDefinedLabelShare
2026-09-14 11:33:10,425 INFO querying UserDefinedLabelShare incrementally since 2000-01-01T00:00:00Z
2026-09-14 11:33:11,604 INFO [1020/1126] UserEmailPreferredPerson
2026-09-14 11:33:12,265 INFO querying UserEmailPreferredPerson incrementally since 2000-01-01T00:00:00Z
2026-09-14 11:33:13,495 INFO [1021/1126] UserEmailPreferredPersonShare
2026-09-14 11:33:14,114 INFO querying UserEmailPreferredPersonShare incrementally since 2000-01-01T00:00:00Z
2026-09-14 11:33:15,304 INFO [1022/1126] UserEntityAccess
2026-09-14 11:33:15,832 INFO querying UserEntityAccess (full)
2026-09-14 11:33:16,206 ERROR failed to load UserEntityAccess, skipping and continuing with the rest
Traceback (most recent call last):
  File "C:\Users\thecl\AppData\Local\Packages\PythonSoftwareFoundation.Python.3.11_qbz5n2kfra8p0\LocalCache\local-packages\Python311\site-packages\dlt\extract\pipe_iterator.py", line 274, in _get_source_item
    pipe_item = next(gen)
                ^^^^^^^^^
  File "C:\Users\thecl\OneDrive\Desktop\creditflow-data-warehouse\etl\salesforce_pipeline.py", line 147, in _resource
    for batch in paged_records(sf, soql):
  File "C:\Users\thecl\OneDrive\Desktop\creditflow-data-warehouse\etl\salesforce_pipeline.py", line 122, in paged_records
    for record in run_query_page(sf, soql):
  File "C:\Users\thecl\AppData\Local\Packages\PythonSoftwareFoundation.Python.3.11_qbz5n2kfra8p0\LocalCache\local-packages\Python311\site-packages\simple_salesforce\api.py", line 634, in query_all_iter
    result = self.query(query,
             ^^^^^^^^^^^^^^^^^
  File "C:\Users\thecl\AppData\Local\Packages\PythonSoftwareFoundation.Python.3.11_qbz5n2kfra8p0\LocalCache\local-packages\Python311\site-packages\simple_salesforce\api.py", line 568, in query
    result = self._call_salesforce('GET',
             ^^^^^^^^^^^^^^^^^^^^^^^^^^^^
  File "C:\Users\thecl\AppData\Local\Packages\PythonSoftwareFoundation.Python.3.11_qbz5n2kfra8p0\LocalCache\local-packages\Python311\site-packages\simple_salesforce\api.py", line 787, in _call_salesforce
    exception_handler(result,
  File "C:\Users\thecl\AppData\Local\Packages\PythonSoftwareFoundation.Python.3.11_qbz5n2kfra8p0\LocalCache\local-packages\Python311\site-packages\simple_salesforce\util.py", line 89, in exception_handler
    raise exc_cls(result.url, result.status_code, name, response_content)
simple_salesforce.exceptions.SalesforceMalformedRequest: Malformed request https://orgfarm-568b3bcb1a-dev-ed.develop.my.salesforce.com/services/data/v59.0/query/?q=SELECT+Id%2C+DurableId%2C+UserId%2C+IsMergeable%2C+IsUpdatable%2C+IsActivateable%2C+IsReadable%2C+IsCreatable%2C+IsEditable%2C+IsDeletable%2C+IsUndeletable%2C+IsFlsUpdatable%2C+EntityDefinitionId+FROM+UserEntityAccess. Response content: [{'message': 'UserEntityAccess: a filter on a reified column is required [UserId,DurableId]', 'errorCode': 'MALFORMED_QUERY'}]

The above exception was the direct cause of the following exception:

Traceback (most recent call last):
  File "C:\Users\thecl\AppData\Local\Packages\PythonSoftwareFoundation.Python.3.11_qbz5n2kfra8p0\LocalCache\local-packages\Python311\site-packages\dlt\pipeline\pipeline.py", line 507, in extract
    self._extract_source(
  File "C:\Users\thecl\AppData\Local\Packages\PythonSoftwareFoundation.Python.3.11_qbz5n2kfra8p0\LocalCache\local-packages\Python311\site-packages\dlt\pipeline\pipeline.py", line 1661, in _extract_source
    load_id = extract.extract(
              ^^^^^^^^^^^^^^^^
  File "C:\Users\thecl\AppData\Local\Packages\PythonSoftwareFoundation.Python.3.11_qbz5n2kfra8p0\LocalCache\local-packages\Python311\site-packages\dlt\extract\extract.py", line 608, in extract
    self._extract_single_source(
  File "C:\Users\thecl\AppData\Local\Packages\PythonSoftwareFoundation.Python.3.11_qbz5n2kfra8p0\LocalCache\local-packages\Python311\site-packages\dlt\extract\extract.py", line 525, in _extract_single_source
    for pipe_item in pipes:
  File "C:\Users\thecl\AppData\Local\Packages\PythonSoftwareFoundation.Python.3.11_qbz5n2kfra8p0\LocalCache\local-packages\Python311\site-packages\dlt\extract\pipe_iterator.py", line 158, in __next__
    pipe_item = self._get_source_item()
                ^^^^^^^^^^^^^^^^^^^^^^^
  File "C:\Users\thecl\AppData\Local\Packages\PythonSoftwareFoundation.Python.3.11_qbz5n2kfra8p0\LocalCache\local-packages\Python311\site-packages\dlt\extract\pipe_iterator.py", line 304, in _get_source_item
    raise ResourceExtractionError(pipe.name, gen, str(ex), "generator") from ex
dlt.extract.exceptions.ResourceExtractionError: In processing pipe `userentityaccess`: extraction of resource `userentityaccess` in `generator` `_resource` caused an exception: Malformed request https://orgfarm-568b3bcb1a-dev-ed.develop.my.salesforce.com/services/data/v59.0/query/?q=SELECT+Id%2C+DurableId%2C+UserId%2C+IsMergeable%2C+IsUpdatable%2C+IsActivateable%2C+IsReadable%2C+IsCreatable%2C+IsEditable%2C+IsDeletable%2C+IsUndeletable%2C+IsFlsUpdatable%2C+EntityDefinitionId+FROM+UserEntityAccess. Response content: [{'message': 'UserEntityAccess: a filter on a reified column is required [UserId,DurableId]', 'errorCode': 'MALFORMED_QUERY'}]

The above exception was the direct cause of the following exception:

Traceback (most recent call last):
  File "C:\Users\thecl\OneDrive\Desktop\creditflow-data-warehouse\etl\salesforce_pipeline.py", line 192, in run
    load_info = pipeline.run(resource())
                ^^^^^^^^^^^^^^^^^^^^^^^^
  File "C:\Users\thecl\AppData\Local\Packages\PythonSoftwareFoundation.Python.3.11_qbz5n2kfra8p0\LocalCache\local-packages\Python311\site-packages\dlt\pipeline\pipeline.py", line 237, in _wrap
    step_info = f(self, *args, **kwargs)
                ^^^^^^^^^^^^^^^^^^^^^^^^
  File "C:\Users\thecl\AppData\Local\Packages\PythonSoftwareFoundation.Python.3.11_qbz5n2kfra8p0\LocalCache\local-packages\Python311\site-packages\dlt\pipeline\pipeline.py", line 285, in _wrap
    return f(self, *args, **kwargs)
           ^^^^^^^^^^^^^^^^^^^^^^^^
  File "C:\Users\thecl\AppData\Local\Packages\PythonSoftwareFoundation.Python.3.11_qbz5n2kfra8p0\LocalCache\local-packages\Python311\site-packages\dlt\pipeline\pipeline.py", line 815, in run
    self.extract(
  File "C:\Users\thecl\AppData\Local\Packages\PythonSoftwareFoundation.Python.3.11_qbz5n2kfra8p0\LocalCache\local-packages\Python311\site-packages\dlt\pipeline\pipeline.py", line 237, in _wrap
    step_info = f(self, *args, **kwargs)
                ^^^^^^^^^^^^^^^^^^^^^^^^
  File "C:\Users\thecl\AppData\Local\Packages\PythonSoftwareFoundation.Python.3.11_qbz5n2kfra8p0\LocalCache\local-packages\Python311\site-packages\dlt\pipeline\pipeline.py", line 176, in _wrap
    return f(self, *args, **kwargs)
           ^^^^^^^^^^^^^^^^^^^^^^^^
  File "C:\Users\thecl\AppData\Local\Packages\PythonSoftwareFoundation.Python.3.11_qbz5n2kfra8p0\LocalCache\local-packages\Python311\site-packages\dlt\pipeline\pipeline.py", line 190, in _wrap
    rv = f(self, *args, **kwargs)
         ^^^^^^^^^^^^^^^^^^^^^^^^
  File "C:\Users\thecl\AppData\Local\Packages\PythonSoftwareFoundation.Python.3.11_qbz5n2kfra8p0\LocalCache\local-packages\Python311\site-packages\dlt\pipeline\pipeline.py", line 285, in _wrap
    return f(self, *args, **kwargs)
           ^^^^^^^^^^^^^^^^^^^^^^^^
  File "C:\Users\thecl\AppData\Local\Packages\PythonSoftwareFoundation.Python.3.11_qbz5n2kfra8p0\LocalCache\local-packages\Python311\site-packages\dlt\pipeline\pipeline.py", line 530, in extract
    raise PipelineStepFailed(
dlt.pipeline.exceptions.PipelineStepFailed: Pipeline execution failed at `step=extract` when processing package with `load_id=1789367595.823481` with exception:

<class 'dlt.extract.exceptions.ResourceExtractionError'>
In processing pipe `userentityaccess`: extraction of resource `userentityaccess` in `generator` `_resource` caused an exception: Malformed request https://orgfarm-568b3bcb1a-dev-ed.develop.my.salesforce.com/services/data/v59.0/query/?q=SELECT+Id%2C+DurableId%2C+UserId%2C+IsMergeable%2C+IsUpdatable%2C+IsActivateable%2C+IsReadable%2C+IsCreatable%2C+IsEditable%2C+IsDeletable%2C+IsUndeletable%2C+IsFlsUpdatable%2C+EntityDefinitionId+FROM+UserEntityAccess. Response content: [{'message': 'UserEntityAccess: a filter on a reified column is required [UserId,DurableId]', 'errorCode': 'MALFORMED_QUERY'}]
2026-09-14 11:33:16,206 INFO [1023/1126] UserFeed
2026-09-14 11:33:16,996 INFO querying UserFeed incrementally since 2000-01-01T00:00:00Z
2026-09-14 11:33:18,128 INFO [1024/1126] UserFieldAccess
2026-09-14 11:33:18,661 INFO querying UserFieldAccess (full)
2026-09-14 11:33:19,114 ERROR failed to load UserFieldAccess, skipping and continuing with the rest
Traceback (most recent call last):
  File "C:\Users\thecl\AppData\Local\Packages\PythonSoftwareFoundation.Python.3.11_qbz5n2kfra8p0\LocalCache\local-packages\Python311\site-packages\dlt\extract\pipe_iterator.py", line 274, in _get_source_item
    pipe_item = next(gen)
                ^^^^^^^^^
  File "C:\Users\thecl\OneDrive\Desktop\creditflow-data-warehouse\etl\salesforce_pipeline.py", line 147, in _resource
    for batch in paged_records(sf, soql):
  File "C:\Users\thecl\OneDrive\Desktop\creditflow-data-warehouse\etl\salesforce_pipeline.py", line 122, in paged_records
    for record in run_query_page(sf, soql):
  File "C:\Users\thecl\AppData\Local\Packages\PythonSoftwareFoundation.Python.3.11_qbz5n2kfra8p0\LocalCache\local-packages\Python311\site-packages\simple_salesforce\api.py", line 634, in query_all_iter
    result = self.query(query,
             ^^^^^^^^^^^^^^^^^
  File "C:\Users\thecl\AppData\Local\Packages\PythonSoftwareFoundation.Python.3.11_qbz5n2kfra8p0\LocalCache\local-packages\Python311\site-packages\simple_salesforce\api.py", line 568, in query
    result = self._call_salesforce('GET',
             ^^^^^^^^^^^^^^^^^^^^^^^^^^^^
  File "C:\Users\thecl\AppData\Local\Packages\PythonSoftwareFoundation.Python.3.11_qbz5n2kfra8p0\LocalCache\local-packages\Python311\site-packages\simple_salesforce\api.py", line 787, in _call_salesforce
    exception_handler(result,
  File "C:\Users\thecl\AppData\Local\Packages\PythonSoftwareFoundation.Python.3.11_qbz5n2kfra8p0\LocalCache\local-packages\Python311\site-packages\simple_salesforce\util.py", line 89, in exception_handler
    raise exc_cls(result.url, result.status_code, name, response_content)
simple_salesforce.exceptions.SalesforceMalformedRequest: Malformed request https://orgfarm-568b3bcb1a-dev-ed.develop.my.salesforce.com/services/data/v59.0/query/?q=SELECT+Id%2C+DurableId%2C+UserId%2C+IsUpdatable%2C+IsCreatable%2C+IsAccessible%2C+EntityDefinitionId%2C+FieldDefinitionId+FROM+UserFieldAccess. Response content: [{'message': 'UserFieldAccess: a filter on a reified column is required [DurableId]', 'errorCode': 'MALFORMED_QUERY'}]

The above exception was the direct cause of the following exception:

Traceback (most recent call last):
  File "C:\Users\thecl\AppData\Local\Packages\PythonSoftwareFoundation.Python.3.11_qbz5n2kfra8p0\LocalCache\local-packages\Python311\site-packages\dlt\pipeline\pipeline.py", line 507, in extract
    self._extract_source(
  File "C:\Users\thecl\AppData\Local\Packages\PythonSoftwareFoundation.Python.3.11_qbz5n2kfra8p0\LocalCache\local-packages\Python311\site-packages\dlt\pipeline\pipeline.py", line 1661, in _extract_source
    load_id = extract.extract(
              ^^^^^^^^^^^^^^^^
  File "C:\Users\thecl\AppData\Local\Packages\PythonSoftwareFoundation.Python.3.11_qbz5n2kfra8p0\LocalCache\local-packages\Python311\site-packages\dlt\extract\extract.py", line 608, in extract
    self._extract_single_source(
  File "C:\Users\thecl\AppData\Local\Packages\PythonSoftwareFoundation.Python.3.11_qbz5n2kfra8p0\LocalCache\local-packages\Python311\site-packages\dlt\extract\extract.py", line 525, in _extract_single_source
    for pipe_item in pipes:
  File "C:\Users\thecl\AppData\Local\Packages\PythonSoftwareFoundation.Python.3.11_qbz5n2kfra8p0\LocalCache\local-packages\Python311\site-packages\dlt\extract\pipe_iterator.py", line 158, in __next__
    pipe_item = self._get_source_item()
                ^^^^^^^^^^^^^^^^^^^^^^^
  File "C:\Users\thecl\AppData\Local\Packages\PythonSoftwareFoundation.Python.3.11_qbz5n2kfra8p0\LocalCache\local-packages\Python311\site-packages\dlt\extract\pipe_iterator.py", line 304, in _get_source_item
    raise ResourceExtractionError(pipe.name, gen, str(ex), "generator") from ex
dlt.extract.exceptions.ResourceExtractionError: In processing pipe `userfieldaccess`: extraction of resource `userfieldaccess` in `generator` `_resource` caused an exception: Malformed request https://orgfarm-568b3bcb1a-dev-ed.develop.my.salesforce.com/services/data/v59.0/query/?q=SELECT+Id%2C+DurableId%2C+UserId%2C+IsUpdatable%2C+IsCreatable%2C+IsAccessible%2C+EntityDefinitionId%2C+FieldDefinitionId+FROM+UserFieldAccess. Response content: [{'message': 'UserFieldAccess: a filter on a reified column is required [DurableId]', 'errorCode': 'MALFORMED_QUERY'}]

The above exception was the direct cause of the following exception:

Traceback (most recent call last):
  File "C:\Users\thecl\OneDrive\Desktop\creditflow-data-warehouse\etl\salesforce_pipeline.py", line 192, in run
    load_info = pipeline.run(resource())
                ^^^^^^^^^^^^^^^^^^^^^^^^
  File "C:\Users\thecl\AppData\Local\Packages\PythonSoftwareFoundation.Python.3.11_qbz5n2kfra8p0\LocalCache\local-packages\Python311\site-packages\dlt\pipeline\pipeline.py", line 237, in _wrap
    step_info = f(self, *args, **kwargs)
                ^^^^^^^^^^^^^^^^^^^^^^^^
  File "C:\Users\thecl\AppData\Local\Packages\PythonSoftwareFoundation.Python.3.11_qbz5n2kfra8p0\LocalCache\local-packages\Python311\site-packages\dlt\pipeline\pipeline.py", line 285, in _wrap
    return f(self, *args, **kwargs)
           ^^^^^^^^^^^^^^^^^^^^^^^^
  File "C:\Users\thecl\AppData\Local\Packages\PythonSoftwareFoundation.Python.3.11_qbz5n2kfra8p0\LocalCache\local-packages\Python311\site-packages\dlt\pipeline\pipeline.py", line 815, in run
    self.extract(
  File "C:\Users\thecl\AppData\Local\Packages\PythonSoftwareFoundation.Python.3.11_qbz5n2kfra8p0\LocalCache\local-packages\Python311\site-packages\dlt\pipeline\pipeline.py", line 237, in _wrap
    step_info = f(self, *args, **kwargs)
                ^^^^^^^^^^^^^^^^^^^^^^^^
  File "C:\Users\thecl\AppData\Local\Packages\PythonSoftwareFoundation.Python.3.11_qbz5n2kfra8p0\LocalCache\local-packages\Python311\site-packages\dlt\pipeline\pipeline.py", line 176, in _wrap
    return f(self, *args, **kwargs)
           ^^^^^^^^^^^^^^^^^^^^^^^^
  File "C:\Users\thecl\AppData\Local\Packages\PythonSoftwareFoundation.Python.3.11_qbz5n2kfra8p0\LocalCache\local-packages\Python311\site-packages\dlt\pipeline\pipeline.py", line 190, in _wrap
    rv = f(self, *args, **kwargs)
         ^^^^^^^^^^^^^^^^^^^^^^^^
  File "C:\Users\thecl\AppData\Local\Packages\PythonSoftwareFoundation.Python.3.11_qbz5n2kfra8p0\LocalCache\local-packages\Python311\site-packages\dlt\pipeline\pipeline.py", line 285, in _wrap
    return f(self, *args, **kwargs)
           ^^^^^^^^^^^^^^^^^^^^^^^^
  File "C:\Users\thecl\AppData\Local\Packages\PythonSoftwareFoundation.Python.3.11_qbz5n2kfra8p0\LocalCache\local-packages\Python311\site-packages\dlt\pipeline\pipeline.py", line 530, in extract
    raise PipelineStepFailed(
dlt.pipeline.exceptions.PipelineStepFailed: Pipeline execution failed at `step=extract` when processing package with `load_id=1789367598.6519659` with exception:

<class 'dlt.extract.exceptions.ResourceExtractionError'>
In processing pipe `userfieldaccess`: extraction of resource `userfieldaccess` in `generator` `_resource` caused an exception: Malformed request https://orgfarm-568b3bcb1a-dev-ed.develop.my.salesforce.com/services/data/v59.0/query/?q=SELECT+Id%2C+DurableId%2C+UserId%2C+IsUpdatable%2C+IsCreatable%2C+IsAccessible%2C+EntityDefinitionId%2C+FieldDefinitionId+FROM+UserFieldAccess. Response content: [{'message': 'UserFieldAccess: a filter on a reified column is required [DurableId]', 'errorCode': 'MALFORMED_QUERY'}]
2026-09-14 11:33:19,116 INFO [1025/1126] UserLicense
2026-09-14 11:33:19,779 INFO querying UserLicense incrementally since 2000-01-01T00:00:00Z
2026-09-14 11:33:21,130 INFO [1026/1126] UserListView
2026-09-14 11:33:22,606 INFO querying UserListView incrementally since 2000-01-01T00:00:00Z
2026-09-14 11:33:23,848 INFO [1027/1126] UserListViewCriterion
2026-09-14 11:33:24,470 INFO querying UserListViewCriterion incrementally since 2000-01-01T00:00:00Z
2026-09-14 11:33:25,658 INFO [1028/1126] UserLogin
2026-09-14 11:33:26,245 INFO querying UserLogin incrementally since 2000-01-01T00:00:00Z
2026-09-14 11:33:27,623 INFO [1029/1126] UserPackageLicense
2026-09-14 11:33:28,204 INFO querying UserPackageLicense incrementally since 2000-01-01T00:00:00Z
2026-09-14 11:33:29,367 INFO [1030/1126] UserPermissionAccess
2026-09-14 11:33:29,940 INFO querying UserPermissionAccess (full)
2026-09-14 11:33:30,965 INFO [1031/1126] UserPreference
2026-09-14 11:33:31,486 INFO querying UserPreference (full)
2026-09-14 11:33:32,161 INFO [1032/1126] UserPrioritizedRecord
2026-09-14 11:33:32,797 INFO querying UserPrioritizedRecord incrementally since 2000-01-01T00:00:00Z
2026-09-14 11:33:33,979 INFO [1033/1126] UserPrioritizedRecordShare
2026-09-14 11:33:34,608 INFO querying UserPrioritizedRecordShare incrementally since 2000-01-01T00:00:00Z
2026-09-14 11:33:35,772 INFO [1034/1126] UserProvAccount
2026-09-14 11:33:36,466 INFO querying UserProvAccount incrementally since 2000-01-01T00:00:00Z
2026-09-14 11:33:37,663 INFO [1035/1126] UserProvAccountStaging
2026-09-14 11:33:38,535 INFO querying UserProvAccountStaging incrementally since 2000-01-01T00:00:00Z
2026-09-14 11:33:40,199 INFO [1036/1126] UserProvMockTarget
2026-09-14 11:33:40,824 INFO querying UserProvMockTarget incrementally since 2000-01-01T00:00:00Z
2026-09-14 11:33:42,017 INFO [1037/1126] UserProvisioningConfig
2026-09-14 11:33:42,629 INFO querying UserProvisioningConfig incrementally since 2000-01-01T00:00:00Z
2026-09-14 11:33:43,823 INFO [1038/1126] UserProvisioningLog
2026-09-14 11:33:44,479 INFO querying UserProvisioningLog incrementally since 2000-01-01T00:00:00Z
2026-09-14 11:33:45,642 INFO [1039/1126] UserProvisioningRequest
2026-09-14 11:33:46,365 INFO querying UserProvisioningRequest incrementally since 2000-01-01T00:00:00Z
2026-09-14 11:33:47,481 INFO [1040/1126] UserProvisioningRequestShare
2026-09-14 11:33:48,129 INFO querying UserProvisioningRequestShare incrementally since 2000-01-01T00:00:00Z
2026-09-14 11:33:49,285 INFO [1041/1126] UserRecordAccess
2026-09-14 11:33:49,901 INFO querying UserRecordAccess (full)
2026-09-14 11:33:50,241 ERROR failed to load UserRecordAccess, skipping and continuing with the rest
Traceback (most recent call last):
  File "C:\Users\thecl\AppData\Local\Packages\PythonSoftwareFoundation.Python.3.11_qbz5n2kfra8p0\LocalCache\local-packages\Python311\site-packages\dlt\extract\pipe_iterator.py", line 274, in _get_source_item
    pipe_item = next(gen)
                ^^^^^^^^^
  File "C:\Users\thecl\OneDrive\Desktop\creditflow-data-warehouse\etl\salesforce_pipeline.py", line 147, in _resource
    for batch in paged_records(sf, soql):
  File "C:\Users\thecl\OneDrive\Desktop\creditflow-data-warehouse\etl\salesforce_pipeline.py", line 122, in paged_records
    for record in run_query_page(sf, soql):
  File "C:\Users\thecl\AppData\Local\Packages\PythonSoftwareFoundation.Python.3.11_qbz5n2kfra8p0\LocalCache\local-packages\Python311\site-packages\simple_salesforce\api.py", line 634, in query_all_iter
    result = self.query(query,
             ^^^^^^^^^^^^^^^^^
  File "C:\Users\thecl\AppData\Local\Packages\PythonSoftwareFoundation.Python.3.11_qbz5n2kfra8p0\LocalCache\local-packages\Python311\site-packages\simple_salesforce\api.py", line 568, in query
    result = self._call_salesforce('GET',
             ^^^^^^^^^^^^^^^^^^^^^^^^^^^^
  File "C:\Users\thecl\AppData\Local\Packages\PythonSoftwareFoundation.Python.3.11_qbz5n2kfra8p0\LocalCache\local-packages\Python311\site-packages\simple_salesforce\api.py", line 787, in _call_salesforce
    exception_handler(result,
  File "C:\Users\thecl\AppData\Local\Packages\PythonSoftwareFoundation.Python.3.11_qbz5n2kfra8p0\LocalCache\local-packages\Python311\site-packages\simple_salesforce\util.py", line 89, in exception_handler
    raise exc_cls(result.url, result.status_code, name, response_content)
simple_salesforce.exceptions.SalesforceMalformedRequest: Malformed request https://orgfarm-568b3bcb1a-dev-ed.develop.my.salesforce.com/services/data/v59.0/query/?q=SELECT+Id%2C+UserId%2C+RecordId%2C+HasReadAccess%2C+HasEditAccess%2C+HasDeleteAccess%2C+HasTransferAccess%2C+HasAllAccess%2C+MaxAccessLevel+FROM+UserRecordAccess. Response content: [{'message': 'Can select only RecordId, a Has*Access field, and MaxAccessLevel', 'errorCode': 'INVALID_FIELD'}]

The above exception was the direct cause of the following exception:

Traceback (most recent call last):
  File "C:\Users\thecl\AppData\Local\Packages\PythonSoftwareFoundation.Python.3.11_qbz5n2kfra8p0\LocalCache\local-packages\Python311\site-packages\dlt\pipeline\pipeline.py", line 507, in extract
    self._extract_source(
  File "C:\Users\thecl\AppData\Local\Packages\PythonSoftwareFoundation.Python.3.11_qbz5n2kfra8p0\LocalCache\local-packages\Python311\site-packages\dlt\pipeline\pipeline.py", line 1661, in _extract_source
    load_id = extract.extract(
              ^^^^^^^^^^^^^^^^
  File "C:\Users\thecl\AppData\Local\Packages\PythonSoftwareFoundation.Python.3.11_qbz5n2kfra8p0\LocalCache\local-packages\Python311\site-packages\dlt\extract\extract.py", line 608, in extract
    self._extract_single_source(
  File "C:\Users\thecl\AppData\Local\Packages\PythonSoftwareFoundation.Python.3.11_qbz5n2kfra8p0\LocalCache\local-packages\Python311\site-packages\dlt\extract\extract.py", line 525, in _extract_single_source
    for pipe_item in pipes:
  File "C:\Users\thecl\AppData\Local\Packages\PythonSoftwareFoundation.Python.3.11_qbz5n2kfra8p0\LocalCache\local-packages\Python311\site-packages\dlt\extract\pipe_iterator.py", line 158, in __next__
    pipe_item = self._get_source_item()
                ^^^^^^^^^^^^^^^^^^^^^^^
  File "C:\Users\thecl\AppData\Local\Packages\PythonSoftwareFoundation.Python.3.11_qbz5n2kfra8p0\LocalCache\local-packages\Python311\site-packages\dlt\extract\pipe_iterator.py", line 304, in _get_source_item
    raise ResourceExtractionError(pipe.name, gen, str(ex), "generator") from ex
dlt.extract.exceptions.ResourceExtractionError: In processing pipe `userrecordaccess`: extraction of resource `userrecordaccess` in `generator` `_resource` caused an exception: Malformed request https://orgfarm-568b3bcb1a-dev-ed.develop.my.salesforce.com/services/data/v59.0/query/?q=SELECT+Id%2C+UserId%2C+RecordId%2C+HasReadAccess%2C+HasEditAccess%2C+HasDeleteAccess%2C+HasTransferAccess%2C+HasAllAccess%2C+MaxAccessLevel+FROM+UserRecordAccess. Response content: [{'message': 'Can select only RecordId, a Has*Access field, and MaxAccessLevel', 'errorCode': 'INVALID_FIELD'}]

The above exception was the direct cause of the following exception:

Traceback (most recent call last):
  File "C:\Users\thecl\OneDrive\Desktop\creditflow-data-warehouse\etl\salesforce_pipeline.py", line 192, in run
    load_info = pipeline.run(resource())
                ^^^^^^^^^^^^^^^^^^^^^^^^
  File "C:\Users\thecl\AppData\Local\Packages\PythonSoftwareFoundation.Python.3.11_qbz5n2kfra8p0\LocalCache\local-packages\Python311\site-packages\dlt\pipeline\pipeline.py", line 237, in _wrap
    step_info = f(self, *args, **kwargs)
                ^^^^^^^^^^^^^^^^^^^^^^^^
  File "C:\Users\thecl\AppData\Local\Packages\PythonSoftwareFoundation.Python.3.11_qbz5n2kfra8p0\LocalCache\local-packages\Python311\site-packages\dlt\pipeline\pipeline.py", line 285, in _wrap
    return f(self, *args, **kwargs)
           ^^^^^^^^^^^^^^^^^^^^^^^^
  File "C:\Users\thecl\AppData\Local\Packages\PythonSoftwareFoundation.Python.3.11_qbz5n2kfra8p0\LocalCache\local-packages\Python311\site-packages\dlt\pipeline\pipeline.py", line 815, in run
    self.extract(
  File "C:\Users\thecl\AppData\Local\Packages\PythonSoftwareFoundation.Python.3.11_qbz5n2kfra8p0\LocalCache\local-packages\Python311\site-packages\dlt\pipeline\pipeline.py", line 237, in _wrap
    step_info = f(self, *args, **kwargs)
                ^^^^^^^^^^^^^^^^^^^^^^^^
  File "C:\Users\thecl\AppData\Local\Packages\PythonSoftwareFoundation.Python.3.11_qbz5n2kfra8p0\LocalCache\local-packages\Python311\site-packages\dlt\pipeline\pipeline.py", line 176, in _wrap
    return f(self, *args, **kwargs)
           ^^^^^^^^^^^^^^^^^^^^^^^^
  File "C:\Users\thecl\AppData\Local\Packages\PythonSoftwareFoundation.Python.3.11_qbz5n2kfra8p0\LocalCache\local-packages\Python311\site-packages\dlt\pipeline\pipeline.py", line 190, in _wrap
    rv = f(self, *args, **kwargs)
         ^^^^^^^^^^^^^^^^^^^^^^^^
  File "C:\Users\thecl\AppData\Local\Packages\PythonSoftwareFoundation.Python.3.11_qbz5n2kfra8p0\LocalCache\local-packages\Python311\site-packages\dlt\pipeline\pipeline.py", line 285, in _wrap
    return f(self, *args, **kwargs)
           ^^^^^^^^^^^^^^^^^^^^^^^^
  File "C:\Users\thecl\AppData\Local\Packages\PythonSoftwareFoundation.Python.3.11_qbz5n2kfra8p0\LocalCache\local-packages\Python311\site-packages\dlt\pipeline\pipeline.py", line 530, in extract
    raise PipelineStepFailed(
dlt.pipeline.exceptions.PipelineStepFailed: Pipeline execution failed at `step=extract` when processing package with `load_id=1789367629.8870268` with exception:

<class 'dlt.extract.exceptions.ResourceExtractionError'>
In processing pipe `userrecordaccess`: extraction of resource `userrecordaccess` in `generator` `_resource` caused an exception: Malformed request https://orgfarm-568b3bcb1a-dev-ed.develop.my.salesforce.com/services/data/v59.0/query/?q=SELECT+Id%2C+UserId%2C+RecordId%2C+HasReadAccess%2C+HasEditAccess%2C+HasDeleteAccess%2C+HasTransferAccess%2C+HasAllAccess%2C+MaxAccessLevel+FROM+UserRecordAccess. Response content: [{'message': 'Can select only RecordId, a Has*Access field, and MaxAccessLevel', 'errorCode': 'INVALID_FIELD'}]
2026-09-14 11:33:50,241 INFO [1042/1126] UserRole
2026-09-14 11:33:50,921 INFO querying UserRole incrementally since 2000-01-01T00:00:00Z
2026-09-14 11:33:52,287 INFO [1043/1126] UserServicePresence
2026-09-14 11:33:52,948 INFO querying UserServicePresence incrementally since 2000-01-01T00:00:00Z
2026-09-14 11:33:54,130 INFO [1044/1126] UserServicePresenceShare
2026-09-14 11:33:54,762 INFO querying UserServicePresenceShare incrementally since 2000-01-01T00:00:00Z
2026-09-14 11:33:55,906 INFO [1045/1126] UserSetupEntityAccess
2026-09-14 11:33:56,506 INFO querying UserSetupEntityAccess (full)
2026-09-14 11:33:57,122 INFO [1046/1126] UserShare
2026-09-14 11:33:58,513 INFO querying UserShare incrementally since 2000-01-01T00:00:00Z
2026-09-14 11:33:59,706 INFO [1047/1126] VendorCallCenterStatusMap
2026-09-14 11:34:01,150 INFO querying VendorCallCenterStatusMap incrementally since 2000-01-01T00:00:00Z
2026-09-14 11:34:02,312 INFO [1048/1126] VerificationHistory
2026-09-14 11:34:02,973 INFO querying VerificationHistory incrementally since 2000-01-01T00:00:00Z
2026-09-14 11:34:05,293 INFO [1049/1126] VisualforceAccessMetrics
2026-09-14 11:34:05,936 INFO querying VisualforceAccessMetrics (full)
2026-09-14 11:34:06,665 INFO [1050/1126] VoiceCall
2026-09-14 11:34:07,327 INFO querying VoiceCall incrementally since 2000-01-01T00:00:00Z
2026-09-14 11:34:08,526 INFO [1051/1126] VoiceCallFeed
2026-09-14 11:34:09,219 INFO querying VoiceCallFeed incrementally since 2000-01-01T00:00:00Z
2026-09-14 11:34:10,375 INFO [1052/1126] VoiceCallMetrics
2026-09-14 11:34:10,951 INFO querying VoiceCallMetrics (full)
2026-09-14 11:34:11,584 INFO [1053/1126] VoiceCallRecording
2026-09-14 11:34:12,216 INFO querying VoiceCallRecording incrementally since 2000-01-01T00:00:00Z
2026-09-14 11:34:13,419 INFO [1054/1126] VoiceCallShare
2026-09-14 11:34:14,039 INFO querying VoiceCallShare incrementally since 2000-01-01T00:00:00Z
2026-09-14 11:34:15,305 INFO [1055/1126] VoiceChnlInteractionEvent
2026-09-14 11:34:15,965 INFO querying VoiceChnlInteractionEvent incrementally since 2000-01-01T00:00:00Z
2026-09-14 11:34:17,111 INFO [1056/1126] VoiceChnlInteractionEventShare
2026-09-14 11:34:17,759 INFO querying VoiceChnlInteractionEventShare incrementally since 2000-01-01T00:00:00Z
2026-09-14 11:34:18,904 INFO [1057/1126] VoiceChnlIntrctnDtlEvent
2026-09-14 11:34:19,623 INFO querying VoiceChnlIntrctnDtlEvent incrementally since 2000-01-01T00:00:00Z
2026-09-14 11:34:20,879 INFO [1058/1126] VoiceVendorInfo
2026-09-14 11:34:21,509 INFO querying VoiceVendorInfo incrementally since 2000-01-01T00:00:00Z
2026-09-14 11:34:22,688 INFO [1059/1126] Vote
2026-09-14 11:34:23,307 INFO querying Vote incrementally since 2000-01-01T00:00:00Z
2026-09-14 11:34:23,706 ERROR failed to load Vote, skipping and continuing with the rest
Traceback (most recent call last):
  File "C:\Users\thecl\AppData\Local\Packages\PythonSoftwareFoundation.Python.3.11_qbz5n2kfra8p0\LocalCache\local-packages\Python311\site-packages\dlt\extract\pipe_iterator.py", line 274, in _get_source_item
    pipe_item = next(gen)
                ^^^^^^^^^
  File "C:\Users\thecl\OneDrive\Desktop\creditflow-data-warehouse\etl\salesforce_pipeline.py", line 140, in _resource
    for batch in paged_records(sf, soql):
  File "C:\Users\thecl\OneDrive\Desktop\creditflow-data-warehouse\etl\salesforce_pipeline.py", line 122, in paged_records
    for record in run_query_page(sf, soql):
  File "C:\Users\thecl\AppData\Local\Packages\PythonSoftwareFoundation.Python.3.11_qbz5n2kfra8p0\LocalCache\local-packages\Python311\site-packages\simple_salesforce\api.py", line 634, in query_all_iter
    result = self.query(query,
             ^^^^^^^^^^^^^^^^^
  File "C:\Users\thecl\AppData\Local\Packages\PythonSoftwareFoundation.Python.3.11_qbz5n2kfra8p0\LocalCache\local-packages\Python311\site-packages\simple_salesforce\api.py", line 568, in query
    result = self._call_salesforce('GET',
             ^^^^^^^^^^^^^^^^^^^^^^^^^^^^
  File "C:\Users\thecl\AppData\Local\Packages\PythonSoftwareFoundation.Python.3.11_qbz5n2kfra8p0\LocalCache\local-packages\Python311\site-packages\simple_salesforce\api.py", line 787, in _call_salesforce
    exception_handler(result,
  File "C:\Users\thecl\AppData\Local\Packages\PythonSoftwareFoundation.Python.3.11_qbz5n2kfra8p0\LocalCache\local-packages\Python311\site-packages\simple_salesforce\util.py", line 89, in exception_handler
    raise exc_cls(result.url, result.status_code, name, response_content)
simple_salesforce.exceptions.SalesforceMalformedRequest: Malformed request https://orgfarm-568b3bcb1a-dev-ed.develop.my.salesforce.com/services/data/v59.0/query/?q=SELECT+Id%2C+IsDeleted%2C+ParentId%2C+Type%2C+CreatedDate%2C+CreatedById%2C+LastModifiedDate%2C+LastModifiedById%2C+SystemModstamp+FROM+Vote+WHERE+LastModifiedDate+%3E+2000-01-01T00%3A00%3A00Z. Response content: [{'message': "Implementation restriction: When querying the Vote object, you must filter using the following syntax: ParentId = [single ID], Parent.Type = [single Type], Id = [single ID], or Id IN [list of ID's].", 'errorCode': 'MALFORMED_QUERY'}]

The above exception was the direct cause of the following exception:

Traceback (most recent call last):
  File "C:\Users\thecl\AppData\Local\Packages\PythonSoftwareFoundation.Python.3.11_qbz5n2kfra8p0\LocalCache\local-packages\Python311\site-packages\dlt\pipeline\pipeline.py", line 507, in extract
    self._extract_source(
  File "C:\Users\thecl\AppData\Local\Packages\PythonSoftwareFoundation.Python.3.11_qbz5n2kfra8p0\LocalCache\local-packages\Python311\site-packages\dlt\pipeline\pipeline.py", line 1661, in _extract_source
    load_id = extract.extract(
              ^^^^^^^^^^^^^^^^
  File "C:\Users\thecl\AppData\Local\Packages\PythonSoftwareFoundation.Python.3.11_qbz5n2kfra8p0\LocalCache\local-packages\Python311\site-packages\dlt\extract\extract.py", line 608, in extract
    self._extract_single_source(
  File "C:\Users\thecl\AppData\Local\Packages\PythonSoftwareFoundation.Python.3.11_qbz5n2kfra8p0\LocalCache\local-packages\Python311\site-packages\dlt\extract\extract.py", line 525, in _extract_single_source
    for pipe_item in pipes:
  File "C:\Users\thecl\AppData\Local\Packages\PythonSoftwareFoundation.Python.3.11_qbz5n2kfra8p0\LocalCache\local-packages\Python311\site-packages\dlt\extract\pipe_iterator.py", line 158, in __next__
    pipe_item = self._get_source_item()
                ^^^^^^^^^^^^^^^^^^^^^^^
  File "C:\Users\thecl\AppData\Local\Packages\PythonSoftwareFoundation.Python.3.11_qbz5n2kfra8p0\LocalCache\local-packages\Python311\site-packages\dlt\extract\pipe_iterator.py", line 304, in _get_source_item
    raise ResourceExtractionError(pipe.name, gen, str(ex), "generator") from ex
dlt.extract.exceptions.ResourceExtractionError: In processing pipe `vote`: extraction of resource `vote` in `generator` `_resource` caused an exception: Malformed request https://orgfarm-568b3bcb1a-dev-ed.develop.my.salesforce.com/services/data/v59.0/query/?q=SELECT+Id%2C+IsDeleted%2C+ParentId%2C+Type%2C+CreatedDate%2C+CreatedById%2C+LastModifiedDate%2C+LastModifiedById%2C+SystemModstamp+FROM+Vote+WHERE+LastModifiedDate+%3E+2000-01-01T00%3A00%3A00Z. Response content: [{'message': "Implementation restriction: When querying the Vote object, you must filter using the following syntax: ParentId = [single ID], Parent.Type = [single Type], Id = [single ID], or Id IN [list of ID's].", 'errorCode': 'MALFORMED_QUERY'}]

The above exception was the direct cause of the following exception:

Traceback (most recent call last):
  File "C:\Users\thecl\OneDrive\Desktop\creditflow-data-warehouse\etl\salesforce_pipeline.py", line 192, in run
    load_info = pipeline.run(resource())
                ^^^^^^^^^^^^^^^^^^^^^^^^
  File "C:\Users\thecl\AppData\Local\Packages\PythonSoftwareFoundation.Python.3.11_qbz5n2kfra8p0\LocalCache\local-packages\Python311\site-packages\dlt\pipeline\pipeline.py", line 237, in _wrap
    step_info = f(self, *args, **kwargs)
                ^^^^^^^^^^^^^^^^^^^^^^^^
  File "C:\Users\thecl\AppData\Local\Packages\PythonSoftwareFoundation.Python.3.11_qbz5n2kfra8p0\LocalCache\local-packages\Python311\site-packages\dlt\pipeline\pipeline.py", line 285, in _wrap
    return f(self, *args, **kwargs)
           ^^^^^^^^^^^^^^^^^^^^^^^^
  File "C:\Users\thecl\AppData\Local\Packages\PythonSoftwareFoundation.Python.3.11_qbz5n2kfra8p0\LocalCache\local-packages\Python311\site-packages\dlt\pipeline\pipeline.py", line 815, in run
    self.extract(
  File "C:\Users\thecl\AppData\Local\Packages\PythonSoftwareFoundation.Python.3.11_qbz5n2kfra8p0\LocalCache\local-packages\Python311\site-packages\dlt\pipeline\pipeline.py", line 237, in _wrap
    step_info = f(self, *args, **kwargs)
                ^^^^^^^^^^^^^^^^^^^^^^^^
  File "C:\Users\thecl\AppData\Local\Packages\PythonSoftwareFoundation.Python.3.11_qbz5n2kfra8p0\LocalCache\local-packages\Python311\site-packages\dlt\pipeline\pipeline.py", line 176, in _wrap
    return f(self, *args, **kwargs)
           ^^^^^^^^^^^^^^^^^^^^^^^^
  File "C:\Users\thecl\AppData\Local\Packages\PythonSoftwareFoundation.Python.3.11_qbz5n2kfra8p0\LocalCache\local-packages\Python311\site-packages\dlt\pipeline\pipeline.py", line 190, in _wrap
    rv = f(self, *args, **kwargs)
         ^^^^^^^^^^^^^^^^^^^^^^^^
  File "C:\Users\thecl\AppData\Local\Packages\PythonSoftwareFoundation.Python.3.11_qbz5n2kfra8p0\LocalCache\local-packages\Python311\site-packages\dlt\pipeline\pipeline.py", line 285, in _wrap
    return f(self, *args, **kwargs)
           ^^^^^^^^^^^^^^^^^^^^^^^^
  File "C:\Users\thecl\AppData\Local\Packages\PythonSoftwareFoundation.Python.3.11_qbz5n2kfra8p0\LocalCache\local-packages\Python311\site-packages\dlt\pipeline\pipeline.py", line 530, in extract
    raise PipelineStepFailed(
dlt.pipeline.exceptions.PipelineStepFailed: Pipeline execution failed at `step=extract` when processing package with `load_id=1789367663.2464416` with exception:

<class 'dlt.extract.exceptions.ResourceExtractionError'>
In processing pipe `vote`: extraction of resource `vote` in `generator` `_resource` caused an exception: Malformed request https://orgfarm-568b3bcb1a-dev-ed.develop.my.salesforce.com/services/data/v59.0/query/?q=SELECT+Id%2C+IsDeleted%2C+ParentId%2C+Type%2C+CreatedDate%2C+CreatedById%2C+LastModifiedDate%2C+LastModifiedById%2C+SystemModstamp+FROM+Vote+WHERE+LastModifiedDate+%3E+2000-01-01T00%3A00%3A00Z. Response content: [{'message': "Implementation restriction: When querying the Vote object, you must filter using the following syntax: ParentId = [single ID], Parent.Type = [single Type], Id = [single ID], or Id IN [list of ID's].", 'errorCode': 'MALFORMED_QUERY'}]
2026-09-14 11:34:23,706 INFO [1060/1126] Waitlist
2026-09-14 11:34:24,456 INFO querying Waitlist incrementally since 2000-01-01T00:00:00Z
2026-09-14 11:34:25,624 INFO [1061/1126] WaitlistFeed
2026-09-14 11:34:26,281 INFO querying WaitlistFeed incrementally since 2000-01-01T00:00:00Z
2026-09-14 11:34:27,479 INFO [1062/1126] WaitlistHistory
2026-09-14 11:34:28,192 INFO querying WaitlistHistory (full)
2026-09-14 11:34:28,821 INFO [1063/1126] WaitlistParticipant
2026-09-14 11:34:29,517 INFO querying WaitlistParticipant incrementally since 2000-01-01T00:00:00Z
2026-09-14 11:34:30,781 INFO [1064/1126] WaitlistParticipantFeed
2026-09-14 11:34:31,637 INFO querying WaitlistParticipantFeed incrementally since 2000-01-01T00:00:00Z
2026-09-14 11:34:32,790 INFO [1065/1126] WaitlistParticipantHistory
2026-09-14 11:34:33,612 INFO querying WaitlistParticipantHistory (full)
2026-09-14 11:34:34,242 INFO [1066/1126] WaitlistServiceResource
2026-09-14 11:34:34,925 INFO querying WaitlistServiceResource incrementally since 2000-01-01T00:00:00Z
2026-09-14 11:34:36,732 INFO [1067/1126] WaitlistServiceResourceFeed
2026-09-14 11:34:37,443 INFO querying WaitlistServiceResourceFeed incrementally since 2000-01-01T00:00:00Z
2026-09-14 11:34:38,644 INFO [1068/1126] WaitlistServiceResourceHistory
2026-09-14 11:34:39,225 INFO querying WaitlistServiceResourceHistory (full)
2026-09-14 11:34:39,839 INFO [1069/1126] WaitlistShare
2026-09-14 11:34:40,696 INFO querying WaitlistShare incrementally since 2000-01-01T00:00:00Z
2026-09-14 11:34:41,925 INFO [1070/1126] WaitlistWorkType
2026-09-14 11:34:42,619 INFO querying WaitlistWorkType incrementally since 2000-01-01T00:00:00Z
2026-09-14 11:34:43,826 INFO [1071/1126] WaitlistWorkTypeFeed
2026-09-14 11:34:44,484 INFO querying WaitlistWorkTypeFeed incrementally since 2000-01-01T00:00:00Z
2026-09-14 11:34:45,644 INFO [1072/1126] WaitlistWorkTypeHistory
2026-09-14 11:34:46,324 INFO querying WaitlistWorkTypeHistory (full)
2026-09-14 11:34:46,953 INFO [1073/1126] WaveAutoInstallRequest
2026-09-14 11:34:47,654 INFO querying WaveAutoInstallRequest incrementally since 2000-01-01T00:00:00Z
2026-09-14 11:34:48,831 INFO [1074/1126] WaveCompatibilityCheckItem
2026-09-14 11:34:49,512 INFO querying WaveCompatibilityCheckItem incrementally since 2000-01-01T00:00:00Z
2026-09-14 11:34:51,076 INFO [1075/1126] WebCart
2026-09-14 11:34:52,759 INFO querying WebCart incrementally since 2000-01-01T00:00:00Z
2026-09-14 11:34:53,965 INFO [1076/1126] WebCartAdjustmentBasis
2026-09-14 11:34:54,622 INFO querying WebCartAdjustmentBasis incrementally since 2000-01-01T00:00:00Z
2026-09-14 11:34:55,833 INFO [1077/1126] WebCartAdjustmentGroup
2026-09-14 11:34:56,480 INFO querying WebCartAdjustmentGroup incrementally since 2000-01-01T00:00:00Z
2026-09-14 11:34:57,674 INFO [1078/1126] WebCartHistory
2026-09-14 11:34:58,232 INFO querying WebCartHistory (full)
2026-09-14 11:34:58,971 INFO [1079/1126] WebCartShare
2026-09-14 11:34:59,588 INFO querying WebCartShare incrementally since 2000-01-01T00:00:00Z
2026-09-14 11:35:00,762 INFO [1080/1126] WebLink
2026-09-14 11:35:01,547 INFO querying WebLink incrementally since 2000-01-01T00:00:00Z
2026-09-14 11:35:03,162 INFO [1081/1126] WebLinkLocalization
2026-09-14 11:35:04,631 INFO querying WebLinkLocalization incrementally since 2000-01-01T00:00:00Z
2026-09-14 11:35:05,829 INFO [1082/1126] WebStore
2026-09-14 11:35:06,542 INFO querying WebStore incrementally since 2000-01-01T00:00:00Z
2026-09-14 11:35:07,731 INFO [1083/1126] WebStoreBuyerGroup
2026-09-14 11:35:08,403 INFO querying WebStoreBuyerGroup incrementally since 2000-01-01T00:00:00Z
2026-09-14 11:35:09,661 INFO [1084/1126] WebStoreCatalog
2026-09-14 11:35:10,326 INFO querying WebStoreCatalog incrementally since 2000-01-01T00:00:00Z
2026-09-14 11:35:11,653 INFO [1085/1126] WebStoreCatalogHistory
2026-09-14 11:35:12,255 INFO querying WebStoreCatalogHistory (full)
2026-09-14 11:35:12,866 INFO [1086/1126] WebStoreInventorySource
2026-09-14 11:35:13,629 INFO querying WebStoreInventorySource incrementally since 2000-01-01T00:00:00Z
2026-09-14 11:35:15,044 INFO [1087/1126] WebStoreShare
2026-09-14 11:35:15,647 INFO querying WebStoreShare incrementally since 2000-01-01T00:00:00Z
2026-09-14 11:35:16,869 INFO [1088/1126] WorkOrder
2026-09-14 11:35:17,880 INFO querying WorkOrder incrementally since 2000-01-01T00:00:00Z
2026-09-14 11:35:19,044 INFO [1089/1126] WorkOrderFeed
2026-09-14 11:35:19,753 INFO querying WorkOrderFeed incrementally since 2000-01-01T00:00:00Z
2026-09-14 11:35:20,950 INFO [1090/1126] WorkOrderHistory
2026-09-14 11:35:21,490 INFO querying WorkOrderHistory (full)
2026-09-14 11:35:22,136 INFO [1091/1126] WorkOrderLineItem
2026-09-14 11:35:22,952 INFO querying WorkOrderLineItem incrementally since 2000-01-01T00:00:00Z
2026-09-14 11:35:24,150 INFO [1092/1126] WorkOrderLineItemFeed
2026-09-14 11:35:25,028 INFO querying WorkOrderLineItemFeed incrementally since 2000-01-01T00:00:00Z
2026-09-14 11:35:26,187 INFO [1093/1126] WorkOrderLineItemHistory
2026-09-14 11:35:26,792 INFO querying WorkOrderLineItemHistory (full)
2026-09-14 11:35:27,424 INFO [1094/1126] WorkOrderLineItemStatus
2026-09-14 11:35:28,492 INFO querying WorkOrderLineItemStatus incrementally since 2000-01-01T00:00:00Z
2026-09-14 11:35:30,610 INFO [1095/1126] WorkOrderShare
2026-09-14 11:35:31,239 INFO querying WorkOrderShare incrementally since 2000-01-01T00:00:00Z
2026-09-14 11:35:32,434 INFO [1096/1126] WorkOrderStatus
2026-09-14 11:35:33,148 INFO querying WorkOrderStatus incrementally since 2000-01-01T00:00:00Z
2026-09-14 11:35:34,617 INFO [1097/1126] WorkPlan
2026-09-14 11:35:35,319 INFO querying WorkPlan incrementally since 2000-01-01T00:00:00Z
2026-09-14 11:35:36,829 INFO [1098/1126] WorkPlanFeed
2026-09-14 11:35:38,090 INFO querying WorkPlanFeed incrementally since 2000-01-01T00:00:00Z
2026-09-14 11:35:39,384 INFO [1099/1126] WorkPlanHistory
2026-09-14 11:35:39,958 INFO querying WorkPlanHistory (full)
2026-09-14 11:35:40,639 INFO [1100/1126] WorkPlanShare
2026-09-14 11:35:41,253 INFO querying WorkPlanShare incrementally since 2000-01-01T00:00:00Z
2026-09-14 11:35:42,446 INFO [1101/1126] WorkPlanTemplate
2026-09-14 11:35:43,141 INFO querying WorkPlanTemplate incrementally since 2000-01-01T00:00:00Z
2026-09-14 11:35:44,359 INFO [1102/1126] WorkPlanTemplateEntry
2026-09-14 11:35:45,312 INFO querying WorkPlanTemplateEntry incrementally since 2000-01-01T00:00:00Z
2026-09-14 11:35:46,515 INFO [1103/1126] WorkPlanTemplateEntryFeed
2026-09-14 11:35:47,415 INFO querying WorkPlanTemplateEntryFeed incrementally since 2000-01-01T00:00:00Z
2026-09-14 11:35:48,619 INFO [1104/1126] WorkPlanTemplateEntryHistory
2026-09-14 11:35:49,179 INFO querying WorkPlanTemplateEntryHistory (full)
2026-09-14 11:35:49,776 INFO [1105/1126] WorkPlanTemplateFeed
2026-09-14 11:35:50,468 INFO querying WorkPlanTemplateFeed incrementally since 2000-01-01T00:00:00Z
2026-09-14 11:35:51,615 INFO [1106/1126] WorkPlanTemplateHistory
2026-09-14 11:35:52,219 INFO querying WorkPlanTemplateHistory (full)
2026-09-14 11:35:52,820 INFO [1107/1126] WorkPlanTemplateShare
2026-09-14 11:35:53,448 INFO querying WorkPlanTemplateShare incrementally since 2000-01-01T00:00:00Z
2026-09-14 11:35:54,754 INFO [1108/1126] WorkStep
2026-09-14 11:35:55,489 INFO querying WorkStep incrementally since 2000-01-01T00:00:00Z
2026-09-14 11:35:56,768 INFO [1109/1126] WorkStepFeed
2026-09-14 11:35:57,470 INFO querying WorkStepFeed incrementally since 2000-01-01T00:00:00Z
2026-09-14 11:35:58,642 INFO [1110/1126] WorkStepHistory
2026-09-14 11:35:59,305 INFO querying WorkStepHistory (full)
2026-09-14 11:35:59,899 INFO [1111/1126] WorkStepStatus
2026-09-14 11:36:01,260 INFO querying WorkStepStatus incrementally since 2000-01-01T00:00:00Z
2026-09-14 11:36:02,727 INFO [1112/1126] WorkStepTemplate
2026-09-14 11:36:03,540 INFO querying WorkStepTemplate incrementally since 2000-01-01T00:00:00Z
2026-09-14 11:36:04,783 INFO [1113/1126] WorkStepTemplateFeed
2026-09-14 11:36:05,436 INFO querying WorkStepTemplateFeed incrementally since 2000-01-01T00:00:00Z
2026-09-14 11:36:06,615 INFO [1114/1126] WorkStepTemplateHistory
2026-09-14 11:36:07,244 INFO querying WorkStepTemplateHistory (full)
2026-09-14 11:36:08,488 INFO [1115/1126] WorkStepTemplateShare
2026-09-14 11:36:09,183 INFO querying WorkStepTemplateShare incrementally since 2000-01-01T00:00:00Z
2026-09-14 11:36:10,429 INFO [1116/1126] WorkType
2026-09-14 11:36:11,125 INFO querying WorkType incrementally since 2000-01-01T00:00:00Z
2026-09-14 11:36:12,333 INFO [1117/1126] WorkTypeFeed
2026-09-14 11:36:13,004 INFO querying WorkTypeFeed incrementally since 2000-01-01T00:00:00Z
2026-09-14 11:36:14,213 INFO [1118/1126] WorkTypeGroup
2026-09-14 11:36:15,023 INFO querying WorkTypeGroup incrementally since 2000-01-01T00:00:00Z
2026-09-14 11:36:16,269 INFO [1119/1126] WorkTypeGroupFeed
2026-09-14 11:36:16,962 INFO querying WorkTypeGroupFeed incrementally since 2000-01-01T00:00:00Z
2026-09-14 11:36:18,135 INFO [1120/1126] WorkTypeGroupHistory
2026-09-14 11:36:18,816 INFO querying WorkTypeGroupHistory (full)
2026-09-14 11:36:19,424 INFO [1121/1126] WorkTypeGroupMember
2026-09-14 11:36:20,085 INFO querying WorkTypeGroupMember incrementally since 2000-01-01T00:00:00Z
2026-09-14 11:36:22,170 INFO [1122/1126] WorkTypeGroupMemberFeed
2026-09-14 11:36:22,834 INFO querying WorkTypeGroupMemberFeed incrementally since 2000-01-01T00:00:00Z
2026-09-14 11:36:24,084 INFO [1123/1126] WorkTypeGroupMemberHistory
2026-09-14 11:36:24,792 INFO querying WorkTypeGroupMemberHistory (full)
2026-09-14 11:36:25,454 INFO [1124/1126] WorkTypeGroupShare
2026-09-14 11:36:26,116 INFO querying WorkTypeGroupShare incrementally since 2000-01-01T00:00:00Z
2026-09-14 11:36:27,381 INFO [1125/1126] WorkTypeHistory
2026-09-14 11:36:28,000 INFO querying WorkTypeHistory (full)
2026-09-14 11:36:28,773 INFO [1126/1126] WorkTypeShare
2026-09-14 11:36:29,420 INFO querying WorkTypeShare incrementally since 2000-01-01T00:00:00Z
2026-09-14 11:36:31,108 INFO Salesforce API budget: 12797/15000 daily requests remaining
2026-09-14 11:36:31,110 ERROR 42 of 1126 objects failed this run: ['ActivityFieldHistory', 'ApexTypeImplementor', 'AppTabMember', 'ColorDefinition', 'ContentDocumentLink', 'ContentFolderItem', 'ContentFolderMember', 'DataStatistics', 'DataType', 'DatacloudAddress', 'DatacloudCompany', 'DatacloudContact', 'DatacloudDandBCompany', 'EntityParticle', 'ExternalEncryptionRootKey', 'FieldDefinition', 'FileEventStore', 'FlexQueueItem', 'FlowTestView', 'FlowVariableView', 'FlowVersionView', 'IconDefinition', 'IdeaComment', 'ListViewChartInstance', 'OmniRoutingEventStore', 'OutgoingEmail', 'OutgoingEmailRelation', 'OwnerChangeOptionInfo', 'PendingOrderSummary', 'PicklistValueInfo', 'PlatformAction', 'RecordActionHistory', 'RelatedListColumnDefinition', 'RelatedListDefinition', 'RelationshipDomain', 'RelationshipInfo', 'SearchLayout', 'SiteDetail', 'UserEntityAccess', 'UserFieldAccess', 'UserRecordAccess', 'Vote']
2026-09-14 11:45:48,228 INFO Salesforce API budget: 12695/15000 daily requests remaining
2026-09-14 11:45:49,218 INFO discovered 1126 queryable objects in the org
2026-09-14 11:45:49,265 INFO [1/1126] AIApplication
2026-09-14 11:45:50,101 INFO querying AIApplication incrementally since 2000-01-01T00:00:00Z
2026-09-14 11:45:50,914 INFO [2/1126] AIApplicationConfig
2026-09-14 11:45:51,607 INFO querying AIApplicationConfig incrementally since 2000-01-01T00:00:00Z
2026-09-14 11:45:52,301 INFO [3/1126] AIInsightAction
2026-09-14 11:45:53,481 INFO querying AIInsightAction incrementally since 2000-01-01T00:00:00Z
2026-09-14 11:45:54,259 INFO [4/1126] AIInsightFeedback
2026-09-14 11:45:55,552 INFO querying AIInsightFeedback incrementally since 2000-01-01T00:00:00Z
2026-09-14 11:45:56,171 INFO [5/1126] AIInsightReason
2026-09-14 11:45:56,880 INFO querying AIInsightReason incrementally since 2000-01-01T00:00:00Z
2026-09-14 11:45:57,527 INFO [6/1126] AIInsightValue
2026-09-14 11:45:59,743 INFO querying AIInsightValue incrementally since 2000-01-01T00:00:00Z
2026-09-14 11:46:00,390 INFO [7/1126] AIRecordInsight
2026-09-14 11:46:02,457 INFO querying AIRecordInsight incrementally since 2000-01-01T00:00:00Z
2026-09-14 11:46:03,948 INFO [8/1126] AIScoringModelDefVersion
2026-09-14 11:46:04,823 INFO querying AIScoringModelDefVersion incrementally since 2000-01-01T00:00:00Z
2026-09-14 11:46:05,472 INFO [9/1126] AIScoringModelDefinition
2026-09-14 11:46:06,250 INFO querying AIScoringModelDefinition incrementally since 2000-01-01T00:00:00Z
2026-09-14 11:46:07,084 INFO [10/1126] AIScoringStep
2026-09-14 11:46:07,796 INFO querying AIScoringStep incrementally since 2000-01-01T00:00:00Z
2026-09-14 11:46:08,431 INFO [11/1126] AcceptedEventRelation
2026-09-14 11:46:09,107 INFO querying AcceptedEventRelation incrementally since 2000-01-01T00:00:00Z
2026-09-14 11:46:09,722 INFO [12/1126] Account
2026-09-14 11:46:10,870 INFO querying Account incrementally since 2026-09-11T21:53:58.000+0000
2026-09-14 11:46:11,521 INFO [13/1126] AccountCleanInfo
2026-09-14 11:46:12,536 INFO querying AccountCleanInfo incrementally since 2000-01-01T00:00:00Z
2026-09-14 11:46:13,234 INFO [14/1126] AccountContactRole
2026-09-14 11:46:13,895 INFO querying AccountContactRole incrementally since 2000-01-01T00:00:00Z
2026-09-14 11:46:14,541 INFO [15/1126] AccountFeed
2026-09-14 11:46:15,273 INFO querying AccountFeed incrementally since 2000-01-01T00:00:00Z
2026-09-14 11:46:15,950 INFO [16/1126] AccountHistory
2026-09-14 11:46:16,566 INFO querying AccountHistory (full)
2026-09-14 11:46:17,385 INFO [17/1126] AccountPartner
2026-09-14 11:46:18,100 INFO querying AccountPartner incrementally since 2000-01-01T00:00:00Z
2026-09-14 11:46:18,827 INFO [18/1126] AccountShare
2026-09-14 11:46:20,244 INFO querying AccountShare incrementally since 2000-01-01T00:00:00Z
2026-09-14 11:46:20,882 INFO [19/1126] ActionLinkGroupTemplate
2026-09-14 11:46:21,613 INFO querying ActionLinkGroupTemplate incrementally since 2000-01-01T00:00:00Z
2026-09-14 11:46:22,279 INFO [20/1126] ActionLinkTemplate
2026-09-14 11:46:22,945 INFO querying ActionLinkTemplate incrementally since 2000-01-01T00:00:00Z
2026-09-14 11:46:23,646 INFO [21/1126] ActivationTarget
2026-09-14 11:46:24,339 INFO querying ActivationTarget incrementally since 2000-01-01T00:00:00Z
2026-09-14 11:46:24,974 INFO [22/1126] ActivationTargetFeed
2026-09-14 11:46:25,720 INFO querying ActivationTargetFeed incrementally since 2000-01-01T00:00:00Z
2026-09-14 11:46:26,364 INFO [23/1126] ActivationTargetHistory
2026-09-14 11:46:26,982 INFO querying ActivationTargetHistory (full)
2026-09-14 11:46:27,635 INFO [24/1126] ActivationTargetPlatform
2026-09-14 11:46:28,339 INFO querying ActivationTargetPlatform incrementally since 2000-01-01T00:00:00Z
2026-09-14 11:46:29,071 INFO [25/1126] ActivationTargetPlatformHistory
2026-09-14 11:46:29,776 INFO querying ActivationTargetPlatformHistory (full)
2026-09-14 11:46:30,607 INFO [26/1126] ActivationTargetPlatformShare
2026-09-14 11:46:31,252 INFO querying ActivationTargetPlatformShare incrementally since 2000-01-01T00:00:00Z
2026-09-14 11:46:31,943 INFO [27/1126] ActivationTargetSecureFTP
2026-09-14 11:46:32,625 INFO querying ActivationTargetSecureFTP incrementally since 2000-01-01T00:00:00Z
2026-09-14 11:46:33,999 INFO [28/1126] ActivationTargetShare
2026-09-14 11:46:34,726 INFO querying ActivationTargetShare incrementally since 2000-01-01T00:00:00Z
2026-09-14 11:46:35,371 INFO [29/1126] ActivationTrgtIntOrgAccess
2026-09-14 11:46:36,087 INFO querying ActivationTrgtIntOrgAccess incrementally since 2000-01-01T00:00:00Z
2026-09-14 11:46:37,152 INFO [30/1126] ActivationTrgtIntOrgAccessFeed
2026-09-14 11:46:37,831 INFO querying ActivationTrgtIntOrgAccessFeed incrementally since 2000-01-01T00:00:00Z
2026-09-14 11:46:38,613 INFO [31/1126] ActivationTrgtIntOrgAccessHistory
2026-09-14 11:46:39,304 INFO querying ActivationTrgtIntOrgAccessHistory (full)
2026-09-14 11:46:39,951 INFO [32/1126] ActivationTrgtIntOrgAccessShare
2026-09-14 11:46:40,604 INFO querying ActivationTrgtIntOrgAccessShare incrementally since 2000-01-01T00:00:00Z
2026-09-14 11:46:41,359 INFO [33/1126] ActiveFeatureLicenseMetric
2026-09-14 11:46:41,972 INFO querying ActiveFeatureLicenseMetric (full)
2026-09-14 11:46:42,896 INFO [34/1126] ActivePermSetLicenseMetric
2026-09-14 11:46:43,542 INFO querying ActivePermSetLicenseMetric (full)
2026-09-14 11:46:44,562 INFO [35/1126] ActiveProfileMetric
2026-09-14 11:46:45,153 INFO querying ActiveProfileMetric (full)
2026-09-14 11:46:45,793 INFO [36/1126] ActivityFieldHistory - skipped (known non-bulk-queryable object)
2026-09-14 11:46:45,793 INFO [37/1126] ActvTgtPlatformFieldValue
2026-09-14 11:46:46,517 INFO querying ActvTgtPlatformFieldValue incrementally since 2000-01-01T00:00:00Z
2026-09-14 11:46:47,167 INFO [38/1126] ActvTgtPlatformFieldValueHistory
2026-09-14 11:46:47,763 INFO querying ActvTgtPlatformFieldValueHistory (full)
2026-09-14 11:46:48,403 INFO [39/1126] ActvTgtPlatformFieldValueShare
2026-09-14 11:46:49,088 INFO querying ActvTgtPlatformFieldValueShare incrementally since 2000-01-01T00:00:00Z
2026-09-14 11:46:49,722 INFO [40/1126] AdditionalNumber
2026-09-14 11:46:50,391 INFO querying AdditionalNumber incrementally since 2000-01-01T00:00:00Z
2026-09-14 11:46:51,029 INFO [41/1126] Address
2026-09-14 11:46:52,123 INFO querying Address incrementally since 2000-01-01T00:00:00Z
2026-09-14 11:46:53,386 INFO [42/1126] AddressHistory
2026-09-14 11:46:54,011 INFO querying AddressHistory (full)
2026-09-14 11:46:55,423 INFO [43/1126] AgentWork
2026-09-14 11:46:56,302 INFO querying AgentWork incrementally since 2000-01-01T00:00:00Z
2026-09-14 11:46:57,063 INFO [44/1126] AgentWorkShare
2026-09-14 11:46:57,856 INFO querying AgentWorkShare incrementally since 2000-01-01T00:00:00Z
2026-09-14 11:46:58,545 INFO [45/1126] AlternativePaymentMethod
2026-09-14 11:46:59,267 INFO querying AlternativePaymentMethod incrementally since 2000-01-01T00:00:00Z
2026-09-14 11:46:59,943 INFO [46/1126] AlternativePaymentMethodShare
2026-09-14 11:47:00,637 INFO querying AlternativePaymentMethodShare incrementally since 2000-01-01T00:00:00Z
2026-09-14 11:47:01,298 INFO [47/1126] Announcement
2026-09-14 11:47:01,969 INFO querying Announcement incrementally since 2000-01-01T00:00:00Z
2026-09-14 11:47:02,690 INFO [48/1126] ApexClass
2026-09-14 11:47:03,340 INFO querying ApexClass incrementally since 2026-09-07T10:13:30.000+0000
2026-09-14 11:47:03,988 INFO [49/1126] ApexComponent
2026-09-14 11:47:04,700 INFO querying ApexComponent incrementally since 2000-01-01T00:00:00Z
2026-09-14 11:47:05,405 INFO [50/1126] ApexEmailNotification
2026-09-14 11:47:06,121 INFO querying ApexEmailNotification incrementally since 2000-01-01T00:00:00Z
2026-09-14 11:47:06,785 INFO [51/1126] ApexLog
2026-09-14 11:47:07,462 INFO querying ApexLog incrementally since 2000-01-01T00:00:00Z
2026-09-14 11:47:08,356 INFO [52/1126] ApexPage
2026-09-14 11:47:09,053 INFO querying ApexPage incrementally since 2000-01-01T00:00:00Z
2026-09-14 11:47:10,349 INFO [53/1126] ApexPageInfo
2026-09-14 11:47:10,945 INFO querying ApexPageInfo (full)
2026-09-14 11:47:11,572 INFO [54/1126] ApexTestQueueItem
2026-09-14 11:47:12,219 INFO querying ApexTestQueueItem (full)
2026-09-14 11:47:12,864 INFO [55/1126] ApexTestResult
2026-09-14 11:47:13,450 INFO querying ApexTestResult (full)
2026-09-14 11:47:14,101 INFO [56/1126] ApexTestResultLimits
2026-09-14 11:47:14,791 INFO querying ApexTestResultLimits incrementally since 2000-01-01T00:00:00Z
2026-09-14 11:47:15,436 INFO [57/1126] ApexTestRunResult
2026-09-14 11:47:16,134 INFO querying ApexTestRunResult incrementally since 2000-01-01T00:00:00Z
2026-09-14 11:47:16,815 INFO [58/1126] ApexTestSuite
2026-09-14 11:47:17,489 INFO querying ApexTestSuite incrementally since 2000-01-01T00:00:00Z
2026-09-14 11:47:18,122 INFO [59/1126] ApexTrigger
2026-09-14 11:47:18,916 INFO querying ApexTrigger incrementally since 2000-01-01T00:00:00Z
2026-09-14 11:47:19,614 INFO [60/1126] ApexTypeImplementor - skipped (known non-bulk-queryable object)
2026-09-14 11:47:19,614 INFO [61/1126] ApiAnomalyEventStore
2026-09-14 11:47:20,304 INFO querying ApiAnomalyEventStore incrementally since 2000-01-01T00:00:00Z
2026-09-14 11:47:20,970 INFO [62/1126] ApiAnomalyEventStoreFeed
2026-09-14 11:47:21,822 INFO querying ApiAnomalyEventStoreFeed incrementally since 2000-01-01T00:00:00Z
2026-09-14 11:47:23,492 INFO [63/1126] ApiEvent
2026-09-14 11:47:24,076 INFO querying ApiEvent (full)
2026-09-14 11:47:24,772 INFO [64/1126] AppAnalyticsQueryRequest
2026-09-14 11:47:25,497 INFO querying AppAnalyticsQueryRequest incrementally since 2000-01-01T00:00:00Z
2026-09-14 11:47:26,160 INFO [65/1126] AppDefinition
2026-09-14 11:47:26,822 INFO querying AppDefinition (full)
2026-09-14 11:47:27,821 INFO [66/1126] AppMenuItem
2026-09-14 11:47:28,461 INFO querying AppMenuItem incrementally since 2026-09-14T06:02:11.000+0000
2026-09-14 11:47:29,232 INFO [67/1126] AppTabMember - skipped (known non-bulk-queryable object)
2026-09-14 11:47:29,232 INFO [68/1126] AppUsageAssignment
2026-09-14 11:47:29,898 INFO querying AppUsageAssignment incrementally since 2000-01-01T00:00:00Z
2026-09-14 11:47:30,595 INFO [69/1126] AppointmentAssignmentPolicy
2026-09-14 11:47:31,381 INFO querying AppointmentAssignmentPolicy incrementally since 2000-01-01T00:00:00Z
2026-09-14 11:47:32,858 INFO [70/1126] AppointmentCategory
2026-09-14 11:47:33,600 INFO querying AppointmentCategory incrementally since 2000-01-01T00:00:00Z
2026-09-14 11:47:35,185 INFO [71/1126] AppointmentCategoryFeed
2026-09-14 11:47:35,932 INFO querying AppointmentCategoryFeed incrementally since 2000-01-01T00:00:00Z
2026-09-14 11:47:36,561 INFO [72/1126] AppointmentCategoryHistory
2026-09-14 11:47:37,143 INFO querying AppointmentCategoryHistory (full)
2026-09-14 11:47:37,838 INFO [73/1126] AppointmentInvitation
2026-09-14 11:47:38,615 INFO querying AppointmentInvitation incrementally since 2000-01-01T00:00:00Z
2026-09-14 11:47:39,277 INFO [74/1126] AppointmentInvitationFeed
2026-09-14 11:47:40,020 INFO querying AppointmentInvitationFeed incrementally since 2000-01-01T00:00:00Z
2026-09-14 11:47:40,672 INFO [75/1126] AppointmentInvitationHistory
2026-09-14 11:47:42,077 INFO querying AppointmentInvitationHistory (full)
2026-09-14 11:47:42,759 INFO [76/1126] AppointmentInvitationShare
2026-09-14 11:47:43,388 INFO querying AppointmentInvitationShare incrementally since 2000-01-01T00:00:00Z
2026-09-14 11:47:44,041 INFO [77/1126] AppointmentInvitee
2026-09-14 11:47:44,787 INFO querying AppointmentInvitee incrementally since 2000-01-01T00:00:00Z
2026-09-14 11:47:45,427 INFO [78/1126] AppointmentScheduleAggr
2026-09-14 11:47:46,119 INFO querying AppointmentScheduleAggr incrementally since 2000-01-01T00:00:00Z
2026-09-14 11:47:46,817 INFO [79/1126] AppointmentScheduleLog
2026-09-14 11:47:47,707 INFO querying AppointmentScheduleLog incrementally since 2000-01-01T00:00:00Z
2026-09-14 11:47:48,475 INFO [80/1126] AppointmentSchedulingPolicy
2026-09-14 11:47:49,148 INFO querying AppointmentSchedulingPolicy incrementally since 2026-09-07T09:43:33.000+0000
2026-09-14 11:47:49,786 INFO [81/1126] AppointmentTopicTimeSlot
2026-09-14 11:47:50,626 INFO querying AppointmentTopicTimeSlot incrementally since 2000-01-01T00:00:00Z
2026-09-14 11:47:51,282 INFO [82/1126] AppointmentTopicTimeSlotFeed
2026-09-14 11:47:52,006 INFO querying AppointmentTopicTimeSlotFeed incrementally since 2000-01-01T00:00:00Z
2026-09-14 11:47:52,688 INFO [83/1126] AppointmentTopicTimeSlotHistory
2026-09-14 11:47:53,287 INFO querying AppointmentTopicTimeSlotHistory (full)
2026-09-14 11:47:54,045 INFO [84/1126] Asset
2026-09-14 11:47:55,001 INFO querying Asset incrementally since 2000-01-01T00:00:00Z
2026-09-14 11:47:55,884 INFO [85/1126] AssetAction
2026-09-14 11:47:56,571 INFO querying AssetAction incrementally since 2000-01-01T00:00:00Z
2026-09-14 11:47:57,216 INFO [86/1126] AssetActionSource
2026-09-14 11:47:57,974 INFO querying AssetActionSource incrementally since 2000-01-01T00:00:00Z
2026-09-14 11:47:58,847 INFO [87/1126] AssetFeed
2026-09-14 11:47:59,561 INFO querying AssetFeed incrementally since 2000-01-01T00:00:00Z
2026-09-14 11:48:00,244 INFO [88/1126] AssetHistory
2026-09-14 11:48:00,844 INFO querying AssetHistory (full)
2026-09-14 11:48:01,516 INFO [89/1126] AssetRelationship
2026-09-14 11:48:02,245 INFO querying AssetRelationship incrementally since 2000-01-01T00:00:00Z
2026-09-14 11:48:02,975 INFO [90/1126] AssetRelationshipFeed
2026-09-14 11:48:03,699 INFO querying AssetRelationshipFeed incrementally since 2000-01-01T00:00:00Z
2026-09-14 11:48:04,381 INFO [91/1126] AssetRelationshipHistory
2026-09-14 11:48:04,967 INFO querying AssetRelationshipHistory (full)
2026-09-14 11:48:05,722 INFO [92/1126] AssetShare
2026-09-14 11:48:06,401 INFO querying AssetShare incrementally since 2000-01-01T00:00:00Z
2026-09-14 11:48:07,090 INFO [93/1126] AssetStatePeriod
2026-09-14 11:48:07,762 INFO querying AssetStatePeriod incrementally since 2000-01-01T00:00:00Z
2026-09-14 11:48:08,553 INFO [94/1126] AssignedResource
2026-09-14 11:48:09,269 INFO querying AssignedResource incrementally since 2000-01-01T00:00:00Z
2026-09-14 11:48:09,912 INFO [95/1126] AssignedResourceFeed
2026-09-14 11:48:11,172 INFO querying AssignedResourceFeed incrementally since 2000-01-01T00:00:00Z
2026-09-14 11:48:11,841 INFO [96/1126] AssignmentRule
2026-09-14 11:48:12,566 INFO querying AssignmentRule incrementally since 2026-09-07T09:43:33.000+0000
2026-09-14 11:48:13,211 INFO [97/1126] AssociatedLocation
2026-09-14 11:48:13,890 INFO querying AssociatedLocation incrementally since 2000-01-01T00:00:00Z
2026-09-14 11:48:14,583 INFO [98/1126] AssociatedLocationHistory
2026-09-14 11:48:15,183 INFO querying AssociatedLocationHistory (full)
2026-09-14 11:48:15,799 INFO [99/1126] AsyncApexJob
2026-09-14 11:48:16,463 INFO querying AsyncApexJob (full)
2026-09-14 11:48:17,142 INFO [100/1126] AsyncOperationLog
2026-09-14 11:48:18,049 INFO querying AsyncOperationLog incrementally since 2000-01-01T00:00:00Z
2026-09-14 11:48:18,875 INFO [101/1126] Attachment
2026-09-14 11:48:19,599 INFO querying Attachment incrementally since 2000-01-01T00:00:00Z
2026-09-14 11:48:20,653 INFO [102/1126] AuraDefinition
2026-09-14 11:48:21,362 INFO querying AuraDefinition incrementally since 2000-01-01T00:00:00Z
2026-09-14 11:48:22,060 INFO [103/1126] AuraDefinitionBundle
2026-09-14 11:48:23,015 INFO querying AuraDefinitionBundle incrementally since 2000-01-01T00:00:00Z
2026-09-14 11:48:23,678 INFO [104/1126] AuraDefinitionBundleInfo
2026-09-14 11:48:24,307 INFO querying AuraDefinitionBundleInfo (full)
2026-09-14 11:48:24,970 INFO [105/1126] AuraDefinitionInfo
2026-09-14 11:48:25,684 INFO querying AuraDefinitionInfo incrementally since 2000-01-01T00:00:00Z
2026-09-14 11:48:26,345 INFO [106/1126] AuthConfig
2026-09-14 11:48:27,019 INFO querying AuthConfig incrementally since 2000-01-01T00:00:00Z
2026-09-14 11:48:27,655 INFO [107/1126] AuthConfigProviders
2026-09-14 11:48:28,337 INFO querying AuthConfigProviders incrementally since 2000-01-01T00:00:00Z
2026-09-14 11:48:29,143 INFO [108/1126] AuthProvider
2026-09-14 11:48:29,758 INFO querying AuthProvider (full)
2026-09-14 11:48:30,424 INFO [109/1126] AuthSession
2026-09-14 11:48:31,053 INFO querying AuthSession incrementally since 2026-09-14T06:07:17.000+0000
2026-09-14 11:48:32,430 INFO [110/1126] AuthorizationForm
2026-09-14 11:48:33,108 INFO querying AuthorizationForm incrementally since 2000-01-01T00:00:00Z
2026-09-14 11:48:33,849 INFO [111/1126] AuthorizationFormConsent
2026-09-14 11:48:34,609 INFO querying AuthorizationFormConsent incrementally since 2000-01-01T00:00:00Z
2026-09-14 11:48:35,258 INFO [112/1126] AuthorizationFormConsentHistory
2026-09-14 11:48:35,839 INFO querying AuthorizationFormConsentHistory (full)
2026-09-14 11:48:36,517 INFO [113/1126] AuthorizationFormConsentShare
2026-09-14 11:48:37,181 INFO querying AuthorizationFormConsentShare incrementally since 2000-01-01T00:00:00Z
2026-09-14 11:48:37,831 INFO [114/1126] AuthorizationFormDataUse
2026-09-14 11:48:38,644 INFO querying AuthorizationFormDataUse incrementally since 2000-01-01T00:00:00Z
2026-09-14 11:48:39,318 INFO [115/1126] AuthorizationFormDataUseHistory
2026-09-14 11:48:39,916 INFO querying AuthorizationFormDataUseHistory (full)
2026-09-14 11:48:40,564 INFO [116/1126] AuthorizationFormDataUseShare
2026-09-14 11:48:41,288 INFO querying AuthorizationFormDataUseShare incrementally since 2000-01-01T00:00:00Z
2026-09-14 11:48:41,919 INFO [117/1126] AuthorizationFormHistory
2026-09-14 11:48:42,522 INFO querying AuthorizationFormHistory (full)
2026-09-14 11:48:43,184 INFO [118/1126] AuthorizationFormShare
2026-09-14 11:48:43,926 INFO querying AuthorizationFormShare incrementally since 2000-01-01T00:00:00Z
2026-09-14 11:48:44,636 INFO [119/1126] AuthorizationFormText
2026-09-14 11:48:45,509 INFO querying AuthorizationFormText incrementally since 2000-01-01T00:00:00Z
2026-09-14 11:48:46,311 INFO [120/1126] AuthorizationFormTextFeed
2026-09-14 11:48:47,077 INFO querying AuthorizationFormTextFeed incrementally since 2000-01-01T00:00:00Z
2026-09-14 11:48:47,711 INFO [121/1126] AuthorizationFormTextHistory
2026-09-14 11:48:49,280 INFO querying AuthorizationFormTextHistory (full)
2026-09-14 11:48:49,927 INFO [122/1126] BackgroundOperation
2026-09-14 11:48:50,672 INFO querying BackgroundOperation incrementally since 2000-01-01T00:00:00Z
2026-09-14 11:48:51,448 INFO [123/1126] BrandTemplate
2026-09-14 11:48:52,109 INFO querying BrandTemplate incrementally since 2000-01-01T00:00:00Z
2026-09-14 11:48:52,760 INFO [124/1126] BrandingSet
2026-09-14 11:48:53,404 INFO querying BrandingSet incrementally since 2000-01-01T00:00:00Z
2026-09-14 11:48:54,098 INFO [125/1126] BrandingSetProperty
2026-09-14 11:48:54,763 INFO querying BrandingSetProperty incrementally since 2000-01-01T00:00:00Z
2026-09-14 11:48:55,539 INFO [126/1126] BriefcaseAssignment
2026-09-14 11:48:56,234 INFO querying BriefcaseAssignment incrementally since 2000-01-01T00:00:00Z
2026-09-14 11:48:56,868 INFO [127/1126] BriefcaseDefinition
2026-09-14 11:48:57,610 INFO querying BriefcaseDefinition incrementally since 2000-01-01T00:00:00Z
2026-09-14 11:48:58,477 INFO [128/1126] BriefcaseRule
2026-09-14 11:48:59,520 INFO querying BriefcaseRule incrementally since 2000-01-01T00:00:00Z
2026-09-14 11:49:00,200 INFO [129/1126] BriefcaseRuleFilter
2026-09-14 11:49:01,330 INFO querying BriefcaseRuleFilter incrementally since 2000-01-01T00:00:00Z
2026-09-14 11:49:02,009 INFO [130/1126] BulkApiResultEventStore
2026-09-14 11:49:02,625 INFO querying BulkApiResultEventStore (full)
2026-09-14 11:49:03,290 INFO [131/1126] BusinessBrand
2026-09-14 11:49:03,993 INFO querying BusinessBrand incrementally since 2000-01-01T00:00:00Z
2026-09-14 11:49:04,627 INFO [132/1126] BusinessBrandShare
2026-09-14 11:49:05,521 INFO querying BusinessBrandShare incrementally since 2000-01-01T00:00:00Z
2026-09-14 11:49:06,196 INFO [133/1126] BusinessHours
2026-09-14 11:49:06,892 INFO querying BusinessHours incrementally since 2026-09-07T09:43:33.000+0000
2026-09-14 11:49:07,558 INFO [134/1126] BusinessProcess
2026-09-14 11:49:08,266 INFO querying BusinessProcess incrementally since 2000-01-01T00:00:00Z
2026-09-14 11:49:08,931 INFO [135/1126] BuyerGroup
2026-09-14 11:49:09,639 INFO querying BuyerGroup incrementally since 2000-01-01T00:00:00Z
2026-09-14 11:49:10,550 INFO [136/1126] BuyerGroupFeed
2026-09-14 11:49:11,297 INFO querying BuyerGroupFeed incrementally since 2000-01-01T00:00:00Z
2026-09-14 11:49:11,954 INFO [137/1126] BuyerGroupHistory
2026-09-14 11:49:12,565 INFO querying BuyerGroupHistory (full)
2026-09-14 11:49:13,250 INFO [138/1126] BuyerGroupShare
2026-09-14 11:49:13,917 INFO querying BuyerGroupShare incrementally since 2000-01-01T00:00:00Z
2026-09-14 11:49:14,624 INFO [139/1126] Calendar
2026-09-14 11:49:15,318 INFO querying Calendar incrementally since 2026-09-11T06:16:16.000+0000
2026-09-14 11:49:16,437 INFO [140/1126] CalendarView
2026-09-14 11:49:17,182 INFO querying CalendarView incrementally since 2000-01-01T00:00:00Z
2026-09-14 11:49:17,966 INFO [141/1126] CalendarViewShare
2026-09-14 11:49:18,718 INFO querying CalendarViewShare incrementally since 2000-01-01T00:00:00Z
2026-09-14 11:49:19,602 INFO [142/1126] CallCenter
2026-09-14 11:49:20,336 INFO querying CallCenter incrementally since 2000-01-01T00:00:00Z
2026-09-14 11:49:21,093 INFO [143/1126] CallCenterRoutingMap
2026-09-14 11:49:21,771 INFO querying CallCenterRoutingMap incrementally since 2000-01-01T00:00:00Z
2026-09-14 11:49:22,446 INFO [144/1126] CallCoachingMediaProvider
2026-09-14 11:49:23,108 INFO querying CallCoachingMediaProvider incrementally since 2000-01-01T00:00:00Z
2026-09-14 11:49:23,777 INFO [145/1126] Campaign
2026-09-14 11:49:24,509 INFO querying Campaign incrementally since 2026-09-07T09:43:33.000+0000
2026-09-14 11:49:25,187 INFO [146/1126] CampaignFeed
2026-09-14 11:49:26,302 INFO querying CampaignFeed incrementally since 2000-01-01T00:00:00Z
2026-09-14 11:49:26,963 INFO [147/1126] CampaignHistory
2026-09-14 11:49:27,583 INFO querying CampaignHistory (full)
2026-09-14 11:49:28,246 INFO [148/1126] CampaignMember
2026-09-14 11:49:29,019 INFO querying CampaignMember incrementally since 2000-01-01T00:00:00Z
2026-09-14 11:49:29,716 INFO [149/1126] CampaignMemberStatus
2026-09-14 11:49:30,412 INFO querying CampaignMemberStatus incrementally since 2026-09-07T09:43:33.000+0000
2026-09-14 11:49:31,073 INFO [150/1126] CampaignShare
2026-09-14 11:49:31,783 INFO querying CampaignShare incrementally since 2000-01-01T00:00:00Z
2026-09-14 11:49:32,495 INFO [151/1126] CardPaymentMethod
2026-09-14 11:49:33,505 INFO querying CardPaymentMethod incrementally since 2000-01-01T00:00:00Z
2026-09-14 11:49:34,355 INFO [152/1126] CartCheckoutSession
2026-09-14 11:49:35,086 INFO querying CartCheckoutSession incrementally since 2000-01-01T00:00:00Z
2026-09-14 11:49:35,749 INFO [153/1126] CartDeliveryGroup
2026-09-14 11:49:36,567 INFO querying CartDeliveryGroup incrementally since 2000-01-01T00:00:00Z
2026-09-14 11:49:37,243 INFO [154/1126] CartDeliveryGroupMethod
2026-09-14 11:49:37,947 INFO querying CartDeliveryGroupMethod incrementally since 2000-01-01T00:00:00Z
2026-09-14 11:49:38,609 INFO [155/1126] CartItem
2026-09-14 11:49:39,308 INFO querying CartItem incrementally since 2000-01-01T00:00:00Z
2026-09-14 11:49:39,971 INFO [156/1126] CartItemPriceAdjustment
2026-09-14 11:49:40,680 INFO querying CartItemPriceAdjustment incrementally since 2000-01-01T00:00:00Z
2026-09-14 11:49:41,356 INFO [157/1126] CartRelatedItem
2026-09-14 11:49:42,086 INFO querying CartRelatedItem incrementally since 2000-01-01T00:00:00Z
2026-09-14 11:49:42,719 INFO [158/1126] CartTax
2026-09-14 11:49:43,445 INFO querying CartTax incrementally since 2000-01-01T00:00:00Z
2026-09-14 11:49:44,145 INFO [159/1126] CartValidationOutput
2026-09-14 11:49:44,846 INFO querying CartValidationOutput incrementally since 2000-01-01T00:00:00Z
2026-09-14 11:49:45,597 INFO [160/1126] Case
2026-09-14 11:49:46,385 INFO querying Case incrementally since 2026-09-07T09:43:33.000+0000
2026-09-14 11:49:47,064 INFO [161/1126] CaseComment
2026-09-14 11:49:47,921 INFO querying CaseComment incrementally since 2000-01-01T00:00:00Z
2026-09-14 11:49:48,561 INFO [162/1126] CaseContactRole
2026-09-14 11:49:49,294 INFO querying CaseContactRole incrementally since 2000-01-01T00:00:00Z
2026-09-14 11:49:49,990 INFO [163/1126] CaseFeed
2026-09-14 11:49:50,765 INFO querying CaseFeed incrementally since 2000-01-01T00:00:00Z
2026-09-14 11:49:51,474 INFO [164/1126] CaseHistory
2026-09-14 11:49:52,109 INFO querying CaseHistory (full)
2026-09-14 11:49:52,776 INFO [165/1126] CaseHistory2
2026-09-14 11:49:53,441 INFO querying CaseHistory2 incrementally since 2026-09-07T09:43:33.000+0000
2026-09-14 11:49:54,087 INFO [166/1126] CaseMilestone
2026-09-14 11:49:54,817 INFO querying CaseMilestone incrementally since 2000-01-01T00:00:00Z
2026-09-14 11:49:55,486 INFO [167/1126] CaseRelatedIssue
2026-09-14 11:49:56,304 INFO querying CaseRelatedIssue incrementally since 2000-01-01T00:00:00Z
2026-09-14 11:49:56,952 INFO [168/1126] CaseRelatedIssueFeed
2026-09-14 11:49:57,656 INFO querying CaseRelatedIssueFeed incrementally since 2000-01-01T00:00:00Z
2026-09-14 11:49:58,362 INFO [169/1126] CaseRelatedIssueHistory
2026-09-14 11:49:58,961 INFO querying CaseRelatedIssueHistory (full)
2026-09-14 11:49:59,607 INFO [170/1126] CaseShare
2026-09-14 11:50:00,413 INFO querying CaseShare incrementally since 2000-01-01T00:00:00Z
2026-09-14 11:50:01,082 INFO [171/1126] CaseSolution
2026-09-14 11:50:01,693 INFO querying CaseSolution (full)
2026-09-14 11:50:02,400 INFO [172/1126] CaseStatus
2026-09-14 11:50:03,050 INFO querying CaseStatus incrementally since 2026-09-07T09:43:33.000+0000
2026-09-14 11:50:03,716 INFO [173/1126] CaseTeamMember
2026-09-14 11:50:04,410 INFO querying CaseTeamMember incrementally since 2000-01-01T00:00:00Z
2026-09-14 11:50:05,087 INFO [174/1126] CaseTeamRole
2026-09-14 11:50:06,543 INFO querying CaseTeamRole incrementally since 2000-01-01T00:00:00Z
2026-09-14 11:50:07,241 INFO [175/1126] CaseTeamTemplate
2026-09-14 11:50:07,884 INFO querying CaseTeamTemplate incrementally since 2000-01-01T00:00:00Z
2026-09-14 11:50:08,535 INFO [176/1126] CaseTeamTemplateMember
2026-09-14 11:50:09,373 INFO querying CaseTeamTemplateMember incrementally since 2000-01-01T00:00:00Z
2026-09-14 11:50:10,022 INFO [177/1126] CaseTeamTemplateRecord
2026-09-14 11:50:10,622 INFO querying CaseTeamTemplateRecord (full)
2026-09-14 11:50:11,283 INFO [178/1126] CategoryData
2026-09-14 11:50:11,945 INFO querying CategoryData incrementally since 2000-01-01T00:00:00Z
2026-09-14 11:50:12,709 INFO [179/1126] CategoryNode
2026-09-14 11:50:13,403 INFO querying CategoryNode incrementally since 2000-01-01T00:00:00Z
2026-09-14 11:50:14,112 INFO [180/1126] CategoryNodeLocalization
2026-09-14 11:50:14,777 INFO querying CategoryNodeLocalization incrementally since 2000-01-01T00:00:00Z
2026-09-14 11:50:15,476 INFO [181/1126] ChangeRequest
2026-09-14 11:50:16,214 INFO querying ChangeRequest incrementally since 2000-01-01T00:00:00Z
2026-09-14 11:50:16,863 INFO [182/1126] ChangeRequestFeed
2026-09-14 11:50:17,591 INFO querying ChangeRequestFeed incrementally since 2000-01-01T00:00:00Z
2026-09-14 11:50:18,270 INFO [183/1126] ChangeRequestHistory
2026-09-14 11:50:18,885 INFO querying ChangeRequestHistory (full)
2026-09-14 11:50:19,566 INFO [184/1126] ChangeRequestRelatedIssue
2026-09-14 11:50:20,277 INFO querying ChangeRequestRelatedIssue incrementally since 2000-01-01T00:00:00Z
2026-09-14 11:50:20,954 INFO [185/1126] ChangeRequestRelatedIssueFeed
2026-09-14 11:50:21,683 INFO querying ChangeRequestRelatedIssueFeed incrementally since 2000-01-01T00:00:00Z
2026-09-14 11:50:22,353 INFO [186/1126] ChangeRequestRelatedIssueHistory
2026-09-14 11:50:22,960 INFO querying ChangeRequestRelatedIssueHistory (full)
2026-09-14 11:50:23,650 INFO [187/1126] ChangeRequestRelatedItem
2026-09-14 11:50:24,339 INFO querying ChangeRequestRelatedItem incrementally since 2000-01-01T00:00:00Z
2026-09-14 11:50:25,047 INFO [188/1126] ChangeRequestRelatedItemFeed
2026-09-14 11:50:25,806 INFO querying ChangeRequestRelatedItemFeed incrementally since 2000-01-01T00:00:00Z
2026-09-14 11:50:26,490 INFO [189/1126] ChangeRequestRelatedItemHistory
2026-09-14 11:50:27,119 INFO querying ChangeRequestRelatedItemHistory (full)
2026-09-14 11:50:27,813 INFO [190/1126] ChangeRequestShare
2026-09-14 11:50:28,506 INFO querying ChangeRequestShare incrementally since 2000-01-01T00:00:00Z
2026-09-14 11:50:29,205 INFO [191/1126] ChatRetirementRdyMetrics
2026-09-14 11:50:29,841 INFO querying ChatRetirementRdyMetrics (full)
2026-09-14 11:50:30,529 INFO [192/1126] ChatterActivity
2026-09-14 11:50:31,135 INFO querying ChatterActivity (full)
2026-09-14 11:50:31,782 INFO [193/1126] ChatterExtension
2026-09-14 11:50:34,362 INFO querying ChatterExtension incrementally since 2000-01-01T00:00:00Z
2026-09-14 11:50:35,046 INFO [194/1126] ChatterExtensionConfig
2026-09-14 11:50:35,674 INFO querying ChatterExtensionConfig incrementally since 2000-01-01T00:00:00Z
2026-09-14 11:50:36,335 INFO [195/1126] ChatterExtensionLocalization
2026-09-14 11:50:37,323 INFO querying ChatterExtensionLocalization incrementally since 2000-01-01T00:00:00Z
2026-09-14 11:50:38,034 INFO [196/1126] ClientBrowser
2026-09-14 11:50:38,714 INFO querying ClientBrowser (full)
2026-09-14 11:50:39,693 INFO [197/1126] CollaborationGroup
2026-09-14 11:50:40,397 INFO querying CollaborationGroup incrementally since 2000-01-01T00:00:00Z
2026-09-14 11:50:41,074 INFO [198/1126] CollaborationGroupFeed
2026-09-14 11:50:41,836 INFO querying CollaborationGroupFeed incrementally since 2000-01-01T00:00:00Z
2026-09-14 11:50:42,548 INFO [199/1126] CollaborationGroupMember
2026-09-14 11:50:43,233 INFO querying CollaborationGroupMember incrementally since 2000-01-01T00:00:00Z
2026-09-14 11:50:43,910 INFO [200/1126] CollaborationGroupMemberRequest
2026-09-14 11:50:44,708 INFO querying CollaborationGroupMemberRequest incrementally since 2000-01-01T00:00:00Z
2026-09-14 11:50:45,472 INFO [201/1126] CollaborationGroupRecord
2026-09-14 11:50:46,178 INFO querying CollaborationGroupRecord incrementally since 2000-01-01T00:00:00Z
2026-09-14 11:50:46,864 INFO [202/1126] CollaborationInvitation
2026-09-14 11:50:47,637 INFO querying CollaborationInvitation incrementally since 2000-01-01T00:00:00Z
2026-09-14 11:50:48,300 INFO [203/1126] ColorDefinition - skipped (known non-bulk-queryable object)
2026-09-14 11:50:48,300 INFO [204/1126] CommSubscription
2026-09-14 11:50:49,115 INFO querying CommSubscription incrementally since 2000-01-01T00:00:00Z
2026-09-14 11:50:49,823 INFO [205/1126] CommSubscriptionChannelType
2026-09-14 11:50:50,536 INFO querying CommSubscriptionChannelType incrementally since 2000-01-01T00:00:00Z
2026-09-14 11:50:51,205 INFO [206/1126] CommSubscriptionChannelTypeFeed
2026-09-14 11:50:51,979 INFO querying CommSubscriptionChannelTypeFeed incrementally since 2000-01-01T00:00:00Z
2026-09-14 11:50:52,670 INFO [207/1126] CommSubscriptionChannelTypeHistory
2026-09-14 11:50:53,289 INFO querying CommSubscriptionChannelTypeHistory (full)
2026-09-14 11:50:53,979 INFO [208/1126] CommSubscriptionChannelTypeShare
2026-09-14 11:50:54,692 INFO querying CommSubscriptionChannelTypeShare incrementally since 2000-01-01T00:00:00Z
2026-09-14 11:50:55,365 INFO [209/1126] CommSubscriptionConsent
2026-09-14 11:50:56,125 INFO querying CommSubscriptionConsent incrementally since 2000-01-01T00:00:00Z
2026-09-14 11:50:56,798 INFO [210/1126] CommSubscriptionConsentFeed
2026-09-14 11:50:57,530 INFO querying CommSubscriptionConsentFeed incrementally since 2000-01-01T00:00:00Z
2026-09-14 11:50:58,305 INFO [211/1126] CommSubscriptionConsentHistory
2026-09-14 11:50:58,933 INFO querying CommSubscriptionConsentHistory (full)
2026-09-14 11:50:59,605 INFO [212/1126] CommSubscriptionConsentShare
2026-09-14 11:51:00,333 INFO querying CommSubscriptionConsentShare incrementally since 2000-01-01T00:00:00Z
2026-09-14 11:51:01,005 INFO [213/1126] CommSubscriptionFeed
2026-09-14 11:51:01,737 INFO querying CommSubscriptionFeed incrementally since 2000-01-01T00:00:00Z
2026-09-14 11:51:02,438 INFO [214/1126] CommSubscriptionHistory
2026-09-14 11:51:03,157 INFO querying CommSubscriptionHistory (full)
2026-09-14 11:51:03,868 INFO [215/1126] CommSubscriptionShare
2026-09-14 11:51:04,726 INFO querying CommSubscriptionShare incrementally since 2000-01-01T00:00:00Z
2026-09-14 11:51:05,391 INFO [216/1126] CommSubscriptionTiming
2026-09-14 11:51:06,115 INFO querying CommSubscriptionTiming incrementally since 2000-01-01T00:00:00Z
2026-09-14 11:51:06,780 INFO [217/1126] CommSubscriptionTimingFeed
2026-09-14 11:51:07,731 INFO querying CommSubscriptionTimingFeed incrementally since 2000-01-01T00:00:00Z
2026-09-14 11:51:08,461 INFO [218/1126] CommSubscriptionTimingHistory
2026-09-14 11:51:09,073 INFO querying CommSubscriptionTimingHistory (full)
2026-09-14 11:51:09,780 INFO [219/1126] Community
2026-09-14 11:51:10,499 INFO querying Community incrementally since 2026-09-07T09:43:33.000+0000
2026-09-14 11:51:11,192 INFO [220/1126] ConferenceNumber
2026-09-14 11:51:11,901 INFO querying ConferenceNumber incrementally since 2000-01-01T00:00:00Z
2026-09-14 11:51:12,568 INFO [221/1126] ConnectedApplication
2026-09-14 11:51:13,343 INFO querying ConnectedApplication incrementally since 2000-01-01T00:00:00Z
2026-09-14 11:51:14,005 INFO [222/1126] ConsumptionRate
2026-09-14 11:51:15,270 INFO querying ConsumptionRate incrementally since 2000-01-01T00:00:00Z
2026-09-14 11:51:15,951 INFO [223/1126] ConsumptionRateHistory
2026-09-14 11:51:16,561 INFO querying ConsumptionRateHistory (full)
2026-09-14 11:51:17,374 INFO [224/1126] ConsumptionSchedule
2026-09-14 11:51:18,160 INFO querying ConsumptionSchedule incrementally since 2000-01-01T00:00:00Z
2026-09-14 11:51:18,907 INFO [225/1126] ConsumptionScheduleFeed
2026-09-14 11:51:19,614 INFO querying ConsumptionScheduleFeed incrementally since 2000-01-01T00:00:00Z
2026-09-14 11:51:20,296 INFO [226/1126] ConsumptionScheduleHistory
2026-09-14 11:51:20,896 INFO querying ConsumptionScheduleHistory (full)
2026-09-14 11:51:21,542 INFO [227/1126] ConsumptionScheduleShare
2026-09-14 11:51:22,239 INFO querying ConsumptionScheduleShare incrementally since 2000-01-01T00:00:00Z
2026-09-14 11:51:22,900 INFO [228/1126] Contact
2026-09-14 11:51:24,116 INFO querying Contact incrementally since 2026-09-11T21:53:58.000+0000
2026-09-14 11:51:24,878 INFO [229/1126] ContactCenterChannel
2026-09-14 11:51:25,522 INFO querying ContactCenterChannel incrementally since 2000-01-01T00:00:00Z
2026-09-14 11:51:26,200 INFO [230/1126] ContactCleanInfo
2026-09-14 11:51:27,656 INFO querying ContactCleanInfo incrementally since 2000-01-01T00:00:00Z
2026-09-14 11:51:28,334 INFO [231/1126] ContactFeed
2026-09-14 11:51:29,051 INFO querying ContactFeed incrementally since 2000-01-01T00:00:00Z
2026-09-14 11:51:29,696 INFO [232/1126] ContactHistory
2026-09-14 11:51:30,339 INFO querying ContactHistory (full)
2026-09-14 11:51:31,188 INFO [233/1126] ContactPointAddress
2026-09-14 11:51:32,365 INFO querying ContactPointAddress incrementally since 2000-01-01T00:00:00Z
2026-09-14 11:51:33,059 INFO [234/1126] ContactPointAddressHistory
2026-09-14 11:51:33,642 INFO querying ContactPointAddressHistory (full)
2026-09-14 11:51:34,290 INFO [235/1126] ContactPointAddressShare
2026-09-14 11:51:34,994 INFO querying ContactPointAddressShare incrementally since 2000-01-01T00:00:00Z
2026-09-14 11:51:35,614 INFO [236/1126] ContactPointConsent
2026-09-14 11:51:36,340 INFO querying ContactPointConsent incrementally since 2000-01-01T00:00:00Z
2026-09-14 11:51:37,041 INFO [237/1126] ContactPointConsentHistory
2026-09-14 11:51:37,654 INFO querying ContactPointConsentHistory (full)
2026-09-14 11:51:38,366 INFO [238/1126] ContactPointConsentShare
2026-09-14 11:51:39,052 INFO querying ContactPointConsentShare incrementally since 2000-01-01T00:00:00Z
2026-09-14 11:51:39,728 INFO [239/1126] ContactPointEmail
2026-09-14 11:51:41,625 INFO querying ContactPointEmail incrementally since 2000-01-01T00:00:00Z
2026-09-14 11:51:42,362 INFO [240/1126] ContactPointEmailHistory
2026-09-14 11:51:43,058 INFO querying ContactPointEmailHistory (full)
2026-09-14 11:51:43,737 INFO [241/1126] ContactPointEmailShare
2026-09-14 11:51:44,417 INFO querying ContactPointEmailShare incrementally since 2000-01-01T00:00:00Z
2026-09-14 11:51:45,047 INFO [242/1126] ContactPointPhone
2026-09-14 11:51:45,917 INFO querying ContactPointPhone incrementally since 2000-01-01T00:00:00Z
2026-09-14 11:51:46,609 INFO [243/1126] ContactPointPhoneHistory
2026-09-14 11:51:47,244 INFO querying ContactPointPhoneHistory (full)
2026-09-14 11:51:47,874 INFO [244/1126] ContactPointPhoneShare
2026-09-14 11:51:48,564 INFO querying ContactPointPhoneShare incrementally since 2000-01-01T00:00:00Z
2026-09-14 11:51:49,221 INFO [245/1126] ContactPointTypeConsent
2026-09-14 11:51:49,980 INFO querying ContactPointTypeConsent incrementally since 2000-01-01T00:00:00Z
2026-09-14 11:51:50,625 INFO [246/1126] ContactPointTypeConsentHistory
2026-09-14 11:51:51,192 INFO querying ContactPointTypeConsentHistory (full)
2026-09-14 11:51:51,838 INFO [247/1126] ContactPointTypeConsentShare
2026-09-14 11:51:52,533 INFO querying ContactPointTypeConsentShare incrementally since 2000-01-01T00:00:00Z
2026-09-14 11:51:53,370 INFO [248/1126] ContactRequest
2026-09-14 11:51:54,147 INFO querying ContactRequest incrementally since 2000-01-01T00:00:00Z
2026-09-14 11:51:55,201 INFO [249/1126] ContactRequestShare
2026-09-14 11:51:55,880 INFO querying ContactRequestShare incrementally since 2000-01-01T00:00:00Z
2026-09-14 11:51:56,514 INFO [250/1126] ContactShare
2026-09-14 11:51:57,222 INFO querying ContactShare incrementally since 2000-01-01T00:00:00Z
2026-09-14 11:51:57,871 INFO [251/1126] ContentAsset
2026-09-14 11:51:58,564 INFO querying ContentAsset incrementally since 2000-01-01T00:00:00Z
2026-09-14 11:51:59,408 INFO [252/1126] ContentBody
2026-09-14 11:52:00,053 INFO querying ContentBody (full)
2026-09-14 11:52:01,024 INFO [253/1126] ContentDistribution
2026-09-14 11:52:01,702 INFO querying ContentDistribution incrementally since 2000-01-01T00:00:00Z
2026-09-14 11:52:02,370 INFO [254/1126] ContentDistributionView
2026-09-14 11:52:02,984 INFO querying ContentDistributionView (full)
2026-09-14 11:52:03,629 INFO [255/1126] ContentDocument
2026-09-14 11:52:04,421 INFO querying ContentDocument incrementally since 2000-01-01T00:00:00Z
2026-09-14 11:52:05,246 INFO [256/1126] ContentDocumentFeed
2026-09-14 11:52:05,937 INFO querying ContentDocumentFeed incrementally since 2000-01-01T00:00:00Z
2026-09-14 11:52:06,605 INFO [257/1126] ContentDocumentHistory
2026-09-14 11:52:07,240 INFO querying ContentDocumentHistory (full)
2026-09-14 11:52:07,905 INFO [258/1126] ContentDocumentLink - skipped (known non-bulk-queryable object)
2026-09-14 11:52:07,905 INFO [259/1126] ContentDocumentSubscription
2026-09-14 11:52:08,556 INFO querying ContentDocumentSubscription (full)
2026-09-14 11:52:09,191 INFO [260/1126] ContentFolder
2026-09-14 11:52:09,974 INFO querying ContentFolder incrementally since 2000-01-01T00:00:00Z
2026-09-14 11:52:10,646 INFO [261/1126] ContentFolderItem - skipped (known non-bulk-queryable object)
2026-09-14 11:52:10,646 INFO [262/1126] ContentFolderLink
2026-09-14 11:52:11,262 INFO querying ContentFolderLink (full)
2026-09-14 11:52:11,911 INFO [263/1126] ContentFolderMember - skipped (known non-bulk-queryable object)
2026-09-14 11:52:11,911 INFO [264/1126] ContentNotification
2026-09-14 11:52:12,543 INFO querying ContentNotification (full)
2026-09-14 11:52:13,187 INFO [265/1126] ContentTagSubscription
2026-09-14 11:52:13,772 INFO querying ContentTagSubscription (full)
2026-09-14 11:52:14,431 INFO [266/1126] ContentUserSubscription
2026-09-14 11:52:15,032 INFO querying ContentUserSubscription (full)
2026-09-14 11:52:15,712 INFO [267/1126] ContentVersion
2026-09-14 11:52:16,567 INFO querying ContentVersion incrementally since 2000-01-01T00:00:00Z
2026-09-14 11:52:17,267 INFO [268/1126] ContentVersionComment
2026-09-14 11:52:17,880 INFO querying ContentVersionComment (full)
2026-09-14 11:52:18,575 INFO [269/1126] ContentVersionHistory
2026-09-14 11:52:19,204 INFO querying ContentVersionHistory (full)
2026-09-14 11:52:19,855 INFO [270/1126] ContentVersionRating
2026-09-14 11:52:20,549 INFO querying ContentVersionRating incrementally since 2000-01-01T00:00:00Z
2026-09-14 11:52:21,225 INFO [271/1126] ContentWorkspace
2026-09-14 11:52:21,969 INFO querying ContentWorkspace incrementally since 2026-09-07T09:43:33.000+0000
2026-09-14 11:52:22,714 INFO [272/1126] ContentWorkspaceDoc
2026-09-14 11:52:23,378 INFO querying ContentWorkspaceDoc (full)
2026-09-14 11:52:24,041 INFO [273/1126] ContentWorkspaceMember
2026-09-14 11:52:24,645 INFO querying ContentWorkspaceMember (full)
2026-09-14 11:52:25,287 INFO [274/1126] ContentWorkspacePermission
2026-09-14 11:52:25,964 INFO querying ContentWorkspacePermission incrementally since 2026-09-07T09:43:33.000+0000
2026-09-14 11:52:26,628 INFO [275/1126] ContentWorkspaceSubscription
2026-09-14 11:52:27,234 INFO querying ContentWorkspaceSubscription (full)
2026-09-14 11:52:28,036 INFO [276/1126] ContextParamMap
2026-09-14 11:52:28,697 INFO querying ContextParamMap incrementally since 2000-01-01T00:00:00Z
2026-09-14 11:52:29,344 INFO [277/1126] Contract
2026-09-14 11:52:30,446 INFO querying Contract incrementally since 2000-01-01T00:00:00Z
2026-09-14 11:52:31,095 INFO [278/1126] ContractContactRole
2026-09-14 11:52:31,755 INFO querying ContractContactRole incrementally since 2000-01-01T00:00:00Z
2026-09-14 11:52:32,480 INFO [279/1126] ContractFeed
2026-09-14 11:52:33,175 INFO querying ContractFeed incrementally since 2000-01-01T00:00:00Z
2026-09-14 11:52:33,794 INFO [280/1126] ContractHistory
2026-09-14 11:52:34,399 INFO querying ContractHistory (full)
2026-09-14 11:52:35,087 INFO [281/1126] ContractLineItem
2026-09-14 11:52:35,834 INFO querying ContractLineItem incrementally since 2000-01-01T00:00:00Z
2026-09-14 11:52:36,606 INFO [282/1126] ContractLineItemFeed
2026-09-14 11:52:37,334 INFO querying ContractLineItemFeed incrementally since 2000-01-01T00:00:00Z
2026-09-14 11:52:37,975 INFO [283/1126] ContractLineItemHistory
2026-09-14 11:52:38,678 INFO querying ContractLineItemHistory (full)
2026-09-14 11:52:39,388 INFO [284/1126] ContractStatus
2026-09-14 11:52:40,041 INFO querying ContractStatus incrementally since 2026-09-07T09:43:33.000+0000
2026-09-14 11:52:40,693 INFO [285/1126] ConvIntelligenceSignalRule
2026-09-14 11:52:41,376 INFO querying ConvIntelligenceSignalRule incrementally since 2000-01-01T00:00:00Z
2026-09-14 11:52:42,041 INFO [286/1126] ConvIntelligenceSignalSubRule
2026-09-14 11:52:42,705 INFO querying ConvIntelligenceSignalSubRule incrementally since 2000-01-01T00:00:00Z
2026-09-14 11:52:43,369 INFO [287/1126] Conversation
2026-09-14 11:52:44,065 INFO querying Conversation incrementally since 2000-01-01T00:00:00Z
2026-09-14 11:52:44,728 INFO [288/1126] ConversationChannelDefinition
2026-09-14 11:52:45,580 INFO querying ConversationChannelDefinition incrementally since 2000-01-01T00:00:00Z
2026-09-14 11:52:46,221 INFO [289/1126] ConversationEntry
2026-09-14 11:52:46,878 INFO querying ConversationEntry incrementally since 2000-01-01T00:00:00Z
2026-09-14 11:52:47,638 INFO [290/1126] ConversationParticipant
2026-09-14 11:52:48,331 INFO querying ConversationParticipant incrementally since 2000-01-01T00:00:00Z
2026-09-14 11:52:48,968 INFO [291/1126] ConversationVendorInfo
2026-09-14 11:52:50,530 INFO querying ConversationVendorInfo incrementally since 2000-01-01T00:00:00Z
2026-09-14 11:52:51,178 INFO [292/1126] CorsWhitelistEntry
2026-09-14 11:52:51,845 INFO querying CorsWhitelistEntry incrementally since 2000-01-01T00:00:00Z
2026-09-14 11:52:52,490 INFO [293/1126] Coupon
2026-09-14 11:52:53,203 INFO querying Coupon incrementally since 2000-01-01T00:00:00Z
2026-09-14 11:52:53,899 INFO [294/1126] CouponCodeRedemption
2026-09-14 11:52:54,591 INFO querying CouponCodeRedemption incrementally since 2000-01-01T00:00:00Z
2026-09-14 11:52:55,238 INFO [295/1126] CouponCodeRedemptionShare
2026-09-14 11:52:55,919 INFO querying CouponCodeRedemptionShare incrementally since 2000-01-01T00:00:00Z
2026-09-14 11:52:56,568 INFO [296/1126] CouponFeed
2026-09-14 11:52:57,245 INFO querying CouponFeed incrementally since 2000-01-01T00:00:00Z
2026-09-14 11:52:57,972 INFO [297/1126] CouponHistory
2026-09-14 11:52:58,594 INFO querying CouponHistory (full)
2026-09-14 11:52:59,237 INFO [298/1126] CouponShare
2026-09-14 11:52:59,914 INFO querying CouponShare incrementally since 2000-01-01T00:00:00Z
2026-09-14 11:53:00,546 INFO [299/1126] CredentialStuffingEventStore
2026-09-14 11:53:01,241 INFO querying CredentialStuffingEventStore incrementally since 2000-01-01T00:00:00Z
2026-09-14 11:53:01,905 INFO [300/1126] CredentialStuffingEventStoreFeed
2026-09-14 11:53:02,627 INFO querying CredentialStuffingEventStoreFeed incrementally since 2000-01-01T00:00:00Z
2026-09-14 11:53:03,344 INFO [301/1126] CreditMemo
2026-09-14 11:53:04,103 INFO querying CreditMemo incrementally since 2000-01-01T00:00:00Z
2026-09-14 11:53:04,732 INFO [302/1126] CreditMemoFeed
2026-09-14 11:53:05,415 INFO querying CreditMemoFeed incrementally since 2000-01-01T00:00:00Z
2026-09-14 11:53:06,174 INFO [303/1126] CreditMemoHistory
2026-09-14 11:53:06,790 INFO querying CreditMemoHistory (full)
2026-09-14 11:53:07,483 INFO [304/1126] CreditMemoInvApplication
2026-09-14 11:53:08,248 INFO querying CreditMemoInvApplication incrementally since 2000-01-01T00:00:00Z
2026-09-14 11:53:09,036 INFO [305/1126] CreditMemoInvApplicationFeed
2026-09-14 11:53:09,729 INFO querying CreditMemoInvApplicationFeed incrementally since 2000-01-01T00:00:00Z
2026-09-14 11:53:10,428 INFO [306/1126] CreditMemoLine
2026-09-14 11:53:11,186 INFO querying CreditMemoLine incrementally since 2000-01-01T00:00:00Z
2026-09-14 11:53:11,838 INFO [307/1126] CreditMemoLineFeed
2026-09-14 11:53:12,563 INFO querying CreditMemoLineFeed incrementally since 2000-01-01T00:00:00Z
2026-09-14 11:53:13,194 INFO [308/1126] CreditMemoLineHistory
2026-09-14 11:53:13,795 INFO querying CreditMemoLineHistory (full)
2026-09-14 11:53:14,587 INFO [309/1126] CreditMemoShare
2026-09-14 11:53:15,231 INFO querying CreditMemoShare incrementally since 2000-01-01T00:00:00Z
2026-09-14 11:53:16,019 INFO [310/1126] CronJobDetail
2026-09-14 11:53:16,701 INFO querying CronJobDetail (full)
2026-09-14 11:53:17,725 INFO [311/1126] CronTrigger
2026-09-14 11:53:18,335 INFO querying CronTrigger (full)
2026-09-14 11:53:19,372 INFO [312/1126] CspTrustedSite
2026-09-14 11:53:20,042 INFO querying CspTrustedSite incrementally since 2026-09-07T10:14:25.000+0000
2026-09-14 11:53:20,735 INFO [313/1126] CustomBrand
2026-09-14 11:53:21,492 INFO querying CustomBrand incrementally since 2000-01-01T00:00:00Z
2026-09-14 11:53:22,208 INFO [314/1126] CustomBrandAsset
2026-09-14 11:53:23,737 INFO querying CustomBrandAsset incrementally since 2000-01-01T00:00:00Z
2026-09-14 11:53:24,471 INFO [315/1126] CustomHelpMenuItem
2026-09-14 11:53:25,149 INFO querying CustomHelpMenuItem incrementally since 2000-01-01T00:00:00Z
2026-09-14 11:53:25,809 INFO [316/1126] CustomHelpMenuSection
2026-09-14 11:53:26,541 INFO querying CustomHelpMenuSection incrementally since 2000-01-01T00:00:00Z
2026-09-14 11:53:27,236 INFO [317/1126] CustomHttpHeader
2026-09-14 11:53:27,929 INFO querying CustomHttpHeader incrementally since 2000-01-01T00:00:00Z
2026-09-14 11:53:28,641 INFO [318/1126] CustomNotificationType
2026-09-14 11:53:29,299 INFO querying CustomNotificationType incrementally since 2026-09-07T09:48:45.000+0000
2026-09-14 11:53:29,952 INFO [319/1126] CustomObjectUserLicenseMetrics
2026-09-14 11:53:30,533 INFO querying CustomObjectUserLicenseMetrics (full)
2026-09-14 11:53:31,226 INFO [320/1126] CustomPermission
2026-09-14 11:53:31,889 INFO querying CustomPermission incrementally since 2000-01-01T00:00:00Z
2026-09-14 11:53:32,636 INFO [321/1126] CustomPermissionDependency
2026-09-14 11:53:33,280 INFO querying CustomPermissionDependency incrementally since 2000-01-01T00:00:00Z
2026-09-14 11:53:33,943 INFO [322/1126] CustomReportType
2026-09-14 11:53:34,629 INFO querying CustomReportType incrementally since 2026-09-07T09:43:33.000+0000
2026-09-14 11:53:35,337 INFO [323/1126] CustomReportTypeLocalization
2026-09-14 11:53:35,984 INFO querying CustomReportTypeLocalization incrementally since 2000-01-01T00:00:00Z
2026-09-14 11:53:36,680 INFO [324/1126] Customer
2026-09-14 11:53:37,415 INFO querying Customer incrementally since 2000-01-01T00:00:00Z
2026-09-14 11:53:38,116 INFO [325/1126] CustomerShare
2026-09-14 11:53:38,778 INFO querying CustomerShare incrementally since 2000-01-01T00:00:00Z
2026-09-14 11:53:39,400 INFO [326/1126] DandBCompany
2026-09-14 11:53:40,561 INFO querying DandBCompany incrementally since 2000-01-01T00:00:00Z
2026-09-14 11:53:41,367 INFO [327/1126] Dashboard
2026-09-14 11:53:42,068 INFO querying Dashboard incrementally since 2026-09-07T10:20:15.000+0000
2026-09-14 11:53:42,744 INFO [328/1126] DashboardComponent
2026-09-14 11:53:43,441 INFO querying DashboardComponent (full)
2026-09-14 11:53:44,457 INFO [329/1126] DashboardComponentFeed
2026-09-14 11:53:45,201 INFO querying DashboardComponentFeed incrementally since 2000-01-01T00:00:00Z
2026-09-14 11:53:45,883 INFO [330/1126] DashboardComponentLocalization
2026-09-14 11:53:46,558 INFO querying DashboardComponentLocalization incrementally since 2000-01-01T00:00:00Z
2026-09-14 11:53:47,207 INFO [331/1126] DashboardFeed
2026-09-14 11:53:47,939 INFO querying DashboardFeed incrementally since 2000-01-01T00:00:00Z
2026-09-14 11:53:48,584 INFO [332/1126] DashboardLocalization
2026-09-14 11:53:49,292 INFO querying DashboardLocalization incrementally since 2000-01-01T00:00:00Z
2026-09-14 11:53:49,957 INFO [333/1126] DataAction
2026-09-14 11:53:50,654 INFO querying DataAction incrementally since 2000-01-01T00:00:00Z
2026-09-14 11:53:51,364 INFO [334/1126] DataActionFeed
2026-09-14 11:53:52,054 INFO querying DataActionFeed incrementally since 2000-01-01T00:00:00Z
2026-09-14 11:53:52,709 INFO [335/1126] DataActionHistory
2026-09-14 11:53:53,339 INFO querying DataActionHistory (full)
2026-09-14 11:53:54,031 INFO [336/1126] DataActionJobSummary
2026-09-14 11:53:54,971 INFO querying DataActionJobSummary incrementally since 2000-01-01T00:00:00Z
2026-09-14 11:53:55,667 INFO [337/1126] DataActionJobSummaryFeed
2026-09-14 11:53:56,382 INFO querying DataActionJobSummaryFeed incrementally since 2000-01-01T00:00:00Z
2026-09-14 11:53:57,070 INFO [338/1126] DataActionJobSummaryHistory
2026-09-14 11:53:57,687 INFO querying DataActionJobSummaryHistory (full)
2026-09-14 11:53:58,352 INFO [339/1126] DataActionJobSummaryShare
2026-09-14 11:53:59,033 INFO querying DataActionJobSummaryShare incrementally since 2000-01-01T00:00:00Z
2026-09-14 11:53:59,887 INFO [340/1126] DataActionTarget
2026-09-14 11:54:00,585 INFO querying DataActionTarget incrementally since 2000-01-01T00:00:00Z
2026-09-14 11:54:01,248 INFO [341/1126] DataActionTargetFeed
2026-09-14 11:54:02,030 INFO querying DataActionTargetFeed incrementally since 2000-01-01T00:00:00Z
2026-09-14 11:54:02,654 INFO [342/1126] DataActionTargetHistory
2026-09-14 11:54:03,235 INFO querying DataActionTargetHistory (full)
2026-09-14 11:54:03,932 INFO [343/1126] DataActionTargetShare
2026-09-14 11:54:04,578 INFO querying DataActionTargetShare incrementally since 2000-01-01T00:00:00Z
2026-09-14 11:54:05,225 INFO [344/1126] DataAssessmentFieldMetric
2026-09-14 11:54:05,925 INFO querying DataAssessmentFieldMetric incrementally since 2000-01-01T00:00:00Z
2026-09-14 11:54:06,570 INFO [345/1126] DataAssessmentMetric
2026-09-14 11:54:07,439 INFO querying DataAssessmentMetric incrementally since 2000-01-01T00:00:00Z
2026-09-14 11:54:08,108 INFO [346/1126] DataAssessmentValueMetric
2026-09-14 11:54:08,783 INFO querying DataAssessmentValueMetric incrementally since 2000-01-01T00:00:00Z
2026-09-14 11:54:09,511 INFO [347/1126] DataGraph
2026-09-14 11:54:10,269 INFO querying DataGraph incrementally since 2000-01-01T00:00:00Z
2026-09-14 11:54:10,902 INFO [348/1126] DataLakeObjectInstance
2026-09-14 11:54:11,659 INFO querying DataLakeObjectInstance incrementally since 2000-01-01T00:00:00Z
2026-09-14 11:54:12,298 INFO [349/1126] DataLakeObjectInstanceFeed
2026-09-14 11:54:12,978 INFO querying DataLakeObjectInstanceFeed incrementally since 2000-01-01T00:00:00Z
2026-09-14 11:54:13,676 INFO [350/1126] DataLakeObjectInstanceHistory
2026-09-14 11:54:14,297 INFO querying DataLakeObjectInstanceHistory (full)
2026-09-14 11:54:14,998 INFO [351/1126] DataMultiOrgConnection
2026-09-14 11:54:15,690 INFO querying DataMultiOrgConnection incrementally since 2000-01-01T00:00:00Z
2026-09-14 11:54:16,335 INFO [352/1126] DataMultiOrgObjectRef
2026-09-14 11:54:17,002 INFO querying DataMultiOrgObjectRef incrementally since 2000-01-01T00:00:00Z
2026-09-14 11:54:17,681 INFO [353/1126] DataMultiOrgSyncStatus
2026-09-14 11:54:18,341 INFO querying DataMultiOrgSyncStatus incrementally since 2000-01-01T00:00:00Z
2026-09-14 11:54:19,039 INFO [354/1126] DataRemoteOrgDataSpaceMap
2026-09-14 11:54:19,752 INFO querying DataRemoteOrgDataSpaceMap incrementally since 2000-01-01T00:00:00Z
2026-09-14 11:54:20,397 INFO [355/1126] DataSourceBundle
2026-09-14 11:54:21,120 INFO querying DataSourceBundle incrementally since 2000-01-01T00:00:00Z
2026-09-14 11:54:21,938 INFO [356/1126] DataSourceBundleShare
2026-09-14 11:54:22,816 INFO querying DataSourceBundleShare incrementally since 2000-01-01T00:00:00Z
2026-09-14 11:54:23,487 INFO [357/1126] DataStatistics - skipped (known non-bulk-queryable object)
2026-09-14 11:54:23,487 INFO [358/1126] DataStream
2026-09-14 11:54:24,243 INFO querying DataStream incrementally since 2000-01-01T00:00:00Z
2026-09-14 11:54:24,861 INFO [359/1126] DataStreamFeed
2026-09-14 11:54:25,591 INFO querying DataStreamFeed incrementally since 2000-01-01T00:00:00Z
2026-09-14 11:54:26,220 INFO [360/1126] DataStreamHistory
2026-09-14 11:54:26,844 INFO querying DataStreamHistory (full)
2026-09-14 11:54:28,530 INFO [361/1126] DataType - skipped (known non-bulk-queryable object)
2026-09-14 11:54:28,530 INFO [362/1126] DataUseLegalBasis
2026-09-14 11:54:29,215 INFO querying DataUseLegalBasis incrementally since 2000-01-01T00:00:00Z
2026-09-14 11:54:29,862 INFO [363/1126] DataUseLegalBasisHistory
2026-09-14 11:54:30,473 INFO querying DataUseLegalBasisHistory (full)
2026-09-14 11:54:31,168 INFO [364/1126] DataUseLegalBasisShare
2026-09-14 11:54:31,832 INFO querying DataUseLegalBasisShare incrementally since 2000-01-01T00:00:00Z
2026-09-14 11:54:32,530 INFO [365/1126] DataUsePurpose
2026-09-14 11:54:33,285 INFO querying DataUsePurpose incrementally since 2000-01-01T00:00:00Z
2026-09-14 11:54:33,962 INFO [366/1126] DataUsePurposeHistory
2026-09-14 11:54:34,611 INFO querying DataUsePurposeHistory (full)
2026-09-14 11:54:35,261 INFO [367/1126] DataUsePurposeShare
2026-09-14 11:54:36,069 INFO querying DataUsePurposeShare incrementally since 2000-01-01T00:00:00Z
2026-09-14 11:54:36,753 INFO [368/1126] DataWeaveResource
2026-09-14 11:54:37,448 INFO querying DataWeaveResource incrementally since 2000-01-01T00:00:00Z
2026-09-14 11:54:38,087 INFO [369/1126] DatacloudAddress - skipped (known non-bulk-queryable object)
2026-09-14 11:54:38,087 INFO [370/1126] DatacloudCompany - skipped (known non-bulk-queryable object)
2026-09-14 11:54:38,087 INFO [371/1126] DatacloudContact - skipped (known non-bulk-queryable object)
2026-09-14 11:54:38,094 INFO [372/1126] DatacloudDandBCompany - skipped (known non-bulk-queryable object)
2026-09-14 11:54:38,094 INFO [373/1126] DatacloudOwnedEntity
2026-09-14 11:54:38,815 INFO querying DatacloudOwnedEntity incrementally since 2000-01-01T00:00:00Z
2026-09-14 11:54:39,466 INFO [374/1126] DatacloudPurchaseUsage
2026-09-14 11:54:40,150 INFO querying DatacloudPurchaseUsage incrementally since 2000-01-01T00:00:00Z
2026-09-14 11:54:40,816 INFO [375/1126] DeclinedEventRelation
2026-09-14 11:54:41,481 INFO querying DeclinedEventRelation incrementally since 2000-01-01T00:00:00Z
2026-09-14 11:54:42,142 INFO [376/1126] DeleteEvent
2026-09-14 11:54:42,875 INFO querying DeleteEvent (full)
2026-09-14 11:54:44,005 INFO [377/1126] DigitalWallet
2026-09-14 11:54:44,901 INFO querying DigitalWallet incrementally since 2000-01-01T00:00:00Z
2026-09-14 11:54:46,030 INFO [378/1126] Document
2026-09-14 11:54:46,921 INFO querying Document incrementally since 2026-09-07T09:43:33.000+0000
2026-09-14 11:54:47,598 INFO [379/1126] DocumentAttachmentMap
2026-09-14 11:54:48,317 INFO querying DocumentAttachmentMap (full)
2026-09-14 11:54:49,011 INFO [380/1126] Domain
2026-09-14 11:54:49,665 INFO querying Domain incrementally since 2026-09-07T09:50:23.000+0000
2026-09-14 11:54:50,579 INFO [381/1126] DomainSite
2026-09-14 11:54:51,253 INFO querying DomainSite incrementally since 2000-01-01T00:00:00Z
2026-09-14 11:54:52,021 INFO [382/1126] DuplicateRecordItem
2026-09-14 11:54:52,746 INFO querying DuplicateRecordItem incrementally since 2026-09-11T21:53:57.000+0000
2026-09-14 11:54:53,554 INFO [383/1126] DuplicateRecordSet
2026-09-14 11:54:54,427 INFO querying DuplicateRecordSet incrementally since 2026-09-11T21:53:57.000+0000
2026-09-14 11:54:55,107 INFO [384/1126] DuplicateRule
2026-09-14 11:54:55,820 INFO querying DuplicateRule incrementally since 2026-09-07T09:43:33.000+0000
2026-09-14 11:54:56,466 INFO [385/1126] EmailCapture
2026-09-14 11:54:57,192 INFO querying EmailCapture incrementally since 2000-01-01T00:00:00Z
2026-09-14 11:54:57,826 INFO [386/1126] EmailDomainFilter
2026-09-14 11:54:58,521 INFO querying EmailDomainFilter incrementally since 2000-01-01T00:00:00Z
2026-09-14 11:54:59,149 INFO [387/1126] EmailDomainKey
2026-09-14 11:54:59,796 INFO querying EmailDomainKey incrementally since 2000-01-01T00:00:00Z
2026-09-14 11:55:00,576 INFO [388/1126] EmailMessage
2026-09-14 11:55:01,283 INFO querying EmailMessage incrementally since 2000-01-01T00:00:00Z
2026-09-14 11:55:01,962 INFO [389/1126] EmailMessageRelation
2026-09-14 11:55:02,695 INFO querying EmailMessageRelation (full)
2026-09-14 11:55:03,340 INFO [390/1126] EmailRelay
2026-09-14 11:55:04,049 INFO querying EmailRelay incrementally since 2000-01-01T00:00:00Z
2026-09-14 11:55:04,829 INFO [391/1126] EmailServicesAddress
2026-09-14 11:55:05,488 INFO querying EmailServicesAddress incrementally since 2000-01-01T00:00:00Z
2026-09-14 11:55:06,121 INFO [392/1126] EmailServicesFunction
2026-09-14 11:55:06,800 INFO querying EmailServicesFunction incrementally since 2000-01-01T00:00:00Z
2026-09-14 11:55:08,000 INFO [393/1126] EmailTemplate
2026-09-14 11:55:08,707 INFO querying EmailTemplate incrementally since 2026-09-07T09:43:33.000+0000
2026-09-14 11:55:09,436 INFO [394/1126] EmbeddedServiceDetail
2026-09-14 11:55:10,050 INFO querying EmbeddedServiceDetail (full)
2026-09-14 11:55:10,684 INFO [395/1126] EmbeddedServiceLabel
2026-09-14 11:55:11,293 INFO querying EmbeddedServiceLabel (full)
2026-09-14 11:55:11,928 INFO [396/1126] EngagementChannelType
2026-09-14 11:55:13,609 INFO querying EngagementChannelType incrementally since 2000-01-01T00:00:00Z
2026-09-14 11:55:14,243 INFO [397/1126] EngagementChannelTypeFeed
2026-09-14 11:55:15,000 INFO querying EngagementChannelTypeFeed incrementally since 2000-01-01T00:00:00Z
2026-09-14 11:55:15,631 INFO [398/1126] EngagementChannelTypeHistory
2026-09-14 11:55:16,224 INFO querying EngagementChannelTypeHistory (full)
2026-09-14 11:55:16,893 INFO [399/1126] EngagementChannelTypeShare
2026-09-14 11:55:17,622 INFO querying EngagementChannelTypeShare incrementally since 2000-01-01T00:00:00Z
2026-09-14 11:55:18,315 INFO [400/1126] EngagementChannelWorkType
2026-09-14 11:55:19,054 INFO querying EngagementChannelWorkType incrementally since 2000-01-01T00:00:00Z
2026-09-14 11:55:19,710 INFO [401/1126] EngagementChannelWorkTypeFeed
2026-09-14 11:55:20,399 INFO querying EngagementChannelWorkTypeFeed incrementally since 2000-01-01T00:00:00Z
2026-09-14 11:55:21,081 INFO [402/1126] EngagementChannelWorkTypeHistory
2026-09-14 11:55:21,696 INFO querying EngagementChannelWorkTypeHistory (full)
2026-09-14 11:55:22,685 INFO [403/1126] EnhancedLetterhead
2026-09-14 11:55:23,433 INFO querying EnhancedLetterhead incrementally since 2000-01-01T00:00:00Z
2026-09-14 11:55:24,074 INFO [404/1126] EnhancedLetterheadFeed
2026-09-14 11:55:24,769 INFO querying EnhancedLetterheadFeed incrementally since 2000-01-01T00:00:00Z
2026-09-14 11:55:25,549 INFO [405/1126] Entitlement
2026-09-14 11:55:26,435 INFO querying Entitlement incrementally since 2026-09-07T09:43:33.000+0000
2026-09-14 11:55:27,102 INFO [406/1126] EntitlementContact
2026-09-14 11:55:27,841 INFO querying EntitlementContact incrementally since 2000-01-01T00:00:00Z
2026-09-14 11:55:28,476 INFO [407/1126] EntitlementFeed
2026-09-14 11:55:29,316 INFO querying EntitlementFeed incrementally since 2000-01-01T00:00:00Z
2026-09-14 11:55:30,060 INFO [408/1126] EntitlementHistory
2026-09-14 11:55:30,790 INFO querying EntitlementHistory (full)
2026-09-14 11:55:31,466 INFO [409/1126] EntitlementTemplate
2026-09-14 11:55:32,179 INFO querying EntitlementTemplate incrementally since 2000-01-01T00:00:00Z
2026-09-14 11:55:32,828 INFO [410/1126] EntityDefinition
2026-09-14 11:55:34,054 INFO querying EntityDefinition incrementally since 2000-01-01T00:00:00Z
2026-09-14 11:55:34,861 INFO [411/1126] EntityMilestone
2026-09-14 11:55:35,592 INFO querying EntityMilestone incrementally since 2000-01-01T00:00:00Z
2026-09-14 11:55:36,236 INFO [412/1126] EntityMilestoneFeed
2026-09-14 11:55:36,981 INFO querying EntityMilestoneFeed incrementally since 2000-01-01T00:00:00Z
2026-09-14 11:55:37,647 INFO [413/1126] EntityMilestoneHistory
2026-09-14 11:55:38,358 INFO querying EntityMilestoneHistory (full)
2026-09-14 11:55:39,051 INFO [414/1126] EntityParticle - skipped (known non-bulk-queryable object)
2026-09-14 11:55:39,051 INFO [415/1126] EntitySubscription
2026-09-14 11:55:39,683 INFO querying EntitySubscription (full)
2026-09-14 11:55:40,333 INFO [416/1126] Event
2026-09-14 11:55:41,186 INFO querying Event incrementally since 2000-01-01T00:00:00Z
2026-09-14 11:55:41,855 INFO [417/1126] EventBusSubscriber
2026-09-14 11:55:42,466 INFO querying EventBusSubscriber (full)
2026-09-14 11:55:43,306 INFO [418/1126] EventFeed
2026-09-14 11:55:44,051 INFO querying EventFeed incrementally since 2000-01-01T00:00:00Z
2026-09-14 11:55:44,727 INFO [419/1126] EventLogFile
2026-09-14 11:55:45,407 INFO querying EventLogFile incrementally since 2000-01-01T00:00:00Z
2026-09-14 11:55:46,038 INFO [420/1126] EventRelation
2026-09-14 11:55:46,705 INFO querying EventRelation incrementally since 2000-01-01T00:00:00Z
2026-09-14 11:55:47,412 INFO [421/1126] EventRelayConfig
2026-09-14 11:55:48,109 INFO querying EventRelayConfig incrementally since 2000-01-01T00:00:00Z
2026-09-14 11:55:48,877 INFO [422/1126] EventRelayFeedback
2026-09-14 11:55:49,795 INFO querying EventRelayFeedback incrementally since 2000-01-01T00:00:00Z
2026-09-14 11:55:50,440 INFO [423/1126] ExpressionFilter
2026-09-14 11:55:51,116 INFO querying ExpressionFilter incrementally since 2000-01-01T00:00:00Z
2026-09-14 11:55:51,945 INFO [424/1126] ExpressionFilterCriteria
2026-09-14 11:55:52,622 INFO querying ExpressionFilterCriteria incrementally since 2000-01-01T00:00:00Z
2026-09-14 11:55:53,269 INFO [425/1126] ExpressionSetView
2026-09-14 11:55:53,973 INFO querying ExpressionSetView incrementally since 2000-01-01T00:00:00Z
2026-09-14 11:55:54,789 INFO [426/1126] ExtDataShare
2026-09-14 11:55:55,565 INFO querying ExtDataShare incrementally since 2000-01-01T00:00:00Z
2026-09-14 11:55:56,231 INFO [427/1126] ExtDataShareFeed
2026-09-14 11:55:56,923 INFO querying ExtDataShareFeed incrementally since 2000-01-01T00:00:00Z
2026-09-14 11:55:58,508 INFO [428/1126] ExtDataShareHistory
2026-09-14 11:55:59,353 INFO querying ExtDataShareHistory (full)
2026-09-14 11:56:00,030 INFO [429/1126] ExtDataShareTarget
2026-09-14 11:56:00,821 INFO querying ExtDataShareTarget incrementally since 2000-01-01T00:00:00Z
2026-09-14 11:56:01,511 INFO [430/1126] ExtDataShareTargetFeed
2026-09-14 11:56:02,180 INFO querying ExtDataShareTargetFeed incrementally since 2000-01-01T00:00:00Z
2026-09-14 11:56:02,843 INFO [431/1126] ExtDataShareTargetHistory
2026-09-14 11:56:03,491 INFO querying ExtDataShareTargetHistory (full)
2026-09-14 11:56:04,142 INFO [432/1126] ExtDataShareTargetShare
2026-09-14 11:56:04,833 INFO querying ExtDataShareTargetShare incrementally since 2000-01-01T00:00:00Z
2026-09-14 11:56:05,480 INFO [433/1126] ExternalAIModel
2026-09-14 11:56:06,125 INFO querying ExternalAIModel incrementally since 2000-01-01T00:00:00Z
2026-09-14 11:56:06,824 INFO [434/1126] ExternalClientApplication
2026-09-14 11:56:08,102 INFO querying ExternalClientApplication incrementally since 2026-09-14T06:02:11.000+0000
2026-09-14 11:56:08,866 INFO [435/1126] ExternalDataSource
2026-09-14 11:56:09,573 INFO querying ExternalDataSource incrementally since 2000-01-01T00:00:00Z
2026-09-14 11:56:10,219 INFO [436/1126] ExternalDataSrcDescriptor
2026-09-14 11:56:10,866 INFO querying ExternalDataSrcDescriptor incrementally since 2000-01-01T00:00:00Z
2026-09-14 11:56:11,548 INFO [437/1126] ExternalDataUserAuth
2026-09-14 11:56:12,195 INFO querying ExternalDataUserAuth incrementally since 2000-01-01T00:00:00Z
2026-09-14 11:56:12,869 INFO [438/1126] ExternalEncryptionRootKey - skipped (known non-bulk-queryable object)
2026-09-14 11:56:12,869 INFO [439/1126] ExternalEvent
2026-09-14 11:56:13,638 INFO querying ExternalEvent incrementally since 2000-01-01T00:00:00Z
2026-09-14 11:56:14,280 INFO [440/1126] ExternalEventMapping
2026-09-14 11:56:15,068 INFO querying ExternalEventMapping incrementally since 2000-01-01T00:00:00Z
2026-09-14 11:56:15,733 INFO [441/1126] ExternalEventMappingShare
2026-09-14 11:56:16,384 INFO querying ExternalEventMappingShare incrementally since 2000-01-01T00:00:00Z
2026-09-14 11:56:17,060 INFO [442/1126] ExtlClntAppOauthConsumer
2026-09-14 11:56:17,709 INFO querying ExtlClntAppOauthConsumer incrementally since 2026-09-14T06:02:11.000+0000
2026-09-14 11:56:18,373 INFO [443/1126] ExtlClntAppOauthIpRange
2026-09-14 11:56:19,068 INFO querying ExtlClntAppOauthIpRange incrementally since 2000-01-01T00:00:00Z
2026-09-14 11:56:19,730 INFO [444/1126] ExtlClntAppOauthPlcyAttr
2026-09-14 11:56:20,408 INFO querying ExtlClntAppOauthPlcyAttr incrementally since 2000-01-01T00:00:00Z
2026-09-14 11:56:21,060 INFO [445/1126] ExtlClntAppOauthPlcyCnfg
2026-09-14 11:56:21,851 INFO querying ExtlClntAppOauthPlcyCnfg incrementally since 2026-09-14T06:02:11.000+0000
2026-09-14 11:56:22,510 INFO [446/1126] ExtlClntAppOauthSetAttr
2026-09-14 11:56:23,192 INFO querying ExtlClntAppOauthSetAttr incrementally since 2000-01-01T00:00:00Z
2026-09-14 11:56:23,887 INFO [447/1126] ExtlClntAppOauthSettings
2026-09-14 11:56:24,597 INFO querying ExtlClntAppOauthSettings incrementally since 2026-09-14T06:02:11.000+0000
2026-09-14 11:56:25,254 INFO [448/1126] ExtlClntAppSamplePlcyCnfg
2026-09-14 11:56:25,943 INFO querying ExtlClntAppSamplePlcyCnfg incrementally since 2000-01-01T00:00:00Z
2026-09-14 11:56:26,554 INFO [449/1126] ExtlClntAppSampleSettings
2026-09-14 11:56:27,282 INFO querying ExtlClntAppSampleSettings incrementally since 2000-01-01T00:00:00Z
2026-09-14 11:56:27,969 INFO [450/1126] FeedAttachment
2026-09-14 11:56:28,611 INFO querying FeedAttachment (full)
2026-09-14 11:56:29,273 INFO [451/1126] FeedComment
2026-09-14 11:56:29,986 INFO querying FeedComment (full)
2026-09-14 11:56:30,714 INFO [452/1126] FeedItem
2026-09-14 11:56:31,408 INFO querying FeedItem incrementally since 2000-01-01T00:00:00Z
2026-09-14 11:56:32,083 INFO [453/1126] FeedPollChoice
2026-09-14 11:56:33,483 INFO querying FeedPollChoice (full)
2026-09-14 11:56:34,269 INFO [454/1126] FeedPollVote
2026-09-14 11:56:34,973 INFO querying FeedPollVote incrementally since 2000-01-01T00:00:00Z
2026-09-14 11:56:35,660 INFO [455/1126] FeedRevision
2026-09-14 11:56:36,328 INFO querying FeedRevision (full)
2026-09-14 11:56:37,028 INFO [456/1126] FieldDefinition - skipped (known non-bulk-queryable object)
2026-09-14 11:56:37,028 INFO [457/1126] FieldPermissions
2026-09-14 11:56:38,090 INFO querying FieldPermissions (full)
2026-09-14 11:56:59,434 INFO [458/1126] FieldSecurityClassification
2026-09-14 11:57:00,178 INFO querying FieldSecurityClassification incrementally since 2026-09-07T09:43:33.000+0000
2026-09-14 11:57:00,815 INFO [459/1126] FileEventStore - skipped (known non-bulk-queryable object)
2026-09-14 11:57:00,816 INFO [460/1126] FileSearchActivity
2026-09-14 11:57:01,476 INFO querying FileSearchActivity incrementally since 2000-01-01T00:00:00Z
2026-09-14 11:57:02,203 INFO [461/1126] FinanceBalanceSnapshot
2026-09-14 11:57:02,915 INFO querying FinanceBalanceSnapshot incrementally since 2000-01-01T00:00:00Z
2026-09-14 11:57:03,565 INFO [462/1126] FinanceBalanceSnapshotShare
2026-09-14 11:57:04,337 INFO querying FinanceBalanceSnapshotShare incrementally since 2000-01-01T00:00:00Z
2026-09-14 11:57:04,974 INFO [463/1126] FinanceTransaction
2026-09-14 11:57:05,698 INFO querying FinanceTransaction incrementally since 2000-01-01T00:00:00Z
2026-09-14 11:57:06,409 INFO [464/1126] FinanceTransactionShare
2026-09-14 11:57:07,049 INFO querying FinanceTransactionShare incrementally since 2000-01-01T00:00:00Z
2026-09-14 11:57:07,705 INFO [465/1126] FiscalYearSettings
2026-09-14 11:57:08,289 INFO querying FiscalYearSettings (full)
2026-09-14 11:57:09,382 INFO [466/1126] FlexQueueItem - skipped (known non-bulk-queryable object)
2026-09-14 11:57:09,382 INFO [467/1126] FlowDefinitionView
2026-09-14 11:57:10,026 INFO querying FlowDefinitionView incrementally since 2000-01-01T00:00:00Z
2026-09-14 11:57:10,747 INFO [468/1126] FlowInterview
2026-09-14 11:57:11,521 INFO querying FlowInterview incrementally since 2000-01-01T00:00:00Z
2026-09-14 11:57:12,230 INFO [469/1126] FlowInterviewLog
2026-09-14 11:57:12,925 INFO querying FlowInterviewLog incrementally since 2000-01-01T00:00:00Z
2026-09-14 11:57:13,559 INFO [470/1126] FlowInterviewLogEntry
2026-09-14 11:57:14,333 INFO querying FlowInterviewLogEntry incrementally since 2000-01-01T00:00:00Z
2026-09-14 11:57:14,965 INFO [471/1126] FlowInterviewLogShare
2026-09-14 11:57:15,626 INFO querying FlowInterviewLogShare incrementally since 2000-01-01T00:00:00Z
2026-09-14 11:57:16,309 INFO [472/1126] FlowInterviewShare
2026-09-14 11:57:17,033 INFO querying FlowInterviewShare incrementally since 2000-01-01T00:00:00Z
2026-09-14 11:57:17,666 INFO [473/1126] FlowOrchestrationInstance
2026-09-14 11:57:18,414 INFO querying FlowOrchestrationInstance incrementally since 2000-01-01T00:00:00Z
2026-09-14 11:57:19,072 INFO [474/1126] FlowOrchestrationInstanceShare
2026-09-14 11:57:19,737 INFO querying FlowOrchestrationInstanceShare incrementally since 2000-01-01T00:00:00Z
2026-09-14 11:57:20,419 INFO [475/1126] FlowOrchestrationLog
2026-09-14 11:57:21,095 INFO querying FlowOrchestrationLog incrementally since 2000-01-01T00:00:00Z
2026-09-14 11:57:21,772 INFO [476/1126] FlowOrchestrationStageInstance
2026-09-14 11:57:22,532 INFO querying FlowOrchestrationStageInstance incrementally since 2000-01-01T00:00:00Z
2026-09-14 11:57:23,173 INFO [477/1126] FlowOrchestrationStageInstanceShare
2026-09-14 11:57:23,866 INFO querying FlowOrchestrationStageInstanceShare incrementally since 2000-01-01T00:00:00Z
2026-09-14 11:57:24,492 INFO [478/1126] FlowOrchestrationStepInstance
2026-09-14 11:57:25,173 INFO querying FlowOrchestrationStepInstance incrementally since 2000-01-01T00:00:00Z
2026-09-14 11:57:25,857 INFO [479/1126] FlowOrchestrationStepInstanceShare
2026-09-14 11:57:26,506 INFO querying FlowOrchestrationStepInstanceShare incrementally since 2000-01-01T00:00:00Z
2026-09-14 11:57:27,193 INFO [480/1126] FlowOrchestrationWorkItem
2026-09-14 11:57:27,930 INFO querying FlowOrchestrationWorkItem incrementally since 2000-01-01T00:00:00Z
2026-09-14 11:57:28,583 INFO [481/1126] FlowOrchestrationWorkItemShare
2026-09-14 11:57:29,261 INFO querying FlowOrchestrationWorkItemShare incrementally since 2000-01-01T00:00:00Z
2026-09-14 11:57:29,926 INFO [482/1126] FlowRecord
2026-09-14 11:57:30,592 INFO querying FlowRecord incrementally since 2026-09-07T09:48:28.000+0000
2026-09-14 11:57:31,361 INFO [483/1126] FlowRecordElement
2026-09-14 11:57:32,028 INFO querying FlowRecordElement incrementally since 2000-01-01T00:00:00Z
2026-09-14 11:57:32,726 INFO [484/1126] FlowRecordRelation
2026-09-14 11:57:33,682 INFO querying FlowRecordRelation incrementally since 2000-01-01T00:00:00Z
2026-09-14 11:57:34,358 INFO [485/1126] FlowRecordShare
2026-09-14 11:57:35,034 INFO querying FlowRecordShare incrementally since 2026-09-07T09:43:33.000+0000
2026-09-14 11:57:35,746 INFO [486/1126] FlowRecordVersion
2026-09-14 11:57:37,285 INFO querying FlowRecordVersion incrementally since 2026-09-07T09:48:28.000+0000
2026-09-14 11:57:37,966 INFO [487/1126] FlowStageRelation
2026-09-14 11:57:38,691 INFO querying FlowStageRelation incrementally since 2000-01-01T00:00:00Z
2026-09-14 11:57:39,338 INFO [488/1126] FlowTestResult
2026-09-14 11:57:40,022 INFO querying FlowTestResult incrementally since 2000-01-01T00:00:00Z
2026-09-14 11:57:40,684 INFO [489/1126] FlowTestResultShare
2026-09-14 11:57:41,327 INFO querying FlowTestResultShare incrementally since 2000-01-01T00:00:00Z
2026-09-14 11:57:41,975 INFO [490/1126] FlowTestView - skipped (known non-bulk-queryable object)
2026-09-14 11:57:41,975 INFO [491/1126] FlowVariableView - skipped (known non-bulk-queryable object)
2026-09-14 11:57:41,975 INFO [492/1126] FlowVersionView - skipped (known non-bulk-queryable object)
2026-09-14 11:57:41,975 INFO [493/1126] Folder
2026-09-14 11:57:42,666 INFO querying Folder incrementally since 2026-09-07T09:43:33.000+0000
2026-09-14 11:57:43,304 INFO [494/1126] FormulaFunction
2026-09-14 11:57:43,950 INFO querying FormulaFunction (full)
2026-09-14 11:57:45,048 INFO [495/1126] FormulaFunctionAllowedType
2026-09-14 11:57:45,652 INFO querying FormulaFunctionAllowedType (full)
2026-09-14 11:57:46,744 INFO [496/1126] FormulaFunctionCategory
2026-09-14 11:57:47,332 INFO querying FormulaFunctionCategory (full)
2026-09-14 11:57:48,275 INFO [497/1126] FulfillmentOrder
2026-09-14 11:57:49,414 INFO querying FulfillmentOrder incrementally since 2000-01-01T00:00:00Z
2026-09-14 11:57:50,247 INFO [498/1126] FulfillmentOrderFeed
2026-09-14 11:57:51,181 INFO querying FulfillmentOrderFeed incrementally since 2000-01-01T00:00:00Z
2026-09-14 11:57:51,811 INFO [499/1126] FulfillmentOrderItemAdjustment
2026-09-14 11:57:52,551 INFO querying FulfillmentOrderItemAdjustment incrementally since 2000-01-01T00:00:00Z
2026-09-14 11:57:53,369 INFO [500/1126] FulfillmentOrderItemAdjustmentFeed
2026-09-14 11:57:54,105 INFO querying FulfillmentOrderItemAdjustmentFeed incrementally since 2000-01-01T00:00:00Z
2026-09-14 11:57:54,739 INFO [501/1126] FulfillmentOrderItemTax
2026-09-14 11:57:55,471 INFO querying FulfillmentOrderItemTax incrementally since 2000-01-01T00:00:00Z
2026-09-14 11:57:56,127 INFO [502/1126] FulfillmentOrderItemTaxFeed
2026-09-14 11:57:56,838 INFO querying FulfillmentOrderItemTaxFeed incrementally since 2000-01-01T00:00:00Z
2026-09-14 11:57:57,509 INFO [503/1126] FulfillmentOrderLineItem
2026-09-14 11:57:58,259 INFO querying FulfillmentOrderLineItem incrementally since 2000-01-01T00:00:00Z
2026-09-14 11:57:58,926 INFO [504/1126] FulfillmentOrderLineItemFeed
2026-09-14 11:57:59,631 INFO querying FulfillmentOrderLineItemFeed incrementally since 2000-01-01T00:00:00Z
2026-09-14 11:58:00,277 INFO [505/1126] FulfillmentOrderShare
2026-09-14 11:58:00,995 INFO querying FulfillmentOrderShare incrementally since 2000-01-01T00:00:00Z
2026-09-14 11:58:01,693 INFO [506/1126] GenAiFunctionDefinition
2026-09-14 11:58:03,838 INFO querying GenAiFunctionDefinition incrementally since 2000-01-01T00:00:00Z
2026-09-14 11:58:04,587 INFO [507/1126] GenAiPlannerAttrDefinition
2026-09-14 11:58:05,218 INFO querying GenAiPlannerAttrDefinition incrementally since 2000-01-01T00:00:00Z
2026-09-14 11:58:05,893 INFO [508/1126] GenAiPlannerDefinition
2026-09-14 11:58:06,537 INFO querying GenAiPlannerDefinition incrementally since 2000-01-01T00:00:00Z
2026-09-14 11:58:07,176 INFO [509/1126] GenAiPlannerFunctionDef
2026-09-14 11:58:08,195 INFO querying GenAiPlannerFunctionDef incrementally since 2000-01-01T00:00:00Z
2026-09-14 11:58:08,826 INFO [510/1126] GenAiPluginDefinition
2026-09-14 11:58:09,510 INFO querying GenAiPluginDefinition incrementally since 2000-01-01T00:00:00Z
2026-09-14 11:58:10,167 INFO [511/1126] GenAiPluginFunctionDef
2026-09-14 11:58:11,187 INFO querying GenAiPluginFunctionDef incrementally since 2000-01-01T00:00:00Z
2026-09-14 11:58:11,854 INFO [512/1126] GrantedByLicense
2026-09-14 11:58:12,544 INFO querying GrantedByLicense incrementally since 2000-01-01T00:00:00Z
2026-09-14 11:58:13,207 INFO [513/1126] Group
2026-09-14 11:58:13,971 INFO querying Group incrementally since 2026-09-07T09:51:52.000+0000
2026-09-14 11:58:14,616 INFO [514/1126] GroupMember
2026-09-14 11:58:15,262 INFO querying GroupMember (full)
2026-09-14 11:58:16,295 INFO [515/1126] GtwyProvPaymentMethodType
2026-09-14 11:58:16,974 INFO querying GtwyProvPaymentMethodType incrementally since 2000-01-01T00:00:00Z
2026-09-14 11:58:17,624 INFO [516/1126] Holiday
2026-09-14 11:58:18,415 INFO querying Holiday incrementally since 2000-01-01T00:00:00Z
2026-09-14 11:58:19,144 INFO [517/1126] IPAddressRange
2026-09-14 11:58:19,795 INFO querying IPAddressRange incrementally since 2000-01-01T00:00:00Z
2026-09-14 11:58:20,455 INFO [518/1126] IconDefinition - skipped (known non-bulk-queryable object)
2026-09-14 11:58:20,455 INFO [519/1126] Idea
2026-09-14 11:58:21,196 INFO querying Idea incrementally since 2000-01-01T00:00:00Z
2026-09-14 11:58:21,886 INFO [520/1126] IdeaComment - skipped (known non-bulk-queryable object)
2026-09-14 11:58:21,886 INFO [521/1126] IdentityProviderEventStore
2026-09-14 11:58:22,479 INFO querying IdentityProviderEventStore (full)
2026-09-14 11:58:23,155 INFO [522/1126] IdentityResolution
2026-09-14 11:58:23,848 INFO querying IdentityResolution incrementally since 2000-01-01T00:00:00Z
2026-09-14 11:58:24,565 INFO [523/1126] IdentityResolutionFeed
2026-09-14 11:58:25,259 INFO querying IdentityResolutionFeed incrementally since 2000-01-01T00:00:00Z
2026-09-14 11:58:25,992 INFO [524/1126] IdentityResolutionHistory
2026-09-14 11:58:26,635 INFO querying IdentityResolutionHistory (full)
2026-09-14 11:58:27,282 INFO [525/1126] IdentityVerificationEvent
2026-09-14 11:58:27,880 INFO querying IdentityVerificationEvent (full)
2026-09-14 11:58:28,556 INFO [526/1126] IdpEventLog
2026-09-14 11:58:29,237 INFO querying IdpEventLog (full)
2026-09-14 11:58:30,186 INFO [527/1126] IframeWhiteListUrl
2026-09-14 11:58:30,883 INFO querying IframeWhiteListUrl incrementally since 2026-09-07T09:51:01.000+0000
2026-09-14 11:58:31,567 INFO [528/1126] Image
2026-09-14 11:58:32,327 INFO querying Image incrementally since 2000-01-01T00:00:00Z
2026-09-14 11:58:33,007 INFO [529/1126] ImageFeed
2026-09-14 11:58:33,717 INFO querying ImageFeed incrementally since 2000-01-01T00:00:00Z
2026-09-14 11:58:34,411 INFO [530/1126] ImageHistory
2026-09-14 11:58:35,056 INFO querying ImageHistory (full)
2026-09-14 11:58:35,696 INFO [531/1126] ImageShare
2026-09-14 11:58:36,339 INFO querying ImageShare incrementally since 2000-01-01T00:00:00Z
2026-09-14 11:58:37,016 INFO [532/1126] Incident
2026-09-14 11:58:37,730 INFO querying Incident incrementally since 2000-01-01T00:00:00Z
2026-09-14 11:58:38,377 INFO [533/1126] IncidentFeed
2026-09-14 11:58:39,103 INFO querying IncidentFeed incrementally since 2000-01-01T00:00:00Z
2026-09-14 11:58:39,742 INFO [534/1126] IncidentHistory
2026-09-14 11:58:40,551 INFO querying IncidentHistory (full)
2026-09-14 11:58:41,270 INFO [535/1126] IncidentRelatedItem
2026-09-14 11:58:41,949 INFO querying IncidentRelatedItem incrementally since 2000-01-01T00:00:00Z
2026-09-14 11:58:42,585 INFO [536/1126] IncidentRelatedItemFeed
2026-09-14 11:58:43,308 INFO querying IncidentRelatedItemFeed incrementally since 2000-01-01T00:00:00Z
2026-09-14 11:58:43,923 INFO [537/1126] IncidentRelatedItemHistory
2026-09-14 11:58:44,538 INFO querying IncidentRelatedItemHistory (full)
2026-09-14 11:58:45,235 INFO [538/1126] IncidentShare
2026-09-14 11:58:45,897 INFO querying IncidentShare incrementally since 2000-01-01T00:00:00Z
2026-09-14 11:58:46,543 INFO [539/1126] Individual
2026-09-14 11:58:47,328 INFO querying Individual incrementally since 2000-01-01T00:00:00Z
2026-09-14 11:58:47,984 INFO [540/1126] IndividualHistory
2026-09-14 11:58:48,579 INFO querying IndividualHistory (full)
2026-09-14 11:58:49,258 INFO [541/1126] IndividualShare
2026-09-14 11:58:49,987 INFO querying IndividualShare incrementally since 2000-01-01T00:00:00Z
2026-09-14 11:58:50,636 INFO [542/1126] InstalledMobileApp
2026-09-14 11:58:51,346 INFO querying InstalledMobileApp incrementally since 2000-01-01T00:00:00Z
2026-09-14 11:58:51,980 INFO [543/1126] InventoryItemReservation
2026-09-14 11:58:52,723 INFO querying InventoryItemReservation incrementally since 2000-01-01T00:00:00Z
2026-09-14 11:58:53,563 INFO [544/1126] InventoryReservation
2026-09-14 11:58:54,228 INFO querying InventoryReservation incrementally since 2000-01-01T00:00:00Z
2026-09-14 11:58:54,921 INFO [545/1126] InventoryReservationShare
2026-09-14 11:58:55,566 INFO querying InventoryReservationShare incrementally since 2000-01-01T00:00:00Z
2026-09-14 11:58:56,199 INFO [546/1126] Invoice
2026-09-14 11:58:57,040 INFO querying Invoice incrementally since 2000-01-01T00:00:00Z
2026-09-14 11:58:57,718 INFO [547/1126] InvoiceFeed
2026-09-14 11:58:58,516 INFO querying InvoiceFeed incrementally since 2000-01-01T00:00:00Z
2026-09-14 11:58:59,207 INFO [548/1126] InvoiceHistory
2026-09-14 11:58:59,805 INFO querying InvoiceHistory (full)
2026-09-14 11:59:00,516 INFO [549/1126] InvoiceLine
2026-09-14 11:59:01,246 INFO querying InvoiceLine incrementally since 2000-01-01T00:00:00Z
2026-09-14 11:59:01,892 INFO [550/1126] InvoiceLineFeed
2026-09-14 11:59:02,574 INFO querying InvoiceLineFeed incrementally since 2000-01-01T00:00:00Z
2026-09-14 11:59:03,253 INFO [551/1126] InvoiceLineHistory
2026-09-14 11:59:03,867 INFO querying InvoiceLineHistory (full)
2026-09-14 11:59:04,495 INFO [552/1126] InvoiceShare
2026-09-14 11:59:05,287 INFO querying InvoiceShare incrementally since 2000-01-01T00:00:00Z
2026-09-14 11:59:06,050 INFO [553/1126] KnowledgeableUser
2026-09-14 11:59:06,663 INFO querying KnowledgeableUser (full)
2026-09-14 11:59:07,354 INFO [554/1126] Lead
2026-09-14 11:59:08,378 INFO querying Lead incrementally since 2026-09-07T09:43:33.000+0000
2026-09-14 11:59:09,051 INFO [555/1126] LeadCleanInfo
2026-09-14 11:59:09,885 INFO querying LeadCleanInfo incrementally since 2000-01-01T00:00:00Z
2026-09-14 11:59:10,545 INFO [556/1126] LeadFeed
2026-09-14 11:59:11,227 INFO querying LeadFeed incrementally since 2000-01-01T00:00:00Z
2026-09-14 11:59:11,919 INFO [557/1126] LeadHistory
2026-09-14 11:59:12,503 INFO querying LeadHistory (full)
2026-09-14 11:59:13,133 INFO [558/1126] LeadShare
2026-09-14 11:59:13,812 INFO querying LeadShare incrementally since 2000-01-01T00:00:00Z
2026-09-14 11:59:14,463 INFO [559/1126] LeadStatus
2026-09-14 11:59:15,106 INFO querying LeadStatus incrementally since 2026-09-07T09:43:33.000+0000
2026-09-14 11:59:15,816 INFO [560/1126] LegalEntity
2026-09-14 11:59:17,516 INFO querying LegalEntity incrementally since 2000-01-01T00:00:00Z
2026-09-14 11:59:18,206 INFO [561/1126] LegalEntityFeed
2026-09-14 11:59:18,971 INFO querying LegalEntityFeed incrementally since 2000-01-01T00:00:00Z
2026-09-14 11:59:19,636 INFO [562/1126] LegalEntityHistory
2026-09-14 11:59:20,286 INFO querying LegalEntityHistory (full)
2026-09-14 11:59:20,961 INFO [563/1126] LegalEntityShare
2026-09-14 11:59:21,641 INFO querying LegalEntityShare incrementally since 2000-01-01T00:00:00Z
2026-09-14 11:59:22,279 INFO [564/1126] LicenseDefinitionCustomPermission
2026-09-14 11:59:22,962 INFO querying LicenseDefinitionCustomPermission incrementally since 2000-01-01T00:00:00Z
2026-09-14 11:59:23,656 INFO [565/1126] LightningExitByPageMetrics
2026-09-14 11:59:24,245 INFO querying LightningExitByPageMetrics (full)
2026-09-14 11:59:24,908 INFO [566/1126] LightningExperienceTheme
2026-09-14 11:59:25,606 INFO querying LightningExperienceTheme incrementally since 2000-01-01T00:00:00Z
2026-09-14 11:59:26,266 INFO [567/1126] LightningOnboardingConfig
2026-09-14 11:59:26,973 INFO querying LightningOnboardingConfig incrementally since 2000-01-01T00:00:00Z
2026-09-14 11:59:28,258 INFO [568/1126] LightningToggleMetrics
2026-09-14 11:59:28,824 INFO querying LightningToggleMetrics (full)
2026-09-14 11:59:29,549 INFO [569/1126] LightningUriEvent
2026-09-14 11:59:30,269 INFO querying LightningUriEvent (full)
2026-09-14 11:59:30,926 INFO [570/1126] LightningUsageByAppTypeMetrics
2026-09-14 11:59:31,523 INFO querying LightningUsageByAppTypeMetrics (full)
2026-09-14 11:59:32,495 INFO [571/1126] LightningUsageByBrowserMetrics
2026-09-14 11:59:33,082 INFO querying LightningUsageByBrowserMetrics (full)
2026-09-14 11:59:34,017 INFO [572/1126] LightningUsageByFlexiPageMetrics
2026-09-14 11:59:34,630 INFO querying LightningUsageByFlexiPageMetrics (full)
2026-09-14 11:59:35,322 INFO [573/1126] LightningUsageByPageMetrics
2026-09-14 11:59:35,928 INFO querying LightningUsageByPageMetrics (full)
2026-09-14 11:59:36,862 INFO [574/1126] ListEmail
2026-09-14 11:59:37,586 INFO querying ListEmail incrementally since 2000-01-01T00:00:00Z
2026-09-14 11:59:38,319 INFO [575/1126] ListEmailIndividualRecipient
2026-09-14 11:59:39,125 INFO querying ListEmailIndividualRecipient incrementally since 2000-01-01T00:00:00Z
2026-09-14 11:59:39,998 INFO [576/1126] ListEmailRecipientSource
2026-09-14 11:59:40,673 INFO querying ListEmailRecipientSource incrementally since 2000-01-01T00:00:00Z
2026-09-14 11:59:41,326 INFO [577/1126] ListEmailSentResult
2026-09-14 11:59:42,033 INFO querying ListEmailSentResult incrementally since 2000-01-01T00:00:00Z
2026-09-14 11:59:42,699 INFO [578/1126] ListEmailShare
2026-09-14 11:59:43,346 INFO querying ListEmailShare incrementally since 2000-01-01T00:00:00Z
2026-09-14 11:59:44,030 INFO [579/1126] ListView
2026-09-14 11:59:44,722 INFO querying ListView incrementally since 2026-09-11T18:34:42.000+0000
2026-09-14 11:59:45,416 INFO [580/1126] ListViewChart
2026-09-14 11:59:48,288 INFO querying ListViewChart incrementally since 2000-01-01T00:00:00Z
2026-09-14 11:59:48,975 INFO [581/1126] ListViewChartInstance - skipped (known non-bulk-queryable object)
2026-09-14 11:59:48,975 INFO [582/1126] ListViewEvent
2026-09-14 11:59:49,594 INFO querying ListViewEvent (full)
2026-09-14 11:59:51,207 INFO [583/1126] LiveChatSensitiveDataRule
2026-09-14 11:59:51,853 INFO querying LiveChatSensitiveDataRule incrementally since 2000-01-01T00:00:00Z
2026-09-14 11:59:52,571 INFO [584/1126] Location
2026-09-14 11:59:53,324 INFO querying Location incrementally since 2000-01-01T00:00:00Z
2026-09-14 11:59:53,989 INFO [585/1126] LocationFeed
2026-09-14 11:59:54,708 INFO querying LocationFeed incrementally since 2000-01-01T00:00:00Z
2026-09-14 11:59:55,364 INFO [586/1126] LocationGroup
2026-09-14 11:59:56,124 INFO querying LocationGroup incrementally since 2000-01-01T00:00:00Z
2026-09-14 11:59:56,775 INFO [587/1126] LocationGroupAssignment
2026-09-14 11:59:57,482 INFO querying LocationGroupAssignment incrementally since 2000-01-01T00:00:00Z
2026-09-14 11:59:58,129 INFO [588/1126] LocationGroupFeed
2026-09-14 11:59:58,887 INFO querying LocationGroupFeed incrementally since 2000-01-01T00:00:00Z
2026-09-14 11:59:59,523 INFO [589/1126] LocationGroupHistory
2026-09-14 12:00:00,477 INFO querying LocationGroupHistory (full)
2026-09-14 12:00:01,187 INFO [590/1126] LocationGroupShare
2026-09-14 12:00:01,947 INFO querying LocationGroupShare incrementally since 2000-01-01T00:00:00Z
2026-09-14 12:00:02,614 INFO [591/1126] LocationHistory
2026-09-14 12:00:03,354 INFO querying LocationHistory (full)
2026-09-14 12:00:04,032 INFO [592/1126] LocationShare
2026-09-14 12:00:04,722 INFO querying LocationShare incrementally since 2000-01-01T00:00:00Z
2026-09-14 12:00:05,393 INFO [593/1126] LoginAsEvent
2026-09-14 12:00:05,991 INFO querying LoginAsEvent (full)
2026-09-14 12:00:06,653 INFO [594/1126] LoginEvent
2026-09-14 12:00:07,253 INFO querying LoginEvent (full)
2026-09-14 12:00:08,277 INFO [595/1126] LoginGeo
2026-09-14 12:00:08,946 INFO querying LoginGeo incrementally since 2026-09-14T06:07:17.000+0000
2026-09-14 12:00:10,321 INFO [596/1126] LoginHistory
2026-09-14 12:00:10,922 INFO querying LoginHistory (full)
2026-09-14 12:00:11,913 INFO [597/1126] LoginIp
2026-09-14 12:00:12,489 INFO querying LoginIp (full)
2026-09-14 12:00:13,517 INFO [598/1126] LogoutEvent
2026-09-14 12:00:14,128 INFO querying LogoutEvent (full)
2026-09-14 12:00:14,904 INFO [599/1126] MLModel
2026-09-14 12:00:15,646 INFO querying MLModel incrementally since 2000-01-01T00:00:00Z
2026-09-14 12:00:16,332 INFO [600/1126] MLModelFactor
2026-09-14 12:00:17,068 INFO querying MLModelFactor incrementally since 2000-01-01T00:00:00Z
2026-09-14 12:00:17,762 INFO [601/1126] MLModelFactorComponent
2026-09-14 12:00:18,697 INFO querying MLModelFactorComponent incrementally since 2000-01-01T00:00:00Z
2026-09-14 12:00:19,604 INFO [602/1126] MLModelMetric
2026-09-14 12:00:20,403 INFO querying MLModelMetric incrementally since 2000-01-01T00:00:00Z
2026-09-14 12:00:21,193 INFO [603/1126] MLPredictionDefinition
2026-09-14 12:00:21,991 INFO querying MLPredictionDefinition incrementally since 2000-01-01T00:00:00Z
2026-09-14 12:00:22,722 INFO [604/1126] MLRecommendationDefinition
2026-09-14 12:00:23,644 INFO querying MLRecommendationDefinition incrementally since 2000-01-01T00:00:00Z
2026-09-14 12:00:24,546 INFO [605/1126] Macro
2026-09-14 12:00:25,630 INFO querying Macro incrementally since 2000-01-01T00:00:00Z
2026-09-14 12:00:26,477 INFO [606/1126] MacroHistory
2026-09-14 12:00:27,274 INFO querying MacroHistory (full)
2026-09-14 12:00:28,045 INFO [607/1126] MacroInstruction
2026-09-14 12:00:29,425 INFO querying MacroInstruction incrementally since 2000-01-01T00:00:00Z
2026-09-14 12:00:30,169 INFO [608/1126] MacroShare
2026-09-14 12:00:31,007 INFO querying MacroShare incrementally since 2000-01-01T00:00:00Z
2026-09-14 12:00:31,989 INFO [609/1126] MacroUsage
2026-09-14 12:00:32,948 INFO querying MacroUsage incrementally since 2000-01-01T00:00:00Z
2026-09-14 12:00:33,861 INFO [610/1126] MacroUsageShare
2026-09-14 12:00:34,806 INFO querying MacroUsageShare incrementally since 2000-01-01T00:00:00Z
2026-09-14 12:00:35,710 INFO [611/1126] MailmergeTemplate
2026-09-14 12:00:36,798 INFO querying MailmergeTemplate incrementally since 2000-01-01T00:00:00Z
2026-09-14 12:00:37,734 INFO [612/1126] ManagedContent
2026-09-14 12:00:38,788 INFO querying ManagedContent incrementally since 2026-09-07T09:51:53.000+0000
2026-09-14 12:00:39,884 INFO [613/1126] ManagedContentChannel
2026-09-14 12:00:40,581 INFO querying ManagedContentChannel incrementally since 2026-09-07T09:51:52.000+0000
2026-09-14 12:00:41,253 INFO [614/1126] ManagedContentSpace
2026-09-14 12:00:42,088 INFO querying ManagedContentSpace incrementally since 2026-09-07T09:51:52.000+0000
2026-09-14 12:00:42,771 INFO [615/1126] ManagedContentVariant
2026-09-14 12:00:43,683 INFO querying ManagedContentVariant incrementally since 2026-09-07T09:51:53.000+0000
2026-09-14 12:00:45,104 INFO [616/1126] MarketSegment
2026-09-14 12:00:45,891 INFO querying MarketSegment incrementally since 2000-01-01T00:00:00Z
2026-09-14 12:00:46,708 INFO [617/1126] MarketSegmentActivation
2026-09-14 12:00:47,459 INFO querying MarketSegmentActivation incrementally since 2000-01-01T00:00:00Z
2026-09-14 12:00:48,456 INFO [618/1126] MarketSegmentActivationFeed
2026-09-14 12:00:49,203 INFO querying MarketSegmentActivationFeed incrementally since 2000-01-01T00:00:00Z
2026-09-14 12:00:49,892 INFO [619/1126] MarketSegmentActivationHistory
2026-09-14 12:00:50,526 INFO querying MarketSegmentActivationHistory (full)
2026-09-14 12:00:51,229 INFO [620/1126] MarketSegmentDefMapping
2026-09-14 12:00:51,981 INFO querying MarketSegmentDefMapping incrementally since 2000-01-01T00:00:00Z
2026-09-14 12:00:52,785 INFO [621/1126] MarketSegmentFeed
2026-09-14 12:00:53,649 INFO querying MarketSegmentFeed incrementally since 2000-01-01T00:00:00Z
2026-09-14 12:00:54,368 INFO [622/1126] MarketSegmentHistory
2026-09-14 12:00:55,085 INFO querying MarketSegmentHistory (full)
2026-09-14 12:00:55,890 INFO [623/1126] MatchingInformation
2026-09-14 12:00:56,716 INFO querying MatchingInformation incrementally since 2000-01-01T00:00:00Z
2026-09-14 12:00:57,492 INFO [624/1126] MatchingRule
2026-09-14 12:00:58,352 INFO querying MatchingRule incrementally since 2026-09-07T09:43:33.000+0000
2026-09-14 12:00:59,305 INFO [625/1126] MatchingRuleItem
2026-09-14 12:01:00,101 INFO querying MatchingRuleItem incrementally since 2000-01-01T00:00:00Z
2026-09-14 12:01:00,823 INFO [626/1126] MessagingChannel
2026-09-14 12:01:01,567 INFO querying MessagingChannel incrementally since 2000-01-01T00:00:00Z
2026-09-14 12:01:02,244 INFO [627/1126] MessagingChannelSkill
2026-09-14 12:01:03,910 INFO querying MessagingChannelSkill incrementally since 2000-01-01T00:00:00Z
2026-09-14 12:01:04,576 INFO [628/1126] MessagingConfiguration
2026-09-14 12:01:05,326 INFO querying MessagingConfiguration incrementally since 2000-01-01T00:00:00Z
2026-09-14 12:01:06,165 INFO [629/1126] MessagingDeliveryError
2026-09-14 12:01:06,982 INFO querying MessagingDeliveryError incrementally since 2000-01-01T00:00:00Z
2026-09-14 12:01:07,777 INFO [630/1126] MessagingEndUser
2026-09-14 12:01:08,647 INFO querying MessagingEndUser incrementally since 2000-01-01T00:00:00Z
2026-09-14 12:01:09,620 INFO [631/1126] MessagingEndUserHistory
2026-09-14 12:01:10,725 INFO querying MessagingEndUserHistory (full)
2026-09-14 12:01:11,922 INFO [632/1126] MessagingEndUserShare
2026-09-14 12:01:12,949 INFO querying MessagingEndUserShare incrementally since 2000-01-01T00:00:00Z
2026-09-14 12:01:13,852 INFO [633/1126] MessagingLink
2026-09-14 12:01:14,879 INFO querying MessagingLink incrementally since 2000-01-01T00:00:00Z
2026-09-14 12:01:15,942 INFO [634/1126] MessagingSession
2026-09-14 12:01:16,871 INFO querying MessagingSession incrementally since 2000-01-01T00:00:00Z
2026-09-14 12:01:17,639 INFO [635/1126] MessagingSessionFeed
2026-09-14 12:01:18,574 INFO querying MessagingSessionFeed incrementally since 2000-01-01T00:00:00Z
2026-09-14 12:01:19,358 INFO [636/1126] MessagingSessionHistory
2026-09-14 12:01:20,059 INFO querying MessagingSessionHistory (full)
2026-09-14 12:01:20,872 INFO [637/1126] MessagingSessionShare
2026-09-14 12:01:22,046 INFO querying MessagingSessionShare incrementally since 2000-01-01T00:00:00Z
2026-09-14 12:01:22,894 INFO [638/1126] MessagingTemplate
2026-09-14 12:01:23,825 INFO querying MessagingTemplate incrementally since 2000-01-01T00:00:00Z
2026-09-14 12:01:24,528 INFO [639/1126] MilestoneType
2026-09-14 12:01:25,208 INFO querying MilestoneType incrementally since 2026-09-07T09:43:33.000+0000
2026-09-14 12:01:26,129 INFO [640/1126] MktCalculatedInsight
2026-09-14 12:01:26,864 INFO querying MktCalculatedInsight incrementally since 2000-01-01T00:00:00Z
2026-09-14 12:01:27,531 INFO [641/1126] MktCalculatedInsightFeed
2026-09-14 12:01:28,316 INFO querying MktCalculatedInsightFeed incrementally since 2000-01-01T00:00:00Z
2026-09-14 12:01:29,055 INFO [642/1126] MktCalculatedInsightHistory
2026-09-14 12:01:29,779 INFO querying MktCalculatedInsightHistory (full)
2026-09-14 12:01:30,743 INFO [643/1126] MktDataTransform
2026-09-14 12:01:31,895 INFO querying MktDataTransform incrementally since 2000-01-01T00:00:00Z
2026-09-14 12:01:32,873 INFO [644/1126] MktDataTransformFeed
2026-09-14 12:01:33,789 INFO querying MktDataTransformFeed incrementally since 2000-01-01T00:00:00Z
2026-09-14 12:01:34,453 INFO [645/1126] MktDataTransformHistory
2026-09-14 12:01:35,154 INFO querying MktDataTransformHistory (full)
2026-09-14 12:01:36,090 INFO [646/1126] MktDataTransformShare
2026-09-14 12:01:37,205 INFO querying MktDataTransformShare incrementally since 2000-01-01T00:00:00Z
2026-09-14 12:01:37,976 INFO [647/1126] MktMLModel
2026-09-14 12:01:38,739 INFO querying MktMLModel incrementally since 2000-01-01T00:00:00Z
2026-09-14 12:01:39,455 INFO [648/1126] MktMLModelFeed
2026-09-14 12:01:40,295 INFO querying MktMLModelFeed incrementally since 2000-01-01T00:00:00Z
2026-09-14 12:01:41,005 INFO [649/1126] MktMLModelHistory
2026-09-14 12:01:41,629 INFO querying MktMLModelHistory (full)
2026-09-14 12:01:42,335 INFO [650/1126] MktMLModelShare
2026-09-14 12:01:43,115 INFO querying MktMLModelShare incrementally since 2000-01-01T00:00:00Z
2026-09-14 12:01:43,890 INFO [651/1126] MktMLPredictionJob
2026-09-14 12:01:44,648 INFO querying MktMLPredictionJob incrementally since 2000-01-01T00:00:00Z
2026-09-14 12:01:45,348 INFO [652/1126] MktMLPredictionJobFeed
2026-09-14 12:01:46,965 INFO querying MktMLPredictionJobFeed incrementally since 2000-01-01T00:00:00Z
2026-09-14 12:01:47,719 INFO [653/1126] MktMLPredictionJobHistory
2026-09-14 12:01:48,342 INFO querying MktMLPredictionJobHistory (full)
2026-09-14 12:01:49,141 INFO [654/1126] MktSgmntActvtnAudAttribute
2026-09-14 12:01:49,888 INFO querying MktSgmntActvtnAudAttribute incrementally since 2000-01-01T00:00:00Z
2026-09-14 12:01:50,589 INFO [655/1126] MktSgmntActvtnContactPoint
2026-09-14 12:01:51,340 INFO querying MktSgmntActvtnContactPoint incrementally since 2000-01-01T00:00:00Z
2026-09-14 12:01:52,073 INFO [656/1126] MktSgmtActvContactPtField
2026-09-14 12:01:52,855 INFO querying MktSgmtActvContactPtField incrementally since 2000-01-01T00:00:00Z
2026-09-14 12:01:53,538 INFO [657/1126] MktSgmtActvContactPtSrc
2026-09-14 12:01:54,316 INFO querying MktSgmtActvContactPtSrc incrementally since 2000-01-01T00:00:00Z
2026-09-14 12:01:54,976 INFO [658/1126] MktSgmtActvDataSource
2026-09-14 12:01:55,769 INFO querying MktSgmtActvDataSource incrementally since 2000-01-01T00:00:00Z
2026-09-14 12:01:56,655 INFO [659/1126] MktSgmtDefCalcInsightFld
2026-09-14 12:01:57,379 INFO querying MktSgmtDefCalcInsightFld incrementally since 2000-01-01T00:00:00Z
2026-09-14 12:01:58,046 INFO [660/1126] MktSgmtDefDataMdlObjFld
2026-09-14 12:01:58,799 INFO querying MktSgmtDefDataMdlObjFld incrementally since 2000-01-01T00:00:00Z
2026-09-14 12:01:59,481 INFO [661/1126] MlFeatureValueMetric
2026-09-14 12:02:00,232 INFO querying MlFeatureValueMetric incrementally since 2000-01-01T00:00:00Z
2026-09-14 12:02:00,965 INFO [662/1126] MobileApplicationDetail
2026-09-14 12:02:01,755 INFO querying MobileApplicationDetail incrementally since 2000-01-01T00:00:00Z
2026-09-14 12:02:02,551 INFO [663/1126] MsgChannelLanguageKeyword
2026-09-14 12:02:03,334 INFO querying MsgChannelLanguageKeyword incrementally since 2000-01-01T00:00:00Z
2026-09-14 12:02:04,062 INFO [664/1126] MutingPermissionSet
2026-09-14 12:02:05,215 INFO querying MutingPermissionSet incrementally since 2000-01-01T00:00:00Z
2026-09-14 12:02:06,004 INFO [665/1126] MyDomainDiscoverableLogin
2026-09-14 12:02:06,701 INFO querying MyDomainDiscoverableLogin incrementally since 2000-01-01T00:00:00Z
2026-09-14 12:02:07,389 INFO [666/1126] NamedCredential
2026-09-14 12:02:08,071 INFO querying NamedCredential incrementally since 2000-01-01T00:00:00Z
2026-09-14 12:02:08,740 INFO [667/1126] Note
2026-09-14 12:02:09,472 INFO querying Note incrementally since 2000-01-01T00:00:00Z
2026-09-14 12:02:10,142 INFO [668/1126] OauthCustomScope
2026-09-14 12:02:10,831 INFO querying OauthCustomScope incrementally since 2000-01-01T00:00:00Z
2026-09-14 12:02:11,559 INFO [669/1126] OauthCustomScopeApp
2026-09-14 12:02:12,276 INFO querying OauthCustomScopeApp incrementally since 2000-01-01T00:00:00Z
2026-09-14 12:02:12,923 INFO [670/1126] OauthToken
2026-09-14 12:02:13,628 INFO querying OauthToken (full)
2026-09-14 12:02:14,729 INFO [671/1126] ObjectPermissions
2026-09-14 12:02:16,158 INFO querying ObjectPermissions incrementally since 2026-09-07T12:22:03.000+0000
2026-09-14 12:02:17,348 INFO [672/1126] OmniRoutingEventStore - skipped (known non-bulk-queryable object)
2026-09-14 12:02:17,348 INFO [673/1126] OmniSupervisorConfig
2026-09-14 12:02:18,025 INFO querying OmniSupervisorConfig incrementally since 2000-01-01T00:00:00Z
2026-09-14 12:02:18,692 INFO [674/1126] OmniSupervisorConfigAction
2026-09-14 12:02:19,441 INFO querying OmniSupervisorConfigAction incrementally since 2000-01-01T00:00:00Z
2026-09-14 12:02:20,148 INFO [675/1126] OmniSupervisorConfigGroup
2026-09-14 12:02:20,948 INFO querying OmniSupervisorConfigGroup incrementally since 2000-01-01T00:00:00Z
2026-09-14 12:02:21,618 INFO [676/1126] OmniSupervisorConfigProfile
2026-09-14 12:02:22,299 INFO querying OmniSupervisorConfigProfile incrementally since 2000-01-01T00:00:00Z
2026-09-14 12:02:22,995 INFO [677/1126] OmniSupervisorConfigQueue
2026-09-14 12:02:23,739 INFO querying OmniSupervisorConfigQueue incrementally since 2000-01-01T00:00:00Z
2026-09-14 12:02:24,466 INFO [678/1126] OmniSupervisorConfigSkill
2026-09-14 12:02:25,515 INFO querying OmniSupervisorConfigSkill incrementally since 2000-01-01T00:00:00Z
2026-09-14 12:02:26,210 INFO [679/1126] OmniSupervisorConfigUser
2026-09-14 12:02:26,873 INFO querying OmniSupervisorConfigUser incrementally since 2000-01-01T00:00:00Z
2026-09-14 12:02:27,525 INFO [680/1126] OnboardingMetrics
2026-09-14 12:02:28,216 INFO querying OnboardingMetrics incrementally since 2000-01-01T00:00:00Z
2026-09-14 12:02:28,900 INFO [681/1126] OperatingHours
2026-09-14 12:02:29,707 INFO querying OperatingHours incrementally since 2000-01-01T00:00:00Z
2026-09-14 12:02:30,382 INFO [682/1126] OperatingHoursFeed
2026-09-14 12:02:31,174 INFO querying OperatingHoursFeed incrementally since 2000-01-01T00:00:00Z
2026-09-14 12:02:31,922 INFO [683/1126] OperatingHoursHoliday
2026-09-14 12:02:32,820 INFO querying OperatingHoursHoliday incrementally since 2000-01-01T00:00:00Z
2026-09-14 12:02:33,458 INFO [684/1126] OperatingHoursHolidayFeed
2026-09-14 12:02:37,241 INFO querying OperatingHoursHolidayFeed incrementally since 2000-01-01T00:00:00Z
2026-09-14 12:02:37,926 INFO [685/1126] OperatingHoursShare
2026-09-14 12:02:38,668 INFO querying OperatingHoursShare incrementally since 2000-01-01T00:00:00Z
2026-09-14 12:02:39,404 INFO [686/1126] Opportunity
2026-09-14 12:02:40,221 INFO querying Opportunity incrementally since 2026-09-11T21:55:42.000+0000
2026-09-14 12:02:41,024 INFO [687/1126] OpportunityCompetitor
2026-09-14 12:02:41,728 INFO querying OpportunityCompetitor incrementally since 2000-01-01T00:00:00Z
2026-09-14 12:02:42,442 INFO [688/1126] OpportunityContactRole
2026-09-14 12:02:43,282 INFO querying OpportunityContactRole incrementally since 2000-01-01T00:00:00Z
2026-09-14 12:02:44,210 INFO [689/1126] OpportunityFeed
2026-09-14 12:02:45,436 INFO querying OpportunityFeed incrementally since 2000-01-01T00:00:00Z
2026-09-14 12:02:46,621 INFO [690/1126] OpportunityFieldHistory
2026-09-14 12:02:47,311 INFO querying OpportunityFieldHistory (full)
2026-09-14 12:02:48,135 INFO [691/1126] OpportunityHistory
2026-09-14 12:02:48,862 INFO querying OpportunityHistory (full)
2026-09-14 12:02:50,304 INFO [692/1126] OpportunityLineItem
2026-09-14 12:02:51,222 INFO querying OpportunityLineItem incrementally since 2000-01-01T00:00:00Z
2026-09-14 12:02:52,083 INFO [693/1126] OpportunityPartner
2026-09-14 12:02:53,213 INFO querying OpportunityPartner incrementally since 2000-01-01T00:00:00Z
2026-09-14 12:02:54,114 INFO [694/1126] OpportunityRelatedDeleteLog
2026-09-14 12:02:55,330 INFO querying OpportunityRelatedDeleteLog incrementally since 2000-01-01T00:00:00Z
2026-09-14 12:02:56,392 INFO [695/1126] OpportunityShare
2026-09-14 12:02:57,174 INFO querying OpportunityShare incrementally since 2000-01-01T00:00:00Z
2026-09-14 12:02:57,950 INFO [696/1126] OpportunityStage
2026-09-14 12:02:58,664 INFO querying OpportunityStage incrementally since 2026-09-11T21:23:52.000+0000
2026-09-14 12:03:00,437 INFO [697/1126] Order
2026-09-14 12:03:01,609 INFO querying Order incrementally since 2000-01-01T00:00:00Z
2026-09-14 12:03:05,177 INFO [698/1126] OrderFeed
2026-09-14 12:03:05,958 INFO querying OrderFeed incrementally since 2000-01-01T00:00:00Z
2026-09-14 12:03:06,770 INFO [699/1126] OrderHistory
2026-09-14 12:03:07,499 INFO querying OrderHistory (full)
2026-09-14 12:03:08,211 INFO [700/1126] OrderItem
2026-09-14 12:03:09,357 INFO querying OrderItem incrementally since 2000-01-01T00:00:00Z
2026-09-14 12:03:10,096 INFO [701/1126] OrderItemFeed
2026-09-14 12:03:10,867 INFO querying OrderItemFeed incrementally since 2000-01-01T00:00:00Z
2026-09-14 12:03:11,621 INFO [702/1126] OrderItemHistory
2026-09-14 12:03:12,232 INFO querying OrderItemHistory (full)
2026-09-14 12:03:12,928 INFO [703/1126] OrderShare
2026-09-14 12:03:13,694 INFO querying OrderShare incrementally since 2000-01-01T00:00:00Z
2026-09-14 12:03:14,412 INFO [704/1126] OrderStatus
2026-09-14 12:03:15,138 INFO querying OrderStatus incrementally since 2026-09-07T09:43:33.000+0000
2026-09-14 12:03:15,820 INFO [705/1126] OrgEmailAddressSecurity
2026-09-14 12:03:16,500 INFO querying OrgEmailAddressSecurity (full)
2026-09-14 12:03:17,365 INFO [706/1126] OrgMetric
2026-09-14 12:03:18,170 INFO querying OrgMetric incrementally since 2000-01-01T00:00:00Z
2026-09-14 12:03:18,973 INFO [707/1126] OrgMetricScanSummary
2026-09-14 12:03:19,762 INFO querying OrgMetricScanSummary incrementally since 2000-01-01T00:00:00Z
2026-09-14 12:03:20,444 INFO [708/1126] OrgWideEmailAddress
2026-09-14 12:03:21,187 INFO querying OrgWideEmailAddress incrementally since 2000-01-01T00:00:00Z
2026-09-14 12:03:21,909 INFO [709/1126] Organization
2026-09-14 12:03:23,007 INFO querying Organization incrementally since 2026-09-11T06:16:21.000+0000
2026-09-14 12:03:24,725 INFO [710/1126] OutgoingEmail - skipped (known non-bulk-queryable object)
2026-09-14 12:03:24,726 INFO [711/1126] OutgoingEmailRelation - skipped (known non-bulk-queryable object)
2026-09-14 12:03:24,726 INFO [712/1126] OwnerChangeOptionInfo - skipped (known non-bulk-queryable object)
2026-09-14 12:03:24,726 INFO [713/1126] PackageLicense
2026-09-14 12:03:25,488 INFO querying PackageLicense incrementally since 2026-09-07T10:13:45.000+0000
2026-09-14 12:03:26,313 INFO [714/1126] Participant
2026-09-14 12:03:27,016 INFO querying Participant incrementally since 2000-01-01T00:00:00Z
2026-09-14 12:03:27,744 INFO [715/1126] Partner
2026-09-14 12:03:28,566 INFO querying Partner incrementally since 2000-01-01T00:00:00Z
2026-09-14 12:03:29,282 INFO [716/1126] PartnerRole
2026-09-14 12:03:29,968 INFO querying PartnerRole incrementally since 2026-09-07T09:43:33.000+0000
2026-09-14 12:03:30,647 INFO [717/1126] PartyConsent
2026-09-14 12:03:31,527 INFO querying PartyConsent incrementally since 2000-01-01T00:00:00Z
2026-09-14 12:03:32,259 INFO [718/1126] PartyConsentFeed
2026-09-14 12:03:33,096 INFO querying PartyConsentFeed incrementally since 2000-01-01T00:00:00Z
2026-09-14 12:03:33,824 INFO [719/1126] PartyConsentHistory
2026-09-14 12:03:34,437 INFO querying PartyConsentHistory (full)
2026-09-14 12:03:35,170 INFO [720/1126] PartyConsentShare
2026-09-14 12:03:36,065 INFO querying PartyConsentShare incrementally since 2000-01-01T00:00:00Z
2026-09-14 12:03:36,777 INFO [721/1126] Payment
2026-09-14 12:03:37,516 INFO querying Payment incrementally since 2000-01-01T00:00:00Z
2026-09-14 12:03:38,263 INFO [722/1126] PaymentAuthAdjustment
2026-09-14 12:03:38,984 INFO querying PaymentAuthAdjustment incrementally since 2000-01-01T00:00:00Z
2026-09-14 12:03:39,716 INFO [723/1126] PaymentAuthorization
2026-09-14 12:03:40,597 INFO querying PaymentAuthorization incrementally since 2000-01-01T00:00:00Z
2026-09-14 12:03:41,331 INFO [724/1126] PaymentFeed
2026-09-14 12:03:42,187 INFO querying PaymentFeed incrementally since 2000-01-01T00:00:00Z
2026-09-14 12:03:42,888 INFO [725/1126] PaymentGateway
2026-09-14 12:03:43,630 INFO querying PaymentGateway incrementally since 2000-01-01T00:00:00Z
2026-09-14 12:03:44,414 INFO [726/1126] PaymentGatewayLog
2026-09-14 12:03:45,178 INFO querying PaymentGatewayLog incrementally since 2000-01-01T00:00:00Z
2026-09-14 12:03:45,844 INFO [727/1126] PaymentGatewayProvider
2026-09-14 12:03:46,608 INFO querying PaymentGatewayProvider incrementally since 2000-01-01T00:00:00Z
2026-09-14 12:03:47,349 INFO [728/1126] PaymentGroup
2026-09-14 12:03:48,097 INFO querying PaymentGroup incrementally since 2000-01-01T00:00:00Z
2026-09-14 12:03:48,931 INFO [729/1126] PaymentLineInvoice
2026-09-14 12:03:49,767 INFO querying PaymentLineInvoice incrementally since 2000-01-01T00:00:00Z
2026-09-14 12:03:50,519 INFO [730/1126] PaymentMethod
2026-09-14 12:03:51,243 INFO querying PaymentMethod incrementally since 2000-01-01T00:00:00Z
2026-09-14 12:03:51,917 INFO [731/1126] PendingOrderSummary - skipped (known non-bulk-queryable object)
2026-09-14 12:03:51,917 INFO [732/1126] PendingServiceRouting
2026-09-14 12:03:52,684 INFO querying PendingServiceRouting incrementally since 2000-01-01T00:00:00Z
2026-09-14 12:03:53,549 INFO [733/1126] PendingServiceRoutingInteractionInfo
2026-09-14 12:03:54,498 INFO querying PendingServiceRoutingInteractionInfo incrementally since 2000-01-01T00:00:00Z
2026-09-14 12:03:55,369 INFO [734/1126] PendingServiceRoutingShare
2026-09-14 12:03:56,213 INFO querying PendingServiceRoutingShare incrementally since 2000-01-01T00:00:00Z
2026-09-14 12:03:56,897 INFO [735/1126] Period
2026-09-14 12:03:57,608 INFO querying Period (full)
2026-09-14 12:03:59,256 INFO [736/1126] PermissionSet
2026-09-14 12:04:00,367 INFO querying PermissionSet incrementally since 2026-09-07T12:22:03.000+0000
2026-09-14 12:04:01,429 INFO [737/1126] PermissionSetAssignment
2026-09-14 12:04:02,210 INFO querying PermissionSetAssignment (full)
2026-09-14 12:04:03,266 INFO [738/1126] PermissionSetEventStore
2026-09-14 12:04:03,885 INFO querying PermissionSetEventStore (full)
2026-09-14 12:04:05,921 INFO [739/1126] PermissionSetGroup
2026-09-14 12:04:06,589 INFO querying PermissionSetGroup incrementally since 2026-09-07T12:22:03.000+0000
2026-09-14 12:04:07,309 INFO [740/1126] PermissionSetGroupComponent
2026-09-14 12:04:08,042 INFO querying PermissionSetGroupComponent incrementally since 2026-09-07T00:00:00.000+0000
2026-09-14 12:04:08,721 INFO [741/1126] PermissionSetLicense
2026-09-14 12:04:09,756 INFO querying PermissionSetLicense incrementally since 2026-09-07T09:51:02.000+0000
2026-09-14 12:04:10,748 INFO [742/1126] PermissionSetLicenseAssign
2026-09-14 12:04:11,405 INFO querying PermissionSetLicenseAssign incrementally since 2026-09-11T06:16:19.000+0000
2026-09-14 12:04:12,116 INFO [743/1126] PermissionSetTabSetting
2026-09-14 12:04:12,997 INFO querying PermissionSetTabSetting (full)
2026-09-14 12:04:34,728 INFO [744/1126] PicklistValueInfo - skipped (known non-bulk-queryable object)
2026-09-14 12:04:34,728 INFO [745/1126] PipelineInspectionListView
2026-09-14 12:04:35,567 INFO querying PipelineInspectionListView incrementally since 2000-01-01T00:00:00Z
2026-09-14 12:04:36,187 INFO [746/1126] PlatformAction - skipped (known non-bulk-queryable object)
2026-09-14 12:04:36,187 INFO [747/1126] PlatformCachePartition
2026-09-14 12:04:36,943 INFO querying PlatformCachePartition incrementally since 2000-01-01T00:00:00Z
2026-09-14 12:04:37,619 INFO [748/1126] PlatformCachePartitionType
2026-09-14 12:04:38,527 INFO querying PlatformCachePartitionType incrementally since 2000-01-01T00:00:00Z
2026-09-14 12:04:39,175 INFO [749/1126] PlatformEventUsageMetric
2026-09-14 12:04:39,807 INFO querying PlatformEventUsageMetric (full)
2026-09-14 12:04:40,796 INFO [750/1126] PresenceConfigDeclineReason
2026-09-14 12:04:41,457 INFO querying PresenceConfigDeclineReason incrementally since 2000-01-01T00:00:00Z
2026-09-14 12:04:42,105 INFO [751/1126] PresenceDeclineReason
2026-09-14 12:04:42,861 INFO querying PresenceDeclineReason incrementally since 2000-01-01T00:00:00Z
2026-09-14 12:04:43,510 INFO [752/1126] PresenceUserConfig
2026-09-14 12:04:44,272 INFO querying PresenceUserConfig incrementally since 2026-09-07T09:43:33.000+0000
2026-09-14 12:04:44,915 INFO [753/1126] PresenceUserConfigProfile
2026-09-14 12:04:45,842 INFO querying PresenceUserConfigProfile incrementally since 2000-01-01T00:00:00Z
2026-09-14 12:04:46,516 INFO [754/1126] PresenceUserConfigUser
2026-09-14 12:04:47,181 INFO querying PresenceUserConfigUser incrementally since 2000-01-01T00:00:00Z
2026-09-14 12:04:47,843 INFO [755/1126] Pricebook2
2026-09-14 12:04:48,668 INFO querying Pricebook2 incrementally since 2026-09-07T09:43:33.000+0000
2026-09-14 12:04:49,333 INFO [756/1126] Pricebook2History
2026-09-14 12:04:49,932 INFO querying Pricebook2History (full)
2026-09-14 12:04:50,676 INFO [757/1126] PricebookEntry
2026-09-14 12:04:51,410 INFO querying PricebookEntry incrementally since 2026-09-07T09:43:33.000+0000
2026-09-14 12:04:52,092 INFO [758/1126] PricebookEntryHistory
2026-09-14 12:04:52,736 INFO querying PricebookEntryHistory (full)
2026-09-14 12:04:53,424 INFO [759/1126] PrivacyJobSession
2026-09-14 12:04:54,122 INFO querying PrivacyJobSession incrementally since 2000-01-01T00:00:00Z
2026-09-14 12:04:54,803 INFO [760/1126] PrivacyJobSessionShare
2026-09-14 12:04:55,721 INFO querying PrivacyJobSessionShare incrementally since 2000-01-01T00:00:00Z
2026-09-14 12:04:56,371 INFO [761/1126] PrivacyObjectSession
2026-09-14 12:04:57,064 INFO querying PrivacyObjectSession incrementally since 2000-01-01T00:00:00Z
2026-09-14 12:04:57,725 INFO [762/1126] PrivacyObjectSessionShare
2026-09-14 12:04:58,390 INFO querying PrivacyObjectSessionShare incrementally since 2000-01-01T00:00:00Z
2026-09-14 12:04:59,047 INFO [763/1126] PrivacyPolicy
2026-09-14 12:04:59,812 INFO querying PrivacyPolicy incrementally since 2000-01-01T00:00:00Z
2026-09-14 12:05:00,542 INFO [764/1126] PrivacyPolicyDefinition
2026-09-14 12:05:01,222 INFO querying PrivacyPolicyDefinition incrementally since 2000-01-01T00:00:00Z
2026-09-14 12:05:01,867 INFO [765/1126] PrivacyRTBFRequest
2026-09-14 12:05:02,792 INFO querying PrivacyRTBFRequest incrementally since 2000-01-01T00:00:00Z
2026-09-14 12:05:03,468 INFO [766/1126] PrivacyRTBFRequestFeed
2026-09-14 12:05:04,281 INFO querying PrivacyRTBFRequestFeed incrementally since 2000-01-01T00:00:00Z
2026-09-14 12:05:05,007 INFO [767/1126] PrivacyRTBFRequestHistory
2026-09-14 12:05:05,647 INFO querying PrivacyRTBFRequestHistory (full)
2026-09-14 12:05:06,363 INFO [768/1126] PrivacyRTBFRequestShare
2026-09-14 12:05:07,021 INFO querying PrivacyRTBFRequestShare incrementally since 2000-01-01T00:00:00Z
2026-09-14 12:05:07,689 INFO [769/1126] PrivacySessionRecordFailure
2026-09-14 12:05:08,416 INFO querying PrivacySessionRecordFailure incrementally since 2000-01-01T00:00:00Z
2026-09-14 12:05:09,084 INFO [770/1126] PrivacySessionRecordFailureShare
2026-09-14 12:05:09,745 INFO querying PrivacySessionRecordFailureShare incrementally since 2000-01-01T00:00:00Z
2026-09-14 12:05:10,408 INFO [771/1126] Problem
2026-09-14 12:05:11,442 INFO querying Problem incrementally since 2000-01-01T00:00:00Z
2026-09-14 12:05:12,106 INFO [772/1126] ProblemFeed
2026-09-14 12:05:12,876 INFO querying ProblemFeed incrementally since 2000-01-01T00:00:00Z
2026-09-14 12:05:13,512 INFO [773/1126] ProblemHistory
2026-09-14 12:05:14,133 INFO querying ProblemHistory (full)
2026-09-14 12:05:14,838 INFO [774/1126] ProblemIncident
2026-09-14 12:05:15,551 INFO querying ProblemIncident incrementally since 2000-01-01T00:00:00Z
2026-09-14 12:05:16,246 INFO [775/1126] ProblemIncidentFeed
2026-09-14 12:05:17,057 INFO querying ProblemIncidentFeed incrementally since 2000-01-01T00:00:00Z
2026-09-14 12:05:17,766 INFO [776/1126] ProblemIncidentHistory
2026-09-14 12:05:18,396 INFO querying ProblemIncidentHistory (full)
2026-09-14 12:05:19,144 INFO [777/1126] ProblemRelatedItem
2026-09-14 12:05:19,884 INFO querying ProblemRelatedItem incrementally since 2000-01-01T00:00:00Z
2026-09-14 12:05:20,531 INFO [778/1126] ProblemRelatedItemFeed
2026-09-14 12:05:21,907 INFO querying ProblemRelatedItemFeed incrementally since 2000-01-01T00:00:00Z
2026-09-14 12:05:22,554 INFO [779/1126] ProblemRelatedItemHistory
2026-09-14 12:05:23,168 INFO querying ProblemRelatedItemHistory (full)
2026-09-14 12:05:23,849 INFO [780/1126] ProblemShare
2026-09-14 12:05:24,514 INFO querying ProblemShare incrementally since 2000-01-01T00:00:00Z
2026-09-14 12:05:25,190 INFO [781/1126] ProcessDefinition
2026-09-14 12:05:26,034 INFO querying ProcessDefinition incrementally since 2000-01-01T00:00:00Z
2026-09-14 12:05:26,664 INFO [782/1126] ProcessException
2026-09-14 12:05:28,019 INFO querying ProcessException incrementally since 2000-01-01T00:00:00Z
2026-09-14 12:05:28,846 INFO [783/1126] ProcessExceptionShare
2026-09-14 12:05:29,492 INFO querying ProcessExceptionShare incrementally since 2000-01-01T00:00:00Z
2026-09-14 12:05:30,221 INFO [784/1126] ProcessFlowMigration
2026-09-14 12:05:30,934 INFO querying ProcessFlowMigration incrementally since 2000-01-01T00:00:00Z
2026-09-14 12:05:31,644 INFO [785/1126] ProcessInstance
2026-09-14 12:05:32,406 INFO querying ProcessInstance incrementally since 2000-01-01T00:00:00Z
2026-09-14 12:05:33,068 INFO [786/1126] ProcessInstanceNode
2026-09-14 12:05:33,952 INFO querying ProcessInstanceNode incrementally since 2000-01-01T00:00:00Z
2026-09-14 12:05:34,607 INFO [787/1126] ProcessInstanceStep
2026-09-14 12:05:35,251 INFO querying ProcessInstanceStep (full)
2026-09-14 12:05:35,921 INFO [788/1126] ProcessInstanceWorkitem
2026-09-14 12:05:36,522 INFO querying ProcessInstanceWorkitem (full)
2026-09-14 12:05:37,148 INFO [789/1126] ProcessNode
2026-09-14 12:05:37,791 INFO querying ProcessNode (full)
2026-09-14 12:05:38,436 INFO [790/1126] Product2
2026-09-14 12:05:39,211 INFO querying Product2 incrementally since 2026-09-07T09:43:33.000+0000
2026-09-14 12:05:39,989 INFO [791/1126] Product2Feed
2026-09-14 12:05:40,765 INFO querying Product2Feed incrementally since 2000-01-01T00:00:00Z
2026-09-14 12:05:41,623 INFO [792/1126] Product2History
2026-09-14 12:05:42,421 INFO querying Product2History (full)
2026-09-14 12:05:43,065 INFO [793/1126] ProductAttribute
2026-09-14 12:05:43,780 INFO querying ProductAttribute incrementally since 2000-01-01T00:00:00Z
2026-09-14 12:05:44,456 INFO [794/1126] ProductAttributeSet
2026-09-14 12:05:45,160 INFO querying ProductAttributeSet incrementally since 2000-01-01T00:00:00Z
2026-09-14 12:05:45,829 INFO [795/1126] ProductAttributeSetItem
2026-09-14 12:05:46,507 INFO querying ProductAttributeSetItem incrementally since 2000-01-01T00:00:00Z
2026-09-14 12:05:47,157 INFO [796/1126] ProductAttributeSetProduct
2026-09-14 12:05:47,927 INFO querying ProductAttributeSetProduct incrementally since 2000-01-01T00:00:00Z
2026-09-14 12:05:48,561 INFO [797/1126] ProductCatalog
2026-09-14 12:05:49,357 INFO querying ProductCatalog incrementally since 2000-01-01T00:00:00Z
2026-09-14 12:05:50,051 INFO [798/1126] ProductCatalogFeed
2026-09-14 12:05:50,793 INFO querying ProductCatalogFeed incrementally since 2000-01-01T00:00:00Z
2026-09-14 12:05:51,445 INFO [799/1126] ProductCatalogHistory
2026-09-14 12:05:52,218 INFO querying ProductCatalogHistory (full)
2026-09-14 12:05:52,877 INFO [800/1126] ProductCatalogShare
2026-09-14 12:05:53,588 INFO querying ProductCatalogShare incrementally since 2000-01-01T00:00:00Z
2026-09-14 12:05:54,240 INFO [801/1126] ProductCategory
2026-09-14 12:05:55,066 INFO querying ProductCategory incrementally since 2000-01-01T00:00:00Z
2026-09-14 12:05:56,454 INFO [802/1126] ProductCategoryFeed
2026-09-14 12:05:57,168 INFO querying ProductCategoryFeed incrementally since 2000-01-01T00:00:00Z
2026-09-14 12:05:57,867 INFO [803/1126] ProductCategoryHistory
2026-09-14 12:05:58,461 INFO querying ProductCategoryHistory (full)
2026-09-14 12:05:59,219 INFO [804/1126] ProductCategoryProduct
2026-09-14 12:05:59,883 INFO querying ProductCategoryProduct incrementally since 2000-01-01T00:00:00Z
2026-09-14 12:06:00,613 INFO [805/1126] ProductCategoryProductHistory
2026-09-14 12:06:01,213 INFO querying ProductCategoryProductHistory (full)
2026-09-14 12:06:01,872 INFO [806/1126] ProductConsumptionSchedule
2026-09-14 12:06:02,622 INFO querying ProductConsumptionSchedule incrementally since 2000-01-01T00:00:00Z
2026-09-14 12:06:03,266 INFO [807/1126] ProductEntitlementTemplate
2026-09-14 12:06:03,927 INFO querying ProductEntitlementTemplate (full)
2026-09-14 12:06:04,739 INFO [808/1126] Profile
2026-09-14 12:06:05,774 INFO querying Profile incrementally since 2026-09-07T09:50:56.000+0000
2026-09-14 12:06:06,563 INFO [809/1126] Promotion
2026-09-14 12:06:07,471 INFO querying Promotion incrementally since 2000-01-01T00:00:00Z
2026-09-14 12:06:08,115 INFO [810/1126] PromotionFeed
2026-09-14 12:06:11,709 INFO querying PromotionFeed incrementally since 2000-01-01T00:00:00Z
2026-09-14 12:06:12,401 INFO [811/1126] PromotionHistory
2026-09-14 12:06:13,017 INFO querying PromotionHistory (full)
2026-09-14 12:06:13,652 INFO [812/1126] PromotionLineItemRule
2026-09-14 12:06:14,431 INFO querying PromotionLineItemRule incrementally since 2000-01-01T00:00:00Z
2026-09-14 12:06:15,072 INFO [813/1126] PromotionLineItemRuleShare
2026-09-14 12:06:15,800 INFO querying PromotionLineItemRuleShare incrementally since 2000-01-01T00:00:00Z
2026-09-14 12:06:16,513 INFO [814/1126] PromotionMarketSegment
2026-09-14 12:06:17,353 INFO querying PromotionMarketSegment incrementally since 2000-01-01T00:00:00Z
2026-09-14 12:06:18,049 INFO [815/1126] PromotionMarketSegmentFeed
2026-09-14 12:06:18,759 INFO querying PromotionMarketSegmentFeed incrementally since 2000-01-01T00:00:00Z
2026-09-14 12:06:19,486 INFO [816/1126] PromotionMarketSegmentHistory
2026-09-14 12:06:20,073 INFO querying PromotionMarketSegmentHistory (full)
2026-09-14 12:06:20,781 INFO [817/1126] PromotionQualifier
2026-09-14 12:06:21,558 INFO querying PromotionQualifier incrementally since 2000-01-01T00:00:00Z
2026-09-14 12:06:23,144 INFO [818/1126] PromotionQualifierFeed
2026-09-14 12:06:23,872 INFO querying PromotionQualifierFeed incrementally since 2000-01-01T00:00:00Z
2026-09-14 12:06:24,549 INFO [819/1126] PromotionQualifierHistory
2026-09-14 12:06:25,148 INFO querying PromotionQualifierHistory (full)
2026-09-14 12:06:25,841 INFO [820/1126] PromotionSegment
2026-09-14 12:06:26,684 INFO querying PromotionSegment incrementally since 2000-01-01T00:00:00Z
2026-09-14 12:06:28,031 INFO [821/1126] PromotionSegmentBuyerGroup
2026-09-14 12:06:28,817 INFO querying PromotionSegmentBuyerGroup incrementally since 2000-01-01T00:00:00Z
2026-09-14 12:06:29,515 INFO [822/1126] PromotionSegmentBuyerGroupFeed
2026-09-14 12:06:30,263 INFO querying PromotionSegmentBuyerGroupFeed incrementally since 2000-01-01T00:00:00Z
2026-09-14 12:06:31,164 INFO [823/1126] PromotionSegmentBuyerGroupHistory
2026-09-14 12:06:31,766 INFO querying PromotionSegmentBuyerGroupHistory (full)
2026-09-14 12:06:32,473 INFO [824/1126] PromotionSegmentFeed
2026-09-14 12:06:33,232 INFO querying PromotionSegmentFeed incrementally since 2000-01-01T00:00:00Z
2026-09-14 12:06:33,916 INFO [825/1126] PromotionSegmentHistory
2026-09-14 12:06:34,594 INFO querying PromotionSegmentHistory (full)
2026-09-14 12:06:35,304 INFO [826/1126] PromotionSegmentSalesStore
2026-09-14 12:06:36,036 INFO querying PromotionSegmentSalesStore incrementally since 2000-01-01T00:00:00Z
2026-09-14 12:06:36,798 INFO [827/1126] PromotionSegmentSalesStoreFeed
2026-09-14 12:06:37,890 INFO querying PromotionSegmentSalesStoreFeed incrementally since 2000-01-01T00:00:00Z
2026-09-14 12:06:38,687 INFO [828/1126] PromotionSegmentSalesStoreHistory
2026-09-14 12:06:39,285 INFO querying PromotionSegmentSalesStoreHistory (full)
2026-09-14 12:06:40,010 INFO [829/1126] PromotionSegmentShare
2026-09-14 12:06:40,691 INFO querying PromotionSegmentShare incrementally since 2000-01-01T00:00:00Z
2026-09-14 12:06:41,340 INFO [830/1126] PromotionShare
2026-09-14 12:06:42,102 INFO querying PromotionShare incrementally since 2000-01-01T00:00:00Z
2026-09-14 12:06:42,896 INFO [831/1126] PromotionTarget
2026-09-14 12:06:43,706 INFO querying PromotionTarget incrementally since 2000-01-01T00:00:00Z
2026-09-14 12:06:44,464 INFO [832/1126] PromotionTargetFeed
2026-09-14 12:06:45,172 INFO querying PromotionTargetFeed incrementally since 2000-01-01T00:00:00Z
2026-09-14 12:06:45,835 INFO [833/1126] PromotionTargetHistory
2026-09-14 12:06:46,485 INFO querying PromotionTargetHistory (full)
2026-09-14 12:06:47,133 INFO [834/1126] PromotionTier
2026-09-14 12:06:47,888 INFO querying PromotionTier incrementally since 2000-01-01T00:00:00Z
2026-09-14 12:06:48,601 INFO [835/1126] PromotionTierFeed
2026-09-14 12:06:49,473 INFO querying PromotionTierFeed incrementally since 2000-01-01T00:00:00Z
2026-09-14 12:06:50,302 INFO [836/1126] PromotionTierHistory
2026-09-14 12:06:50,931 INFO querying PromotionTierHistory (full)
2026-09-14 12:06:51,593 INFO [837/1126] Prompt
2026-09-14 12:06:52,256 INFO querying Prompt incrementally since 2000-01-01T00:00:00Z
2026-09-14 12:06:53,278 INFO [838/1126] PromptAction
2026-09-14 12:06:54,017 INFO querying PromptAction incrementally since 2000-01-01T00:00:00Z
2026-09-14 12:06:54,778 INFO [839/1126] PromptActionShare
2026-09-14 12:06:55,654 INFO querying PromptActionShare incrementally since 2026-09-14T05:53:14.000+0000
2026-09-14 12:06:56,316 INFO [840/1126] PromptError
2026-09-14 12:06:57,041 INFO querying PromptError incrementally since 2000-01-01T00:00:00Z
2026-09-14 12:06:58,307 INFO [841/1126] PromptErrorShare
2026-09-14 12:06:59,007 INFO querying PromptErrorShare incrementally since 2000-01-01T00:00:00Z
2026-09-14 12:06:59,663 INFO [842/1126] PromptLocalization
2026-09-14 12:07:00,352 INFO querying PromptLocalization incrementally since 2000-01-01T00:00:00Z
2026-09-14 12:07:01,137 INFO [843/1126] PromptVersion
2026-09-14 12:07:02,529 INFO querying PromptVersion incrementally since 2000-01-01T00:00:00Z
2026-09-14 12:07:03,205 INFO [844/1126] PromptVersionLocalization
2026-09-14 12:07:03,884 INFO querying PromptVersionLocalization incrementally since 2000-01-01T00:00:00Z
2026-09-14 12:07:04,601 INFO [845/1126] Publisher
2026-09-14 12:07:05,197 INFO querying Publisher (full)
2026-09-14 12:07:06,143 INFO [846/1126] PushTopic
2026-09-14 12:07:06,989 INFO querying PushTopic incrementally since 2000-01-01T00:00:00Z
2026-09-14 12:07:07,686 INFO [847/1126] QueueRoutingConfig
2026-09-14 12:07:08,367 INFO querying QueueRoutingConfig incrementally since 2000-01-01T00:00:00Z
2026-09-14 12:07:09,076 INFO [848/1126] QueueSobject
2026-09-14 12:07:09,802 INFO querying QueueSobject (full)
2026-09-14 12:07:10,472 INFO [849/1126] QuickText
2026-09-14 12:07:11,291 INFO querying QuickText incrementally since 2000-01-01T00:00:00Z
2026-09-14 12:07:12,088 INFO [850/1126] QuickTextHistory
2026-09-14 12:07:12,783 INFO querying QuickTextHistory (full)
2026-09-14 12:07:13,460 INFO [851/1126] QuickTextShare
2026-09-14 12:07:14,140 INFO querying QuickTextShare incrementally since 2000-01-01T00:00:00Z
2026-09-14 12:07:14,851 INFO [852/1126] QuickTextUsage
2026-09-14 12:07:15,743 INFO querying QuickTextUsage incrementally since 2000-01-01T00:00:00Z
2026-09-14 12:07:16,533 INFO [853/1126] QuickTextUsageShare
2026-09-14 12:07:17,196 INFO querying QuickTextUsageShare incrementally since 2000-01-01T00:00:00Z
2026-09-14 12:07:17,847 INFO [854/1126] RecentlyViewed
2026-09-14 12:07:18,686 INFO querying RecentlyViewed (full)
2026-09-14 12:07:20,045 INFO [855/1126] Recommendation
2026-09-14 12:07:20,802 INFO querying Recommendation incrementally since 2000-01-01T00:00:00Z
2026-09-14 12:07:22,085 INFO [856/1126] RecommendationResponse
2026-09-14 12:07:23,050 INFO querying RecommendationResponse incrementally since 2000-01-01T00:00:00Z
2026-09-14 12:07:24,425 INFO [857/1126] RecordAction
2026-09-14 12:07:25,541 INFO querying RecordAction incrementally since 2000-01-01T00:00:00Z
2026-09-14 12:07:26,197 INFO [858/1126] RecordActionHistory - skipped (known non-bulk-queryable object)
2026-09-14 12:07:26,197 INFO [859/1126] RecordType
2026-09-14 12:07:27,035 INFO querying RecordType incrementally since 2000-01-01T00:00:00Z
2026-09-14 12:07:27,782 INFO [860/1126] RecordTypeLocalization
2026-09-14 12:07:28,439 INFO querying RecordTypeLocalization incrementally since 2000-01-01T00:00:00Z
2026-09-14 12:07:29,326 INFO [861/1126] RedirectWhitelistUrl
2026-09-14 12:07:29,991 INFO querying RedirectWhitelistUrl incrementally since 2000-01-01T00:00:00Z
2026-09-14 12:07:30,656 INFO [862/1126] Refund
2026-09-14 12:07:31,348 INFO querying Refund incrementally since 2000-01-01T00:00:00Z
2026-09-14 12:07:32,192 INFO [863/1126] RefundLinePayment
2026-09-14 12:07:33,197 INFO querying RefundLinePayment incrementally since 2000-01-01T00:00:00Z
2026-09-14 12:07:33,905 INFO [864/1126] RelatedListColumnDefinition - skipped (known non-bulk-queryable object)
2026-09-14 12:07:33,905 INFO [865/1126] RelatedListDefinition - skipped (known non-bulk-queryable object)
2026-09-14 12:07:33,905 INFO [866/1126] RelationshipDomain - skipped (known non-bulk-queryable object)
2026-09-14 12:07:33,905 INFO [867/1126] RelationshipInfo - skipped (known non-bulk-queryable object)
2026-09-14 12:07:33,905 INFO [868/1126] Report
2026-09-14 12:07:34,894 INFO querying Report incrementally since 2026-09-07T10:20:13.000+0000
2026-09-14 12:07:35,587 INFO [869/1126] ReportAnomalyEventStore
2026-09-14 12:07:36,379 INFO querying ReportAnomalyEventStore incrementally since 2000-01-01T00:00:00Z
2026-09-14 12:07:37,091 INFO [870/1126] ReportAnomalyEventStoreFeed
2026-09-14 12:07:37,803 INFO querying ReportAnomalyEventStoreFeed incrementally since 2000-01-01T00:00:00Z
2026-09-14 12:07:38,457 INFO [871/1126] ReportEvent
2026-09-14 12:07:39,098 INFO querying ReportEvent (full)
2026-09-14 12:07:39,999 INFO [872/1126] ReportFeed
2026-09-14 12:07:40,716 INFO querying ReportFeed incrementally since 2000-01-01T00:00:00Z
2026-09-14 12:07:41,522 INFO [873/1126] ReportLocalization
2026-09-14 12:07:42,185 INFO querying ReportLocalization incrementally since 2000-01-01T00:00:00Z
2026-09-14 12:07:42,931 INFO [874/1126] ResourceAbsence
2026-09-14 12:07:43,786 INFO querying ResourceAbsence incrementally since 2000-01-01T00:00:00Z
2026-09-14 12:07:44,578 INFO [875/1126] ResourceAbsenceFeed
2026-09-14 12:07:45,355 INFO querying ResourceAbsenceFeed incrementally since 2000-01-01T00:00:00Z
2026-09-14 12:07:46,021 INFO [876/1126] ResourceAbsenceHistory
2026-09-14 12:07:46,942 INFO querying ResourceAbsenceHistory (full)
2026-09-14 12:07:47,622 INFO [877/1126] ResourcePreference
2026-09-14 12:07:48,477 INFO querying ResourcePreference incrementally since 2000-01-01T00:00:00Z
2026-09-14 12:07:49,161 INFO [878/1126] ResourcePreferenceFeed
2026-09-14 12:07:49,883 INFO querying ResourcePreferenceFeed incrementally since 2000-01-01T00:00:00Z
2026-09-14 12:07:53,750 INFO [879/1126] ResourcePreferenceHistory
2026-09-14 12:07:54,415 INFO querying ResourcePreferenceHistory (full)
2026-09-14 12:07:55,062 INFO [880/1126] ReturnOrder
2026-09-14 12:07:56,068 INFO querying ReturnOrder incrementally since 2000-01-01T00:00:00Z
2026-09-14 12:07:56,889 INFO [881/1126] ReturnOrderFeed
2026-09-14 12:07:57,656 INFO querying ReturnOrderFeed incrementally since 2000-01-01T00:00:00Z
2026-09-14 12:07:58,374 INFO [882/1126] ReturnOrderHistory
2026-09-14 12:07:59,004 INFO querying ReturnOrderHistory (full)
2026-09-14 12:07:59,849 INFO [883/1126] ReturnOrderItemAdjustment
2026-09-14 12:08:00,558 INFO querying ReturnOrderItemAdjustment incrementally since 2000-01-01T00:00:00Z
2026-09-14 12:08:01,238 INFO [884/1126] ReturnOrderItemTax
2026-09-14 12:08:02,015 INFO querying ReturnOrderItemTax incrementally since 2000-01-01T00:00:00Z
2026-09-14 12:08:02,776 INFO [885/1126] ReturnOrderLineItem
2026-09-14 12:08:03,554 INFO querying ReturnOrderLineItem incrementally since 2000-01-01T00:00:00Z
2026-09-14 12:08:04,345 INFO [886/1126] ReturnOrderLineItemFeed
2026-09-14 12:08:05,138 INFO querying ReturnOrderLineItemFeed incrementally since 2000-01-01T00:00:00Z
2026-09-14 12:08:05,945 INFO [887/1126] ReturnOrderLineItemHistory
2026-09-14 12:08:06,552 INFO querying ReturnOrderLineItemHistory (full)
2026-09-14 12:08:07,320 INFO [888/1126] ReturnOrderShare
2026-09-14 12:08:07,986 INFO querying ReturnOrderShare incrementally since 2000-01-01T00:00:00Z
2026-09-14 12:08:08,647 INFO [889/1126] SPSamlAttributes
2026-09-14 12:08:09,317 INFO querying SPSamlAttributes incrementally since 2000-01-01T00:00:00Z
2026-09-14 12:08:10,226 INFO [890/1126] SalesStore
2026-09-14 12:08:10,874 INFO querying SalesStore (full)
2026-09-14 12:08:11,526 INFO [891/1126] SamlSsoConfig
2026-09-14 12:08:12,207 INFO querying SamlSsoConfig incrementally since 2000-01-01T00:00:00Z
2026-09-14 12:08:12,899 INFO [892/1126] Scontrol
2026-09-14 12:08:13,629 INFO querying Scontrol incrementally since 2000-01-01T00:00:00Z
2026-09-14 12:08:14,339 INFO [893/1126] ScontrolLocalization
2026-09-14 12:08:15,308 INFO querying ScontrolLocalization incrementally since 2000-01-01T00:00:00Z
2026-09-14 12:08:15,990 INFO [894/1126] Scorecard
2026-09-14 12:08:16,704 INFO querying Scorecard incrementally since 2000-01-01T00:00:00Z
2026-09-14 12:08:17,382 INFO [895/1126] ScorecardAssociation
2026-09-14 12:08:18,120 INFO querying ScorecardAssociation incrementally since 2000-01-01T00:00:00Z
2026-09-14 12:08:18,780 INFO [896/1126] ScorecardMetric
2026-09-14 12:08:19,564 INFO querying ScorecardMetric incrementally since 2000-01-01T00:00:00Z
2026-09-14 12:08:20,209 INFO [897/1126] ScorecardShare
2026-09-14 12:08:20,991 INFO querying ScorecardShare incrementally since 2000-01-01T00:00:00Z
2026-09-14 12:08:21,667 INFO [898/1126] SearchLayout - skipped (known non-bulk-queryable object)
2026-09-14 12:08:21,667 INFO [899/1126] SearchPromotionRule
2026-09-14 12:08:22,378 INFO querying SearchPromotionRule incrementally since 2000-01-01T00:00:00Z
2026-09-14 12:08:23,093 INFO [900/1126] SecurityCustomBaseline
2026-09-14 12:08:23,738 INFO querying SecurityCustomBaseline incrementally since 2000-01-01T00:00:00Z
2026-09-14 12:08:24,414 INFO [901/1126] Seller
2026-09-14 12:08:25,195 INFO querying Seller incrementally since 2000-01-01T00:00:00Z
2026-09-14 12:08:25,920 INFO [902/1126] SellerHistory
2026-09-14 12:08:26,652 INFO querying SellerHistory (full)
2026-09-14 12:08:27,405 INFO [903/1126] SellerShare
2026-09-14 12:08:28,056 INFO querying SellerShare incrementally since 2000-01-01T00:00:00Z
2026-09-14 12:08:28,735 INFO [904/1126] ServiceAppointment
2026-09-14 12:08:29,737 INFO querying ServiceAppointment incrementally since 2000-01-01T00:00:00Z
2026-09-14 12:08:30,468 INFO [905/1126] ServiceAppointmentFeed
2026-09-14 12:08:31,289 INFO querying ServiceAppointmentFeed incrementally since 2000-01-01T00:00:00Z
2026-09-14 12:08:31,994 INFO [906/1126] ServiceAppointmentHistory
2026-09-14 12:08:32,652 INFO querying ServiceAppointmentHistory (full)
2026-09-14 12:08:33,312 INFO [907/1126] ServiceAppointmentShare
2026-09-14 12:08:33,991 INFO querying ServiceAppointmentShare incrementally since 2000-01-01T00:00:00Z
2026-09-14 12:08:34,639 INFO [908/1126] ServiceAppointmentStatus
2026-09-14 12:08:35,335 INFO querying ServiceAppointmentStatus incrementally since 2026-09-07T09:43:33.000+0000
2026-09-14 12:08:36,258 INFO [909/1126] ServiceChannel
2026-09-14 12:08:36,889 INFO querying ServiceChannel incrementally since 2026-09-07T09:43:33.000+0000
2026-09-14 12:08:37,622 INFO [910/1126] ServiceChannelStatus
2026-09-14 12:08:38,308 INFO querying ServiceChannelStatus incrementally since 2000-01-01T00:00:00Z
2026-09-14 12:08:38,960 INFO [911/1126] ServiceContract
2026-09-14 12:08:40,175 INFO querying ServiceContract incrementally since 2000-01-01T00:00:00Z
2026-09-14 12:08:40,846 INFO [912/1126] ServiceContractFeed
2026-09-14 12:08:42,875 INFO querying ServiceContractFeed incrementally since 2000-01-01T00:00:00Z
2026-09-14 12:08:43,566 INFO [913/1126] ServiceContractHistory
2026-09-14 12:08:44,171 INFO querying ServiceContractHistory (full)
2026-09-14 12:08:44,815 INFO [914/1126] ServiceContractShare
2026-09-14 12:08:45,523 INFO querying ServiceContractShare incrementally since 2000-01-01T00:00:00Z
2026-09-14 12:08:46,285 INFO [915/1126] ServicePresenceStatus
2026-09-14 12:08:46,950 INFO querying ServicePresenceStatus incrementally since 2000-01-01T00:00:00Z
2026-09-14 12:08:47,657 INFO [916/1126] ServiceResource
2026-09-14 12:08:48,420 INFO querying ServiceResource incrementally since 2000-01-01T00:00:00Z
2026-09-14 12:08:49,084 INFO [917/1126] ServiceResourceFeed
2026-09-14 12:08:49,808 INFO querying ServiceResourceFeed incrementally since 2000-01-01T00:00:00Z
2026-09-14 12:08:50,488 INFO [918/1126] ServiceResourceHistory
2026-09-14 12:08:51,251 INFO querying ServiceResourceHistory (full)
2026-09-14 12:08:52,191 INFO [919/1126] ServiceResourceShare
2026-09-14 12:08:52,868 INFO querying ServiceResourceShare incrementally since 2000-01-01T00:00:00Z
2026-09-14 12:08:53,529 INFO [920/1126] ServiceResourceSkill
2026-09-14 12:08:54,357 INFO querying ServiceResourceSkill incrementally since 2000-01-01T00:00:00Z
2026-09-14 12:08:55,003 INFO [921/1126] ServiceResourceSkillFeed
2026-09-14 12:08:55,857 INFO querying ServiceResourceSkillFeed incrementally since 2000-01-01T00:00:00Z
2026-09-14 12:08:56,700 INFO [922/1126] ServiceResourceSkillHistory
2026-09-14 12:08:57,349 INFO querying ServiceResourceSkillHistory (full)
2026-09-14 12:08:58,022 INFO [923/1126] ServiceSetupProvisioning
2026-09-14 12:08:58,738 INFO querying ServiceSetupProvisioning incrementally since 2026-09-07T09:43:33.000+0000
2026-09-14 12:08:59,433 INFO [924/1126] ServiceTerritory
2026-09-14 12:09:00,484 INFO querying ServiceTerritory incrementally since 2000-01-01T00:00:00Z
2026-09-14 12:09:01,132 INFO [925/1126] ServiceTerritoryFeed
2026-09-14 12:09:01,828 INFO querying ServiceTerritoryFeed incrementally since 2000-01-01T00:00:00Z
2026-09-14 12:09:02,539 INFO [926/1126] ServiceTerritoryHistory
2026-09-14 12:09:03,151 INFO querying ServiceTerritoryHistory (full)
2026-09-14 12:09:03,884 INFO [927/1126] ServiceTerritoryMember
2026-09-14 12:09:05,126 INFO querying ServiceTerritoryMember incrementally since 2000-01-01T00:00:00Z
2026-09-14 12:09:05,837 INFO [928/1126] ServiceTerritoryMemberFeed
2026-09-14 12:09:06,554 INFO querying ServiceTerritoryMemberFeed incrementally since 2000-01-01T00:00:00Z
2026-09-14 12:09:07,245 INFO [929/1126] ServiceTerritoryMemberHistory
2026-09-14 12:09:07,854 INFO querying ServiceTerritoryMemberHistory (full)
2026-09-14 12:09:08,692 INFO [930/1126] ServiceTerritoryShare
2026-09-14 12:09:09,430 INFO querying ServiceTerritoryShare incrementally since 2000-01-01T00:00:00Z
2026-09-14 12:09:10,264 INFO [931/1126] ServiceTerritoryWorkType
2026-09-14 12:09:11,045 INFO querying ServiceTerritoryWorkType incrementally since 2000-01-01T00:00:00Z
2026-09-14 12:09:11,720 INFO [932/1126] ServiceTerritoryWorkTypeFeed
2026-09-14 12:09:12,487 INFO querying ServiceTerritoryWorkTypeFeed incrementally since 2000-01-01T00:00:00Z
2026-09-14 12:09:13,147 INFO [933/1126] ServiceTerritoryWorkTypeHistory
2026-09-14 12:09:13,748 INFO querying ServiceTerritoryWorkTypeHistory (full)
2026-09-14 12:09:14,511 INFO [934/1126] SessionHijackingEventStore
2026-09-14 12:09:15,336 INFO querying SessionHijackingEventStore incrementally since 2000-01-01T00:00:00Z
2026-09-14 12:09:16,048 INFO [935/1126] SessionHijackingEventStoreFeed
2026-09-14 12:09:17,340 INFO querying SessionHijackingEventStoreFeed incrementally since 2000-01-01T00:00:00Z
2026-09-14 12:09:18,017 INFO [936/1126] SessionPermSetActivation
2026-09-14 12:09:18,874 INFO querying SessionPermSetActivation incrementally since 2000-01-01T00:00:00Z
2026-09-14 12:09:19,570 INFO [937/1126] SetupAssistantStep
2026-09-14 12:09:20,284 INFO querying SetupAssistantStep incrementally since 2000-01-01T00:00:00Z
2026-09-14 12:09:21,074 INFO [938/1126] SetupAuditTrail
2026-09-14 12:09:21,656 INFO querying SetupAuditTrail (full)
2026-09-14 12:09:22,765 INFO [939/1126] SetupEntityAccess
2026-09-14 12:09:23,374 INFO querying SetupEntityAccess (full)
2026-09-14 12:09:25,200 INFO [940/1126] Shift
2026-09-14 12:09:25,975 INFO querying Shift incrementally since 2000-01-01T00:00:00Z
2026-09-14 12:09:26,676 INFO [941/1126] ShiftEngagementChannel
2026-09-14 12:09:27,421 INFO querying ShiftEngagementChannel incrementally since 2000-01-01T00:00:00Z
2026-09-14 12:09:28,092 INFO [942/1126] ShiftEngagementChannelFeed
2026-09-14 12:09:28,873 INFO querying ShiftEngagementChannelFeed incrementally since 2000-01-01T00:00:00Z
2026-09-14 12:09:29,647 INFO [943/1126] ShiftEngagementChannelHistory
2026-09-14 12:09:30,457 INFO querying ShiftEngagementChannelHistory (full)
2026-09-14 12:09:31,147 INFO [944/1126] ShiftFeed
2026-09-14 12:09:31,879 INFO querying ShiftFeed incrementally since 2000-01-01T00:00:00Z
2026-09-14 12:09:32,544 INFO [945/1126] ShiftHistory
2026-09-14 12:09:33,141 INFO querying ShiftHistory (full)
2026-09-14 12:09:33,818 INFO [946/1126] ShiftShare
2026-09-14 12:09:34,483 INFO querying ShiftShare incrementally since 2000-01-01T00:00:00Z
2026-09-14 12:09:35,182 INFO [947/1126] ShiftStatus
2026-09-14 12:09:36,068 INFO querying ShiftStatus incrementally since 2026-09-07T09:43:33.000+0000
2026-09-14 12:09:36,814 INFO [948/1126] ShiftWorkTopic
2026-09-14 12:09:37,556 INFO querying ShiftWorkTopic incrementally since 2000-01-01T00:00:00Z
2026-09-14 12:09:38,275 INFO [949/1126] ShiftWorkTopicFeed
2026-09-14 12:09:39,076 INFO querying ShiftWorkTopicFeed incrementally since 2000-01-01T00:00:00Z
2026-09-14 12:09:39,820 INFO [950/1126] ShiftWorkTopicHistory
2026-09-14 12:09:40,585 INFO querying ShiftWorkTopicHistory (full)
2026-09-14 12:09:41,244 INFO [951/1126] Shipment
2026-09-14 12:09:42,022 INFO querying Shipment incrementally since 2000-01-01T00:00:00Z
2026-09-14 12:09:42,700 INFO [952/1126] ShipmentFeed
2026-09-14 12:09:43,533 INFO querying ShipmentFeed incrementally since 2000-01-01T00:00:00Z
2026-09-14 12:09:44,237 INFO [953/1126] ShipmentHistory
2026-09-14 12:09:44,834 INFO querying ShipmentHistory (full)
2026-09-14 12:09:45,481 INFO [954/1126] ShipmentItem
2026-09-14 12:09:46,310 INFO querying ShipmentItem incrementally since 2000-01-01T00:00:00Z
2026-09-14 12:09:47,000 INFO [955/1126] ShipmentItemFeed
2026-09-14 12:09:47,745 INFO querying ShipmentItemFeed incrementally since 2000-01-01T00:00:00Z
2026-09-14 12:09:48,461 INFO [956/1126] ShipmentItemHistory
2026-09-14 12:09:49,096 INFO querying ShipmentItemHistory (full)
2026-09-14 12:09:49,751 INFO [957/1126] ShipmentShare
2026-09-14 12:09:50,579 INFO querying ShipmentShare incrementally since 2000-01-01T00:00:00Z
2026-09-14 12:09:51,773 INFO [958/1126] ShippingConfigurationSet
2026-09-14 12:09:53,119 INFO querying ShippingConfigurationSet incrementally since 2000-01-01T00:00:00Z
2026-09-14 12:09:53,828 INFO [959/1126] ShippingConfigurationSetShare
2026-09-14 12:09:54,504 INFO querying ShippingConfigurationSetShare incrementally since 2000-01-01T00:00:00Z
2026-09-14 12:09:55,218 INFO [960/1126] ShippingRateArea
2026-09-14 12:09:56,026 INFO querying ShippingRateArea incrementally since 2000-01-01T00:00:00Z
2026-09-14 12:09:56,675 INFO [961/1126] ShippingRateGroup
2026-09-14 12:09:57,360 INFO querying ShippingRateGroup incrementally since 2000-01-01T00:00:00Z
2026-09-14 12:09:58,050 INFO [962/1126] Site
2026-09-14 12:09:58,825 INFO querying Site incrementally since 2000-01-01T00:00:00Z
2026-09-14 12:09:59,518 INFO [963/1126] SiteDetail - skipped (known non-bulk-queryable object)
2026-09-14 12:09:59,518 INFO [964/1126] SiteFeed
2026-09-14 12:10:00,594 INFO querying SiteFeed incrementally since 2000-01-01T00:00:00Z
2026-09-14 12:10:01,271 INFO [965/1126] SiteHistory
2026-09-14 12:10:01,881 INFO querying SiteHistory (full)
2026-09-14 12:10:02,693 INFO [966/1126] SiteIframeWhiteListUrl
2026-09-14 12:10:03,401 INFO querying SiteIframeWhiteListUrl incrementally since 2000-01-01T00:00:00Z
2026-09-14 12:10:04,080 INFO [967/1126] SiteRedirectMapping
2026-09-14 12:10:04,788 INFO querying SiteRedirectMapping incrementally since 2000-01-01T00:00:00Z
2026-09-14 12:10:05,425 INFO [968/1126] Skill
2026-09-14 12:10:06,168 INFO querying Skill incrementally since 2000-01-01T00:00:00Z
2026-09-14 12:10:06,862 INFO [969/1126] SkillRequirement
2026-09-14 12:10:07,582 INFO querying SkillRequirement incrementally since 2000-01-01T00:00:00Z
2026-09-14 12:10:08,263 INFO [970/1126] SkillRequirementFeed
2026-09-14 12:10:09,022 INFO querying SkillRequirementFeed incrementally since 2000-01-01T00:00:00Z
2026-09-14 12:10:09,695 INFO [971/1126] SkillRequirementHistory
2026-09-14 12:10:10,325 INFO querying SkillRequirementHistory (full)
2026-09-14 12:10:10,956 INFO [972/1126] SkillType
2026-09-14 12:10:11,651 INFO querying SkillType incrementally since 2000-01-01T00:00:00Z
2026-09-14 12:10:12,332 INFO [973/1126] SlaProcess
2026-09-14 12:10:13,101 INFO querying SlaProcess incrementally since 2026-09-07T09:43:33.000+0000
2026-09-14 12:10:13,806 INFO [974/1126] Solution
2026-09-14 12:10:14,593 INFO querying Solution incrementally since 2026-09-07T09:43:33.000+0000
2026-09-14 12:10:15,392 INFO [975/1126] SolutionFeed
2026-09-14 12:10:16,083 INFO querying SolutionFeed incrementally since 2000-01-01T00:00:00Z
2026-09-14 12:10:17,007 INFO [976/1126] SolutionHistory
2026-09-14 12:10:17,621 INFO querying SolutionHistory (full)
2026-09-14 12:10:18,300 INFO [977/1126] SolutionStatus
2026-09-14 12:10:19,097 INFO querying SolutionStatus incrementally since 2026-09-07T09:43:33.000+0000
2026-09-14 12:10:19,724 INFO [978/1126] Stamp
2026-09-14 12:10:20,400 INFO querying Stamp incrementally since 2000-01-01T00:00:00Z
2026-09-14 12:10:21,811 INFO [979/1126] StampAssignment
2026-09-14 12:10:22,456 INFO querying StampAssignment incrementally since 2000-01-01T00:00:00Z
2026-09-14 12:10:23,160 INFO [980/1126] StampLocalization
2026-09-14 12:10:23,978 INFO querying StampLocalization incrementally since 2000-01-01T00:00:00Z
2026-09-14 12:10:24,656 INFO [981/1126] StandardShippingRate
2026-09-14 12:10:25,401 INFO querying StandardShippingRate incrementally since 2000-01-01T00:00:00Z
2026-09-14 12:10:26,107 INFO [982/1126] StaticResource
2026-09-14 12:10:26,756 INFO querying StaticResource incrementally since 2000-01-01T00:00:00Z
2026-09-14 12:10:27,452 INFO [983/1126] StreamingChannel
2026-09-14 12:10:28,216 INFO querying StreamingChannel incrementally since 2000-01-01T00:00:00Z
2026-09-14 12:10:28,956 INFO [984/1126] StreamingChannelShare
2026-09-14 12:10:29,664 INFO querying StreamingChannelShare incrementally since 2000-01-01T00:00:00Z
2026-09-14 12:10:30,318 INFO [985/1126] TabDefinition
2026-09-14 12:10:30,963 INFO querying TabDefinition (full)
2026-09-14 12:10:32,140 INFO [986/1126] TableauHostMapping
2026-09-14 12:10:32,823 INFO querying TableauHostMapping incrementally since 2000-01-01T00:00:00Z
2026-09-14 12:10:33,504 INFO [987/1126] TableauHostMappingShare
2026-09-14 12:10:34,165 INFO querying TableauHostMappingShare incrementally since 2000-01-01T00:00:00Z
2026-09-14 12:10:34,829 INFO [988/1126] Task
2026-09-14 12:10:35,845 INFO querying Task incrementally since 2000-01-01T00:00:00Z
2026-09-14 12:10:36,690 INFO [989/1126] TaskFeed
2026-09-14 12:10:37,498 INFO querying TaskFeed incrementally since 2000-01-01T00:00:00Z
2026-09-14 12:10:38,195 INFO [990/1126] TaskPriority
2026-09-14 12:10:39,002 INFO querying TaskPriority incrementally since 2026-09-07T09:43:33.000+0000
2026-09-14 12:10:39,680 INFO [991/1126] TaskStatus
2026-09-14 12:10:40,394 INFO querying TaskStatus incrementally since 2026-09-07T09:43:33.000+0000
2026-09-14 12:10:41,136 INFO [992/1126] TenantUsageEntitlement
2026-09-14 12:10:41,815 INFO querying TenantUsageEntitlement incrementally since 2026-09-07T09:51:04.000+0000
2026-09-14 12:10:42,562 INFO [993/1126] TestSuiteMembership
2026-09-14 12:10:44,149 INFO querying TestSuiteMembership incrementally since 2000-01-01T00:00:00Z
2026-09-14 12:10:44,807 INFO [994/1126] ThirdPartyAccountLink
2026-09-14 12:10:45,438 INFO querying ThirdPartyAccountLink (full)
2026-09-14 12:10:46,126 INFO [995/1126] ThreatDetectionFeedback
2026-09-14 12:10:46,877 INFO querying ThreatDetectionFeedback incrementally since 2000-01-01T00:00:00Z
2026-09-14 12:10:47,627 INFO [996/1126] ThreatDetectionFeedbackFeed
2026-09-14 12:10:48,463 INFO querying ThreatDetectionFeedbackFeed incrementally since 2000-01-01T00:00:00Z
2026-09-14 12:10:49,079 INFO [997/1126] TimeSlot
2026-09-14 12:10:49,805 INFO querying TimeSlot incrementally since 2000-01-01T00:00:00Z
2026-09-14 12:10:50,487 INFO [998/1126] TodayGoal
2026-09-14 12:10:51,277 INFO querying TodayGoal incrementally since 2000-01-01T00:00:00Z
2026-09-14 12:10:52,008 INFO [999/1126] TodayGoalShare
2026-09-14 12:10:52,684 INFO querying TodayGoalShare incrementally since 2000-01-01T00:00:00Z
2026-09-14 12:10:53,411 INFO [1000/1126] Topic
2026-09-14 12:10:54,901 INFO querying Topic (full)
2026-09-14 12:10:55,531 INFO [1001/1126] TopicAssignment
2026-09-14 12:10:56,315 INFO querying TopicAssignment (full)
2026-09-14 12:10:57,067 INFO [1002/1126] TopicFeed
2026-09-14 12:10:57,815 INFO querying TopicFeed incrementally since 2000-01-01T00:00:00Z
2026-09-14 12:10:58,498 INFO [1003/1126] TopicLocalization
2026-09-14 12:10:59,333 INFO querying TopicLocalization incrementally since 2000-01-01T00:00:00Z
2026-09-14 12:11:00,093 INFO [1004/1126] TopicUserEvent
2026-09-14 12:11:00,725 INFO querying TopicUserEvent (full)
2026-09-14 12:11:01,404 INFO [1005/1126] TransactionSecurityPolicy
2026-09-14 12:11:02,099 INFO querying TransactionSecurityPolicy incrementally since 2026-09-07T12:05:48.000+0000
2026-09-14 12:11:02,812 INFO [1006/1126] Translation
2026-09-14 12:11:03,553 INFO querying Translation incrementally since 2026-09-07T09:43:33.000+0000
2026-09-14 12:11:04,203 INFO [1007/1126] UiFormulaCriterion
2026-09-14 12:11:04,880 INFO querying UiFormulaCriterion incrementally since 2026-09-07T09:50:21.000+0000
2026-09-14 12:11:05,624 INFO [1008/1126] UiFormulaRule
2026-09-14 12:11:06,560 INFO querying UiFormulaRule incrementally since 2026-09-07T09:50:21.000+0000
2026-09-14 12:11:07,276 INFO [1009/1126] UndecidedEventRelation
2026-09-14 12:11:07,954 INFO querying UndecidedEventRelation incrementally since 2000-01-01T00:00:00Z
2026-09-14 12:11:08,697 INFO [1010/1126] UriEvent
2026-09-14 12:11:09,313 INFO querying UriEvent (full)
2026-09-14 12:11:10,397 INFO [1011/1126] User
2026-09-14 12:11:12,272 INFO querying User incrementally since 2026-09-14T06:23:35.000+0000
2026-09-14 12:11:12,999 INFO [1012/1126] UserAppInfo
2026-09-14 12:11:13,810 INFO querying UserAppInfo incrementally since 2026-09-14T06:23:35.000+0000
2026-09-14 12:11:14,439 INFO [1013/1126] UserAppMenuCustomization
2026-09-14 12:11:15,195 INFO querying UserAppMenuCustomization incrementally since 2000-01-01T00:00:00Z
2026-09-14 12:11:15,817 INFO [1014/1126] UserAppMenuCustomizationShare
2026-09-14 12:11:16,510 INFO querying UserAppMenuCustomizationShare incrementally since 2000-01-01T00:00:00Z
2026-09-14 12:11:17,189 INFO [1015/1126] UserAppMenuItem
2026-09-14 12:11:17,803 INFO querying UserAppMenuItem (full)
2026-09-14 12:11:19,068 INFO [1016/1126] UserDefinedLabel
2026-09-14 12:11:19,841 INFO querying UserDefinedLabel incrementally since 2000-01-01T00:00:00Z
2026-09-14 12:11:20,589 INFO [1017/1126] UserDefinedLabelAssignment
2026-09-14 12:11:22,364 INFO querying UserDefinedLabelAssignment incrementally since 2000-01-01T00:00:00Z
2026-09-14 12:11:23,028 INFO [1018/1126] UserDefinedLabelAssignmentShare
2026-09-14 12:11:23,828 INFO querying UserDefinedLabelAssignmentShare incrementally since 2000-01-01T00:00:00Z
2026-09-14 12:11:24,499 INFO [1019/1126] UserDefinedLabelShare
2026-09-14 12:11:26,115 INFO querying UserDefinedLabelShare incrementally since 2000-01-01T00:00:00Z
2026-09-14 12:11:26,747 INFO [1020/1126] UserEmailPreferredPerson
2026-09-14 12:11:27,524 INFO querying UserEmailPreferredPerson incrementally since 2000-01-01T00:00:00Z
2026-09-14 12:11:29,063 INFO [1021/1126] UserEmailPreferredPersonShare
2026-09-14 12:11:29,803 INFO querying UserEmailPreferredPersonShare incrementally since 2000-01-01T00:00:00Z
2026-09-14 12:11:30,564 INFO [1022/1126] UserEntityAccess - skipped (known non-bulk-queryable object)
2026-09-14 12:11:30,564 INFO [1023/1126] UserFeed
2026-09-14 12:11:31,468 INFO querying UserFeed incrementally since 2000-01-01T00:00:00Z
2026-09-14 12:11:32,367 INFO [1024/1126] UserFieldAccess - skipped (known non-bulk-queryable object)
2026-09-14 12:11:32,369 INFO [1025/1126] UserLicense
2026-09-14 12:11:33,084 INFO querying UserLicense incrementally since 2026-09-07T09:50:37.000+0000
2026-09-14 12:11:33,793 INFO [1026/1126] UserListView
2026-09-14 12:11:34,547 INFO querying UserListView incrementally since 2000-01-01T00:00:00Z
2026-09-14 12:11:35,190 INFO [1027/1126] UserListViewCriterion
2026-09-14 12:11:35,852 INFO querying UserListViewCriterion incrementally since 2000-01-01T00:00:00Z
2026-09-14 12:11:36,552 INFO [1028/1126] UserLogin
2026-09-14 12:11:38,073 INFO querying UserLogin incrementally since 2026-09-14T05:36:52.000+0000
2026-09-14 12:11:38,751 INFO [1029/1126] UserPackageLicense
2026-09-14 12:11:39,432 INFO querying UserPackageLicense incrementally since 2000-01-01T00:00:00Z
2026-09-14 12:11:40,107 INFO [1030/1126] UserPermissionAccess
2026-09-14 12:11:40,963 INFO querying UserPermissionAccess (full)
2026-09-14 12:11:42,078 INFO [1031/1126] UserPreference
2026-09-14 12:11:42,760 INFO querying UserPreference (full)
2026-09-14 12:11:43,425 INFO [1032/1126] UserPrioritizedRecord
2026-09-14 12:11:44,178 INFO querying UserPrioritizedRecord incrementally since 2000-01-01T00:00:00Z
2026-09-14 12:11:44,878 INFO [1033/1126] UserPrioritizedRecordShare
2026-09-14 12:11:45,656 INFO querying UserPrioritizedRecordShare incrementally since 2000-01-01T00:00:00Z
2026-09-14 12:11:46,350 INFO [1034/1126] UserProvAccount
2026-09-14 12:11:47,014 INFO querying UserProvAccount incrementally since 2000-01-01T00:00:00Z
2026-09-14 12:11:47,703 INFO [1035/1126] UserProvAccountStaging
2026-09-14 12:11:48,437 INFO querying UserProvAccountStaging incrementally since 2000-01-01T00:00:00Z
2026-09-14 12:11:49,099 INFO [1036/1126] UserProvMockTarget
2026-09-14 12:11:49,846 INFO querying UserProvMockTarget incrementally since 2000-01-01T00:00:00Z
2026-09-14 12:11:50,556 INFO [1037/1126] UserProvisioningConfig
2026-09-14 12:11:51,383 INFO querying UserProvisioningConfig incrementally since 2000-01-01T00:00:00Z
2026-09-14 12:11:52,157 INFO [1038/1126] UserProvisioningLog
2026-09-14 12:11:52,913 INFO querying UserProvisioningLog incrementally since 2000-01-01T00:00:00Z
2026-09-14 12:11:53,614 INFO [1039/1126] UserProvisioningRequest
2026-09-14 12:11:54,338 INFO querying UserProvisioningRequest incrementally since 2000-01-01T00:00:00Z
2026-09-14 12:11:55,003 INFO [1040/1126] UserProvisioningRequestShare
2026-09-14 12:11:55,653 INFO querying UserProvisioningRequestShare incrementally since 2000-01-01T00:00:00Z
2026-09-14 12:11:56,362 INFO [1041/1126] UserRecordAccess - skipped (known non-bulk-queryable object)
2026-09-14 12:11:56,362 INFO [1042/1126] UserRole
2026-09-14 12:11:57,009 INFO querying UserRole incrementally since 2026-09-07T09:43:33.000+0000
2026-09-14 12:11:57,658 INFO [1043/1126] UserServicePresence
2026-09-14 12:11:58,673 INFO querying UserServicePresence incrementally since 2000-01-01T00:00:00Z
2026-09-14 12:11:59,325 INFO [1044/1126] UserServicePresenceShare
2026-09-14 12:11:59,985 INFO querying UserServicePresenceShare incrementally since 2000-01-01T00:00:00Z
2026-09-14 12:12:00,712 INFO [1045/1126] UserSetupEntityAccess
2026-09-14 12:12:01,362 INFO querying UserSetupEntityAccess (full)
2026-09-14 12:12:02,014 INFO [1046/1126] UserShare
2026-09-14 12:12:02,845 INFO querying UserShare incrementally since 2000-01-01T00:00:00Z
2026-09-14 12:12:03,626 INFO [1047/1126] VendorCallCenterStatusMap
2026-09-14 12:12:04,494 INFO querying VendorCallCenterStatusMap incrementally since 2000-01-01T00:00:00Z
2026-09-14 12:12:05,198 INFO [1048/1126] VerificationHistory
2026-09-14 12:12:05,888 INFO querying VerificationHistory incrementally since 2026-09-11T18:37:38.000+0000
2026-09-14 12:12:06,600 INFO [1049/1126] VisualforceAccessMetrics
2026-09-14 12:12:07,266 INFO querying VisualforceAccessMetrics (full)
2026-09-14 12:12:07,928 INFO [1050/1126] VoiceCall
2026-09-14 12:12:08,713 INFO querying VoiceCall incrementally since 2000-01-01T00:00:00Z
2026-09-14 12:12:09,392 INFO [1051/1126] VoiceCallFeed
2026-09-14 12:12:10,109 INFO querying VoiceCallFeed incrementally since 2000-01-01T00:00:00Z
2026-09-14 12:12:10,788 INFO [1052/1126] VoiceCallMetrics
2026-09-14 12:12:11,505 INFO querying VoiceCallMetrics (full)
2026-09-14 12:12:12,972 INFO [1053/1126] VoiceCallRecording
2026-09-14 12:12:13,704 INFO querying VoiceCallRecording incrementally since 2000-01-01T00:00:00Z
2026-09-14 12:12:14,347 INFO [1054/1126] VoiceCallShare
2026-09-14 12:12:15,090 INFO querying VoiceCallShare incrementally since 2000-01-01T00:00:00Z
2026-09-14 12:12:15,758 INFO [1055/1126] VoiceChnlInteractionEvent
2026-09-14 12:12:16,709 INFO querying VoiceChnlInteractionEvent incrementally since 2000-01-01T00:00:00Z
2026-09-14 12:12:17,485 INFO [1056/1126] VoiceChnlInteractionEventShare
2026-09-14 12:12:18,877 INFO querying VoiceChnlInteractionEventShare incrementally since 2000-01-01T00:00:00Z
2026-09-14 12:12:19,670 INFO [1057/1126] VoiceChnlIntrctnDtlEvent
2026-09-14 12:12:20,427 INFO querying VoiceChnlIntrctnDtlEvent incrementally since 2000-01-01T00:00:00Z
2026-09-14 12:12:21,110 INFO [1058/1126] VoiceVendorInfo
2026-09-14 12:12:21,824 INFO querying VoiceVendorInfo incrementally since 2000-01-01T00:00:00Z
2026-09-14 12:12:22,470 INFO [1059/1126] Vote - skipped (known non-bulk-queryable object)
2026-09-14 12:12:22,470 INFO [1060/1126] Waitlist
2026-09-14 12:12:23,489 INFO querying Waitlist incrementally since 2000-01-01T00:00:00Z
2026-09-14 12:12:24,203 INFO [1061/1126] WaitlistFeed
2026-09-14 12:12:24,973 INFO querying WaitlistFeed incrementally since 2000-01-01T00:00:00Z
2026-09-14 12:12:25,697 INFO [1062/1126] WaitlistHistory
2026-09-14 12:12:26,415 INFO querying WaitlistHistory (full)
2026-09-14 12:12:27,271 INFO [1063/1126] WaitlistParticipant
2026-09-14 12:12:28,034 INFO querying WaitlistParticipant incrementally since 2000-01-01T00:00:00Z
2026-09-14 12:12:28,726 INFO [1064/1126] WaitlistParticipantFeed
2026-09-14 12:12:29,474 INFO querying WaitlistParticipantFeed incrementally since 2000-01-01T00:00:00Z
2026-09-14 12:12:30,167 INFO [1065/1126] WaitlistParticipantHistory
2026-09-14 12:12:31,041 INFO querying WaitlistParticipantHistory (full)
2026-09-14 12:12:31,768 INFO [1066/1126] WaitlistServiceResource
2026-09-14 12:12:32,572 INFO querying WaitlistServiceResource incrementally since 2000-01-01T00:00:00Z
2026-09-14 12:12:34,043 INFO [1067/1126] WaitlistServiceResourceFeed
2026-09-14 12:12:34,842 INFO querying WaitlistServiceResourceFeed incrementally since 2000-01-01T00:00:00Z
2026-09-14 12:12:35,504 INFO [1068/1126] WaitlistServiceResourceHistory
2026-09-14 12:12:36,166 INFO querying WaitlistServiceResourceHistory (full)
2026-09-14 12:12:36,901 INFO [1069/1126] WaitlistShare
2026-09-14 12:12:37,591 INFO querying WaitlistShare incrementally since 2000-01-01T00:00:00Z
2026-09-14 12:12:38,253 INFO [1070/1126] WaitlistWorkType
2026-09-14 12:12:39,161 INFO querying WaitlistWorkType incrementally since 2000-01-01T00:00:00Z
2026-09-14 12:12:39,808 INFO [1071/1126] WaitlistWorkTypeFeed
2026-09-14 12:12:40,567 INFO querying WaitlistWorkTypeFeed incrementally since 2000-01-01T00:00:00Z
2026-09-14 12:12:41,215 INFO [1072/1126] WaitlistWorkTypeHistory
2026-09-14 12:12:41,842 INFO querying WaitlistWorkTypeHistory (full)
2026-09-14 12:12:42,610 INFO [1073/1126] WaveAutoInstallRequest
2026-09-14 12:12:43,367 INFO querying WaveAutoInstallRequest incrementally since 2000-01-01T00:00:00Z
2026-09-14 12:12:44,204 INFO [1074/1126] WaveCompatibilityCheckItem
2026-09-14 12:12:44,951 INFO querying WaveCompatibilityCheckItem incrementally since 2000-01-01T00:00:00Z
2026-09-14 12:12:46,552 INFO [1075/1126] WebCart
2026-09-14 12:12:47,359 INFO querying WebCart incrementally since 2000-01-01T00:00:00Z
2026-09-14 12:12:48,043 INFO [1076/1126] WebCartAdjustmentBasis
2026-09-14 12:12:48,769 INFO querying WebCartAdjustmentBasis incrementally since 2000-01-01T00:00:00Z
2026-09-14 12:12:49,477 INFO [1077/1126] WebCartAdjustmentGroup
2026-09-14 12:12:50,319 INFO querying WebCartAdjustmentGroup incrementally since 2000-01-01T00:00:00Z
2026-09-14 12:12:51,012 INFO [1078/1126] WebCartHistory
2026-09-14 12:12:52,288 INFO querying WebCartHistory (full)
2026-09-14 12:12:52,988 INFO [1079/1126] WebCartShare
2026-09-14 12:12:53,674 INFO querying WebCartShare incrementally since 2000-01-01T00:00:00Z
2026-09-14 12:12:54,446 INFO [1080/1126] WebLink
2026-09-14 12:12:55,930 INFO querying WebLink incrementally since 2026-09-07T09:43:33.000+0000
2026-09-14 12:12:57,441 INFO [1081/1126] WebLinkLocalization
2026-09-14 12:12:58,199 INFO querying WebLinkLocalization incrementally since 2000-01-01T00:00:00Z
2026-09-14 12:12:58,905 INFO [1082/1126] WebStore
2026-09-14 12:12:59,619 INFO querying WebStore incrementally since 2000-01-01T00:00:00Z
2026-09-14 12:13:00,317 INFO [1083/1126] WebStoreBuyerGroup
2026-09-14 12:13:01,025 INFO querying WebStoreBuyerGroup incrementally since 2000-01-01T00:00:00Z
2026-09-14 12:13:01,674 INFO [1084/1126] WebStoreCatalog
2026-09-14 12:13:02,387 INFO querying WebStoreCatalog incrementally since 2000-01-01T00:00:00Z
2026-09-14 12:13:03,033 INFO [1085/1126] WebStoreCatalogHistory
2026-09-14 12:13:03,663 INFO querying WebStoreCatalogHistory (full)
2026-09-14 12:13:04,618 INFO [1086/1126] WebStoreInventorySource
2026-09-14 12:13:05,409 INFO querying WebStoreInventorySource incrementally since 2000-01-01T00:00:00Z
2026-09-14 12:13:06,092 INFO [1087/1126] WebStoreShare
2026-09-14 12:13:06,800 INFO querying WebStoreShare incrementally since 2000-01-01T00:00:00Z
2026-09-14 12:13:07,479 INFO [1088/1126] WorkOrder
2026-09-14 12:13:08,496 INFO querying WorkOrder incrementally since 2000-01-01T00:00:00Z
2026-09-14 12:13:09,177 INFO [1089/1126] WorkOrderFeed
2026-09-14 12:13:09,940 INFO querying WorkOrderFeed incrementally since 2000-01-01T00:00:00Z
2026-09-14 12:13:10,682 INFO [1090/1126] WorkOrderHistory
2026-09-14 12:13:11,330 INFO querying WorkOrderHistory (full)
2026-09-14 12:13:11,979 INFO [1091/1126] WorkOrderLineItem
2026-09-14 12:13:13,099 INFO querying WorkOrderLineItem incrementally since 2000-01-01T00:00:00Z
2026-09-14 12:13:13,772 INFO [1092/1126] WorkOrderLineItemFeed
2026-09-14 12:13:14,528 INFO querying WorkOrderLineItemFeed incrementally since 2000-01-01T00:00:00Z
2026-09-14 12:13:15,398 INFO [1093/1126] WorkOrderLineItemHistory
2026-09-14 12:13:16,052 INFO querying WorkOrderLineItemHistory (full)
2026-09-14 12:13:16,735 INFO [1094/1126] WorkOrderLineItemStatus
2026-09-14 12:13:17,522 INFO querying WorkOrderLineItemStatus incrementally since 2026-09-07T09:43:33.000+0000
2026-09-14 12:13:18,204 INFO [1095/1126] WorkOrderShare
2026-09-14 12:13:18,853 INFO querying WorkOrderShare incrementally since 2000-01-01T00:00:00Z
2026-09-14 12:13:19,512 INFO [1096/1126] WorkOrderStatus
2026-09-14 12:13:20,193 INFO querying WorkOrderStatus incrementally since 2026-09-07T09:43:33.000+0000
2026-09-14 12:13:20,870 INFO [1097/1126] WorkPlan
2026-09-14 12:13:21,756 INFO querying WorkPlan incrementally since 2000-01-01T00:00:00Z
2026-09-14 12:13:22,494 INFO [1098/1126] WorkPlanFeed
2026-09-14 12:13:23,215 INFO querying WorkPlanFeed incrementally since 2000-01-01T00:00:00Z
2026-09-14 12:13:23,880 INFO [1099/1126] WorkPlanHistory
2026-09-14 12:13:24,545 INFO querying WorkPlanHistory (full)
2026-09-14 12:13:25,193 INFO [1100/1126] WorkPlanShare
2026-09-14 12:13:25,903 INFO querying WorkPlanShare incrementally since 2000-01-01T00:00:00Z
2026-09-14 12:13:26,565 INFO [1101/1126] WorkPlanTemplate
2026-09-14 12:13:27,518 INFO querying WorkPlanTemplate incrementally since 2000-01-01T00:00:00Z
2026-09-14 12:13:28,200 INFO [1102/1126] WorkPlanTemplateEntry
2026-09-14 12:13:28,992 INFO querying WorkPlanTemplateEntry incrementally since 2000-01-01T00:00:00Z
2026-09-14 12:13:29,654 INFO [1103/1126] WorkPlanTemplateEntryFeed
2026-09-14 12:13:30,384 INFO querying WorkPlanTemplateEntryFeed incrementally since 2000-01-01T00:00:00Z
2026-09-14 12:13:31,016 INFO [1104/1126] WorkPlanTemplateEntryHistory
2026-09-14 12:13:31,645 INFO querying WorkPlanTemplateEntryHistory (full)
2026-09-14 12:13:32,306 INFO [1105/1126] WorkPlanTemplateFeed
2026-09-14 12:13:33,080 INFO querying WorkPlanTemplateFeed incrementally since 2000-01-01T00:00:00Z
2026-09-14 12:13:34,056 INFO [1106/1126] WorkPlanTemplateHistory
2026-09-14 12:13:34,688 INFO querying WorkPlanTemplateHistory (full)
2026-09-14 12:13:35,428 INFO [1107/1126] WorkPlanTemplateShare
2026-09-14 12:13:36,107 INFO querying WorkPlanTemplateShare incrementally since 2000-01-01T00:00:00Z
2026-09-14 12:13:36,856 INFO [1108/1126] WorkStep
2026-09-14 12:13:37,707 INFO querying WorkStep incrementally since 2000-01-01T00:00:00Z
2026-09-14 12:13:38,406 INFO [1109/1126] WorkStepFeed
2026-09-14 12:13:39,229 INFO querying WorkStepFeed incrementally since 2000-01-01T00:00:00Z
2026-09-14 12:13:39,943 INFO [1110/1126] WorkStepHistory
2026-09-14 12:13:40,654 INFO querying WorkStepHistory (full)
2026-09-14 12:13:41,366 INFO [1111/1126] WorkStepStatus
2026-09-14 12:13:42,096 INFO querying WorkStepStatus incrementally since 2026-09-07T09:43:33.000+0000
2026-09-14 12:13:42,868 INFO [1112/1126] WorkStepTemplate
2026-09-14 12:13:43,701 INFO querying WorkStepTemplate incrementally since 2000-01-01T00:00:00Z
2026-09-14 12:13:44,358 INFO [1113/1126] WorkStepTemplateFeed
2026-09-14 12:13:45,083 INFO querying WorkStepTemplateFeed incrementally since 2000-01-01T00:00:00Z
2026-09-14 12:13:45,895 INFO [1114/1126] WorkStepTemplateHistory
2026-09-14 12:13:46,531 INFO querying WorkStepTemplateHistory (full)
2026-09-14 12:13:47,252 INFO [1115/1126] WorkStepTemplateShare
2026-09-14 12:13:47,936 INFO querying WorkStepTemplateShare incrementally since 2000-01-01T00:00:00Z
2026-09-14 12:13:48,659 INFO [1116/1126] WorkType
2026-09-14 12:13:49,403 INFO querying WorkType incrementally since 2000-01-01T00:00:00Z
2026-09-14 12:13:50,166 INFO [1117/1126] WorkTypeFeed
2026-09-14 12:13:50,877 INFO querying WorkTypeFeed incrementally since 2000-01-01T00:00:00Z
2026-09-14 12:13:52,173 INFO [1118/1126] WorkTypeGroup
2026-09-14 12:13:52,944 INFO querying WorkTypeGroup incrementally since 2000-01-01T00:00:00Z
2026-09-14 12:13:53,625 INFO [1119/1126] WorkTypeGroupFeed
2026-09-14 12:13:54,434 INFO querying WorkTypeGroupFeed incrementally since 2000-01-01T00:00:00Z
2026-09-14 12:13:55,188 INFO [1120/1126] WorkTypeGroupHistory
2026-09-14 12:13:55,797 INFO querying WorkTypeGroupHistory (full)
2026-09-14 12:13:56,492 INFO [1121/1126] WorkTypeGroupMember
2026-09-14 12:13:57,312 INFO querying WorkTypeGroupMember incrementally since 2000-01-01T00:00:00Z
2026-09-14 12:13:57,961 INFO [1122/1126] WorkTypeGroupMemberFeed
2026-09-14 12:13:58,672 INFO querying WorkTypeGroupMemberFeed incrementally since 2000-01-01T00:00:00Z
2026-09-14 12:13:59,350 INFO [1123/1126] WorkTypeGroupMemberHistory
2026-09-14 12:13:59,952 INFO querying WorkTypeGroupMemberHistory (full)
2026-09-14 12:14:00,597 INFO [1124/1126] WorkTypeGroupShare
2026-09-14 12:14:01,301 INFO querying WorkTypeGroupShare incrementally since 2000-01-01T00:00:00Z
2026-09-14 12:14:02,180 INFO [1125/1126] WorkTypeHistory
2026-09-14 12:14:02,817 INFO querying WorkTypeHistory (full)
2026-09-14 12:14:03,636 INFO [1126/1126] WorkTypeShare
2026-09-14 12:14:04,317 INFO querying WorkTypeShare incrementally since 2000-01-01T00:00:00Z
2026-09-14 12:14:05,648 INFO Salesforce API budget: 10588/15000 daily requests remaining
2026-09-14 12:14:05,648 INFO 1084 loaded, 42 skipped (known unsupported), 0 failed, out of 1126 discovered
2026-09-14 12:14:05,648 INFO run complete
